id_sentimen,id_tokoh,id_wilayah,platform,raw_text,sentiment_label,keyword_category,url_postingan,created_at,tanggal_mentah,tipe_kemarahan,target_serangan,wilayah
2775,2,,TikTok,kenapa juga naik opsen segala...,Negatif,,,2026-02-25 19:46:39.483484+00:00,23 j yang lalu,Beban Ekonomi,Institusi (Bapenda/Samsat),Solo Raya (AD)
3839,3,,Instagram,"Sekiranya kurang dana potonglah gaji, tunjangan pejabat ,pikiran jadi pejabat buat memperkaya sendiri gini jadi nya .SESUAI APLIKASI YAH MUNDAK SAPKPOLE",Negatif,,,2026-02-25 19:46:39.483484+00:00,"Sekiranya kurang dana potonglah gaji, tunjangan pejabat ,pikiran jadi pejabat buat memperkaya sendiri gini jadi nya .SESUAI APLIKASI YAH MUNDAK SAPKPOLE",Beban Ekonomi,Gubernur,Lainnya/Jateng
1065,1,,TikTok,ojoah. aku kan siap mengayomi dan melayani. sesuai aku kampanye😂😂😂😂😂😂😂😂,Negatif,,,2026-02-25 19:46:39.483484+00:00,1 m yang lalu,Kekecewaan Politik,Gubernur,Lainnya/Jateng
2948,3,,Instagram,Jangan bilang tidak ada kenaikan. FAKTANYA ada kenaikan di PKB dan Opsennya. Jangan ngarang deh kalau klarifikasi,Negatif,,,2026-02-25 19:46:39.483484+00:00,Jangan bilang tidak ada kenaikan. FAKTANYA ada kenaikan di PKB dan Opsennya. Jangan ngarang deh kalau klarifikasi,Beban Ekonomi,Institusi (Bapenda/Samsat),Lainnya/Jateng
3508,3,,Instagram,Intinya ada opsen bikin tambah mahal 😂,Negatif,,,2026-02-25 19:46:39.483484+00:00,Intinya ada opsen bikin tambah mahal 😂,Beban Ekonomi,Institusi (Bapenda/Samsat),Lainnya/Jateng
3539,3,,Instagram,Jangan bilang tidak ada kenaikan. FAKTANYA ada kenaikan di PKB dan Opsennya. Jangan ngarang deh kalau klarifikasi,Negatif,,,2026-02-25 19:46:39.483484+00:00,Jangan bilang tidak ada kenaikan. FAKTANYA ada kenaikan di PKB dan Opsennya. Jangan ngarang deh kalau klarifikasi,Beban Ekonomi,Institusi (Bapenda/Samsat),Lainnya/Jateng
3858,3,,Instagram,"IKI JANE AKU SENG EDAN OPO POSTINGANE SENG RAK WARAS, RAK ONO KENAIKAN TAPI ONO OPSEN, MATANE DI CELEKKE, YEN ONO OPSEN MBAYARE DADI MUNDAK OPO MALAH KURANG. GATHELLLL GATHELLL",Negatif,,,2026-02-25 19:46:39.483484+00:00,"IKI JANE AKU SENG EDAN OPO POSTINGANE SENG RAK WARAS, RAK ONO KENAIKAN TAPI ONO OPSEN, MATANE DI CELEKKE, YEN ONO OPSEN MBAYARE DADI MUNDAK OPO MALAH KURANG. GATHELLLL GATHELLL",Beban Ekonomi,Institusi (Bapenda/Samsat),Lainnya/Jateng
3892,3,,Instagram,Ora naik tpi pkb opsen kui hapusen blokgoblok,Negatif,,,2026-02-25 19:46:39.483484+00:00,Ora naik tpi pkb opsen kui hapusen blokgoblok,Beban Ekonomi,Institusi (Bapenda/Samsat),Lainnya/Jateng
778,1,,TikTok,makanya hilangin tembak ktp opsen di kurangin,Negatif,,,2026-02-25 19:46:39.483484+00:00,6 h yang lalu,Beban Ekonomi,Institusi (Bapenda/Samsat),Lainnya/Jateng
1662,1,,TikTok,"untuk mengurangi piutang pajak dan menaikan pendapatan pajak, itu bukan dengan menaikan pajak tersebut pak.
justru jika anda menaikan pajak bakal semakin kecil pendapatan pajak di daerah anda. karena masyarakat akan cenderung malas untuk membayar ketika pajak tsb naik. dg kondisi masyarakat sedang kesulitan ekonomi di wilayah anda.
saya tanya, kenapa ada amnesti pajak?? apa tujuan program tersebut??
kok bisa keinginan agar pendapatan daerah meningkat dgbcara menaikan si pie to pak pak",Negatif,,,2026-02-25 19:46:39.483484+00:00,2-12,Beban Ekonomi,Institusi (Bapenda/Samsat),Solo Raya (AD)
1774,1,,TikTok,"Rakyat koq dijadikan objek terus... Anggaran kurang Rakyat yg harus menanggung dgn menaikan pajak, mbok sekali2 cari solusi lain biar tidak membebani rakyat terus.
Tugas pemimpin itu mencari solusi utk mensejahterakan rakyat bukan malah sebaliknya.... 😃😃😃😃",Negatif,,,2026-02-25 19:46:39.483484+00:00,2-12,Beban Ekonomi,Institusi (Bapenda/Samsat),Solo Raya (AD)
264,1,,TikTok,percuma undang-undang digunakan tapi pembangunan infrastruktur itu nggak ada sama sekali percuma Pak,Negatif,,,2026-02-25 19:46:39.483484+00:00,4 h yang lalu,Lainnya,Pemerintahan,Lainnya/Jateng
479,1,,TikTok,aturanmu dewe cuk,Negatif,,,2026-02-25 19:46:39.483484+00:00,5 h yang lalu,Lainnya,Pemerintahan,Lainnya/Jateng
849,1,,TikTok,kakean aturan tambah semrawut,Negatif,,,2026-02-25 19:46:39.483484+00:00,2-13,Lainnya,Pemerintahan,Lainnya/Jateng
1461,1,,TikTok,dasar nya setoran ke pejabat kurang gede?,Negatif,,,2026-02-25 19:46:39.483484+00:00,2-12,Lainnya,Pemerintahan,Lainnya/Jateng
3357,3,,Instagram,"Situasi: Penerapan opsen menyebabkan kenaikan total tarif PKB yang signifikan, dikeluhkan warga karena terjadi kenaikan sekitar 16% dibanding tahun sebelumnya.Struktur Baru: Total tarif PKB menjadi 1,05% (pokok) + 0,693% (opsen) = 1,743%.Jawa barat, jawa timur dan DIY stabil tidak ada kenaikan. Ini saya cek di google, betulkah pak?",Negatif,,,2026-02-25 19:46:39.483484+00:00,"Situasi: Penerapan opsen menyebabkan kenaikan total tarif PKB yang signifikan, dikeluhkan warga karena terjadi kenaikan sekitar 16% dibanding tahun sebelumnya.Struktur Baru: Total tarif PKB menjadi 1,05% (pokok) + 0,693% (opsen) = 1,743%.Jawa barat, jawa timur dan DIY stabil tidak ada kenaikan. Ini saya cek di google, betulkah pak?",Beban Ekonomi,Institusi (Bapenda/Samsat),Pekalongan/Pantura (G)
3612,3,,Instagram,PKB emang gak naik.. tp tambahan opsen nya itu lohhh pak.. perlu dikaji ulang deh,Negatif,,,2026-02-25 19:46:39.483484+00:00,PKB emang gak naik.. tp tambahan opsen nya itu lohhh pak.. perlu dikaji ulang deh,Beban Ekonomi,Institusi (Bapenda/Samsat),Pekalongan/Pantura (G)
548,1,,TikTok,"aturan kan bisa dirubah, buatan manusia, wong yg bikin yg punya hidup aja kalian langgar",Negatif,,,2026-02-25 19:46:39.483484+00:00,2-12,Lainnya,Pemerintahan,Pekalongan/Pantura (G)
754,1,,TikTok,aku ORA milih Melu keno dampake motorku ORA tak pajeki. sok nek wis duit lebih lagi. di pajaki golek duit lagi susah,Negatif,,,2026-02-25 19:46:39.483484+00:00,2-12,Beban Ekonomi,Institusi (Bapenda/Samsat),Lainnya/Jateng
1902,1,,TikTok,Mundur saja Pak..bikin rakyat susah..tambah beban pajak.. Ngerti ngono nggak Mau milih ..,Negatif,,,2026-02-25 19:46:39.483484+00:00,2-12,Beban Ekonomi,Institusi (Bapenda/Samsat),Lainnya/Jateng
2925,2,,TikTok,"gus taj yasin dulu wakilnya pak Ganjar mundur, eee sekarang wakilnya pak Lutfi dengan gonjang ganjingnya Jawa tengah enjoy enjoy ajaa,,,",Negatif,,,2026-02-25 19:46:39.483484+00:00,19 j yang lalu,Kekecewaan Politik,Wakil Gubernur,Lainnya/Jateng
1334,1,,TikTok,siapa pilih orang ini,Negatif,,,2026-02-25 19:46:39.483484+00:00,2-12,Kekecewaan Politik,Gubernur,Lainnya/Jateng
1848,1,,TikTok,psti pda nyesel salah pilih gubernur,Negatif,,,2026-02-25 19:46:39.483484+00:00,2-12,Kekecewaan Politik,Gubernur,Lainnya/Jateng
1559,1,,TikTok,😁😅 ngayomi dan ngopeni hanyalah janji tok kenyataan masyarakat di peras kaya sapi perah,Negatif,,,2026-02-25 19:46:39.483484+00:00,2-12,Kekecewaan Politik,Gubernur,Lainnya/Jateng
1652,1,,TikTok,"berdasarkan peraturan dan undang2 yg bikin muak, aturan yg bikin gengnya mereka sedangkan masyarakat tidak dilibatkan",Negatif,,,2026-02-25 19:46:39.483484+00:00,2-12,Lainnya,Pemerintahan,Lainnya/Jateng
3909,3,,Instagram,"Jare janji kampanye mau bikin rakyat tersenyum, nyatane? Ingat jabatan ga selamanya",Negatif,,,2026-02-25 19:46:39.483484+00:00,"Jare janji kampanye mau bikin rakyat tersenyum, nyatane? Ingat jabatan ga selamanya",Kekecewaan Politik,Gubernur,Pekalongan/Pantura (G)
1611,1,,TikTok,aturan itu gak buat manusia pakk,Negatif,,,2026-02-25 19:46:39.483484+00:00,2-12,Lainnya,Pemerintahan,Pekalongan/Pantura (G)
1713,1,,TikTok,"gara gara gerinda salah pilih, harusnya sudaryono😅",Negatif,,,2026-02-25 19:46:39.483484+00:00,2-12,Kekecewaan Politik,Gubernur,Lainnya/Jateng
1676,1,,TikTok,aturan tololll,Negatif,,,2026-02-25 19:46:39.483484+00:00,2-12,Lainnya,Pemerintahan,Lainnya/Jateng
1678,1,,TikTok,Kantongnya pejabat tambah tebal,Negatif,,,2026-02-25 19:46:39.483484+00:00,2-12,Lainnya,Pemerintahan,Lainnya/Jateng
2280,1,,TikTok,wes aturan kono aku mumet,Negatif,,,2026-02-25 19:46:39.483484+00:00,2-12,Lainnya,Pemerintahan,Lainnya/Jateng
2325,1,,TikTok,aturanmu dewe,Negatif,,,2026-02-25 19:46:39.483484+00:00,2-12,Lainnya,Pemerintahan,Lainnya/Jateng
2347,1,,TikTok,aturane wereng coklat membagongkan,Negatif,,,2026-02-25 19:46:39.483484+00:00,2-12,Lainnya,Pemerintahan,Lainnya/Jateng
1890,1,,TikTok,"pejabat bisanya cuma itu , gak ada pejabat yg punya inovasi/ karya yg bsa hasilkan uang utk wilayah masing2......krenyeh",Negatif,,,2026-02-25 19:46:39.483484+00:00,2-12,Beban Ekonomi,Pemerintahan,Lainnya/Jateng
2258,1,,TikTok,naikan terus biar pejabat bisa lebih kaya,Negatif,,,2026-02-25 19:46:39.483484+00:00,2-12,Beban Ekonomi,Pemerintahan,Lainnya/Jateng
3840,3,,Instagram,"Anda sdg berbisnis dgn masyarakat🔥kondisi masyarakat sdg terpuruk bhkn bisnis dan usaha lesu tp anda mlah mngambil kebijakan spt itu, salah cara berpikir anda tot. Di ruang tertentu para pejabat bergaya hedon merem akan kondisi masyarakatnya.",Negatif,,,2026-02-25 19:46:39.483484+00:00,"Anda sdg berbisnis dgn masyarakat🔥kondisi masyarakat sdg terpuruk bhkn bisnis dan usaha lesu tp anda mlah mngambil kebijakan spt itu, salah cara berpikir anda tot. Di ruang tertentu para pejabat bergaya hedon merem akan kondisi masyarakatnya.",Beban Ekonomi,Pemerintahan,Lainnya/Jateng
262,1,,TikTok,"pejabat slalu punya dasar, tapi ga pernah mengerti ekonomi rakyatnya",Negatif,,,2026-02-25 19:46:39.483484+00:00,4 h yang lalu,Beban Ekonomi,Pemerintahan,Lainnya/Jateng
1417,1,,TikTok,"Mengatasnamakan perhub . .dan peraturan mereka yg buat .
Masyarakat dipikirnya bego dan mau ikuti aturan yg mencekik dan menyengsarakan . .hmm .",Negatif,,,2026-02-25 19:46:39.483484+00:00,2-12,Beban Ekonomi,Pemerintahan,Lainnya/Jateng
1597,1,,TikTok,"aturan semua jg punya,tp liat perekonomian masarakat turun dan liar gmn pemasukan,an masarakat",Negatif,,,2026-02-25 19:46:39.483484+00:00,2-12,Beban Ekonomi,Pemerintahan,Lainnya/Jateng
257,1,,TikTok,peraturan tertinggi ada di rakyat😂,Negatif,,,2026-02-25 19:46:39.483484+00:00,4 h yang lalu,Beban Ekonomi,Pemerintahan,Lainnya/Jateng
812,1,,TikTok,aturan ki yow kudu nton rakyate...r mung gari gae aturan...ngono lo,Negatif,,,2026-02-25 19:46:39.483484+00:00,1 m yang lalu,Beban Ekonomi,Pemerintahan,Lainnya/Jateng
892,1,,TikTok,y jgn begitu pk meskipun punya dasar dan undang2 jgan dibebankan ke rakyat trus,Negatif,,,2026-02-25 19:46:39.483484+00:00,2-13,Beban Ekonomi,Pemerintahan,Lainnya/Jateng
1257,1,,TikTok,aturan gedekno wetenge pejabat ntok... rakyat cilik jdi korbane,Negatif,,,2026-02-25 19:46:39.483484+00:00,2-12,Beban Ekonomi,Pemerintahan,Lainnya/Jateng
2146,1,,TikTok,taat aturan yg menyusahkan rakyat,Negatif,,,2026-02-25 19:46:39.483484+00:00,2-12,Beban Ekonomi,Pemerintahan,Lainnya/Jateng
2154,1,,TikTok,rata2 pejabat dari termul grup kebanyakan nyusahin rakyat,Negatif,,,2026-02-25 19:46:39.483484+00:00,2-12,Beban Ekonomi,Pemerintahan,Lainnya/Jateng
2623,2,,TikTok,undang undang pemeras rakyat,Negatif,,,2026-02-25 19:46:39.483484+00:00,1 h yang lalu,Beban Ekonomi,Pemerintahan,Lainnya/Jateng
2352,1,,TikTok,coba dicari penyebabnya dong pak ojo utang dibebankan rakyat tapi yang diatas enak2an....aturan ya aturan pak,Negatif,,,2026-02-25 19:46:39.483484+00:00,2-12,Beban Ekonomi,Pemerintahan,Lainnya/Jateng
1612,1,,TikTok,pilihan rakyat Jawatengah....mantap ..,Negatif,,,2026-02-25 19:46:39.483484+00:00,2-12,Kekecewaan Politik,Gubernur,Pekalongan/Pantura (G)
2250,1,,TikTok,pejabat cari aman manusia2 Kapitalis,Negatif,,,2026-02-25 19:46:39.483484+00:00,2-12,Lainnya,Pemerintahan,Pekalongan/Pantura (G)
2790,2,,TikTok,"tahun 2025 wis mundak akeh, sekarang 2026 mundak lagi. mungkin do kurang kompensasi buat pejabatnya. rakyatnya DITEKEK",Negatif,,,2026-02-25 19:46:39.483484+00:00,23 j yang lalu,Beban Ekonomi,Pemerintahan,Pekalongan/Pantura (G)
1743,1,,TikTok,nyesel pak aku milih sampean,Negatif,,,2026-02-25 19:46:39.483484+00:00,2-12,Kekecewaan Politik,Gubernur,Lainnya/Jateng
695,1,,TikTok,demo segera turunkan lutfi,Negatif,,,2026-02-25 19:46:39.483484+00:00,2-12,Lainnya,Gubernur,Lainnya/Jateng
463,1,,TikTok,ra maju Jawa Tengah dipimpin lutfi,Negatif,,,2026-02-25 19:46:39.483484+00:00,5 h yang lalu,Lainnya,Gubernur,Lainnya/Jateng
942,1,,TikTok,aturen dewe wae filutfi 🤭😂😂😂,Negatif,,,2026-02-25 19:46:39.483484+00:00,2-13,Lainnya,Gubernur,Lainnya/Jateng
2172,1,,TikTok,umdang undang dasar mengamanatkan kesejahteraan rakyat,Negatif,,,2026-02-25 19:46:39.483484+00:00,2-12,Beban Ekonomi,Pemerintahan,Pekalongan/Pantura (G)
718,1,,TikTok,sinetron,Negatif,,,2026-02-25 19:46:39.483484+00:00,2-12,Lainnya,Lainnya,Lainnya/Jateng
1674,1,,TikTok,sipaling dibelakangnya ada pak jokowi 😂😂😂😂😂😂,Negatif,,,2026-02-25 19:46:39.483484+00:00,2-12,Lainnya,Lainnya,Lainnya/Jateng
2360,1,,TikTok,pejabat dan pemimpin paling senang bikin kebajikan yg mensengsarakan Rakyatnya.🤣🤣🤣,Negatif,,,2026-02-25 19:46:39.483484+00:00,2-12,Beban Ekonomi,Pemerintahan,Lainnya/Jateng
994,1,,TikTok,rakyat diperas,Negatif,,,2026-02-25 19:46:39.483484+00:00,2-13,Beban Ekonomi,Institusi (Bapenda/Samsat),Lainnya/Jateng
1255,1,,TikTok,setelah sadewo sekarang giliran lutfi ygperlu didemo😁,Negatif,,,2026-02-25 19:46:39.483484+00:00,2-12,Lainnya,Gubernur,Lainnya/Jateng
1010,1,,TikTok,aturan meras rakyat ya pak,Negatif,,,2026-02-25 19:46:39.483484+00:00,1 m yang lalu,Beban Ekonomi,Pemerintahan,Lainnya/Jateng
1244,1,,TikTok,peras terus 😂,Negatif,,,2026-02-25 19:46:39.483484+00:00,2-12,Beban Ekonomi,Institusi (Bapenda/Samsat),Lainnya/Jateng
800,1,,TikTok,Rakyat juga punya dasar kalo pejabat tidak berpihak demi kesejahteraan rakyat.. ya lengserkan 😅,Negatif,,,2026-02-25 19:46:39.483484+00:00,1 m yang lalu,Beban Ekonomi,Pemerintahan,Lainnya/Jateng
1524,1,,TikTok,"yang taat tambah diperas,
yang nunggak malah diputihkan.",Negatif,,,2026-02-25 19:46:39.483484+00:00,2-12,Beban Ekonomi,Institusi (Bapenda/Samsat),Lainnya/Jateng
1007,1,,TikTok,aturan di buat hanya untuk menyengsarakan rakyat,Negatif,,,2026-02-25 19:46:39.483484+00:00,1 m yang lalu,Beban Ekonomi,Pemerintahan,Lainnya/Jateng
1355,1,,TikTok,"potong saja gaji mu dan jajaran mu, untuk bayar utang. jangan rakyat yang dijadikan tumbal..",Negatif,,,2026-02-25 19:46:39.483484+00:00,2-12,Beban Ekonomi,Gubernur,Lainnya/Jateng
1478,1,,TikTok,gak ISO ngopeni rakyat nya....,Negatif,,,2026-02-25 19:46:39.483484+00:00,2-12,Beban Ekonomi,Gubernur,Lainnya/Jateng
1455,1,,TikTok,🤣🤣🤣🤣 lutfi lucu,Negatif,,,2026-02-25 19:46:39.483484+00:00,2-12,Lainnya,Gubernur,Lainnya/Jateng
2332,1,,TikTok,jogja perasaan udah dari januari 2025 malah🤣,Negatif,,,2026-02-25 19:46:39.483484+00:00,2-12,Beban Ekonomi,Institusi (Bapenda/Samsat),Lainnya/Jateng
123,1,,TikTok,"""SIAPAPUN PEMIMPINNYA GA NGARUH"" gitu dulu kata si pemilih 😂😂😂",Negatif,,,2026-02-25 19:46:39.483484+00:00,2-13,Kekecewaan Politik,Gubernur,Lainnya/Jateng
1101,1,,TikTok,duwit duwit j,Negatif,,,2026-02-25 19:46:39.483484+00:00,2-13,Beban Ekonomi,Institusi (Bapenda/Samsat),Lainnya/Jateng
2879,2,,TikTok,opsen ne mbok di guwak marakne ruwet rakyat e,Negatif,,,2026-02-25 19:46:39.483484+00:00,1 h yang lalu,Beban Ekonomi,Institusi (Bapenda/Samsat),Solo Raya (AD)
2103,1,,TikTok,Jd pemimpin yg bisa menyejahterakan rakyatnya. Aturan dibuat bukan utk menyulitkan rakyatnya,Negatif,,,2026-02-25 19:46:39.483484+00:00,2-12,Beban Ekonomi,Pemerintahan,Lainnya/Jateng
1963,1,,TikTok,Lutfi turunkan....,Negatif,,,2026-02-25 19:46:39.483484+00:00,2-12,Lainnya,Gubernur,Lainnya/Jateng
2574,2,,TikTok,intinya rakyat diperas utk kenikmatan para pejabat,Negatif,,,2026-02-25 19:46:39.483484+00:00,1 h yang lalu,Beban Ekonomi,Institusi (Bapenda/Samsat),Lainnya/Jateng
2653,2,,TikTok,"tapi tetep memberat kan rakyat kecil ,hapus opsen PKB itu keinginan rakyat",Negatif,,,2026-02-25 19:46:39.483484+00:00,9 j yang lalu,Beban Ekonomi,Institusi (Bapenda/Samsat),Lainnya/Jateng
2746,2,,TikTok,"iming iming diskon, rakyat diperas seperti tebu, ayo mari cerdas",Negatif,,,2026-02-25 19:46:39.483484+00:00,21 j yang lalu,Beban Ekonomi,Institusi (Bapenda/Samsat),Lainnya/Jateng
2809,2,,TikTok,Undang undang untuk melegalkan memeras Rakyat Kyai...,Negatif,,,2026-02-25 19:46:39.483484+00:00,1 h yang lalu,Beban Ekonomi,Pemerintahan,Lainnya/Jateng
2624,2,,TikTok,"makin sengsara rakyat,pejabat kaya2",Negatif,,,2026-02-25 19:46:39.483484+00:00,1 h yang lalu,Beban Ekonomi,Pemerintahan,Lainnya/Jateng
2867,2,,TikTok,"pejabat gajinya gede""ujung""nya rakyat yg di perasss",Negatif,,,2026-02-25 19:46:39.483484+00:00,1 h yang lalu,Beban Ekonomi,Institusi (Bapenda/Samsat),Lainnya/Jateng
2004,1,,TikTok,"demo Lutfi, ORA Ono gunane",Negatif,,,2026-02-25 19:46:39.483484+00:00,2-12,Lainnya,Gubernur,Lainnya/Jateng
2020,1,,TikTok,lutfi kui sopo,Negatif,,,2026-02-25 19:46:39.483484+00:00,2-12,Lainnya,Gubernur,Lainnya/Jateng
2044,1,,TikTok,lutfi oh lutfi...,Negatif,,,2026-02-25 19:46:39.483484+00:00,2-12,Lainnya,Gubernur,Lainnya/Jateng
2501,1,,TikTok,dsar lutfi sambo ...,Negatif,,,2026-02-25 19:46:39.483484+00:00,2-12,Lainnya,Gubernur,Lainnya/Jateng
2367,1,,TikTok,Dasarnya gubernure ora mikiri rakyate,Negatif,,,2026-02-25 19:46:39.483484+00:00,2-12,Beban Ekonomi,Gubernur,Lainnya/Jateng
2503,1,,TikTok,gubernur duwete entek gawe umroh bar golek2 Duwet Meres rakyat,Negatif,,,2026-02-25 19:46:39.483484+00:00,2-12,Beban Ekonomi,Gubernur,Lainnya/Jateng
486,1,,TikTok,"😏harusnya yg diusahakan rakyat biar ga bayar pajak, ini malah nambah terus pajak pajek pojok.. ngilang",Negatif,,,2026-02-25 19:46:39.483484+00:00,2-12,Beban Ekonomi,Institusi (Bapenda/Samsat),Lainnya/Jateng
623,1,,TikTok,Dari pada bayar pajak mending di sodakoh kan ke orang yang tidak mampu..Dari pada nurut tp aslinya diperas,Negatif,,,2026-02-25 19:46:39.483484+00:00,2-13,Beban Ekonomi,Institusi (Bapenda/Samsat),Lainnya/Jateng
662,1,,TikTok,pajak terus.capek rakyat klo suruh pajak.,Negatif,,,2026-02-25 19:46:39.483484+00:00,2-13,Beban Ekonomi,Institusi (Bapenda/Samsat),Lainnya/Jateng
769,1,,TikTok,"rakyat diperas dg pajak.tp prestasi pejabat nol.
😂😂
lama"" rakyat mati perlahan.",Negatif,,,2026-02-25 19:46:39.483484+00:00,2-12,Beban Ekonomi,Institusi (Bapenda/Samsat),Lainnya/Jateng
818,1,,TikTok,enak banget ...nyuruh rakyat bayar pajak setinggi langit kalian pejabat justru ongkang2 untuk mencari laba,Negatif,,,2026-02-25 19:46:39.483484+00:00,1 m yang lalu,Beban Ekonomi,Institusi (Bapenda/Samsat),Lainnya/Jateng
2862,2,,TikTok,dobol kuro.. undang2 mung dienggo nekan rakyat...,Negatif,,,2026-02-25 19:46:39.483484+00:00,1 h yang lalu,Beban Ekonomi,Pemerintahan,Kedu (AA)
2819,2,,TikTok,"mana slogan ngayomi ngopeni rakyat, memeras itulah kenyataannya.",Negatif,,,2026-02-25 19:46:39.483484+00:00,1 h yang lalu,Beban Ekonomi,Gubernur,Solo Raya (AD)
2635,2,,TikTok,"kebijakan model apa si kebijakan2 mulu perasaan 😏
bijak kalau sama2 menguntungkan deh bukan rugi gini
coba dijelasin itu by buat apa, motor 1 kena 160rb, kali berapa juta woy
kagak kira2 emang 😏",Negatif,,,2026-02-25 19:46:39.483484+00:00,5 j yang lalu,Beban Ekonomi,Institusi (Bapenda/Samsat),Pekalongan/Pantura (G)
2847,2,,TikTok,ora pas bro rakyatmu mangan kangelan malah Ono opsen2 segala Ra jeli blas,Negatif,,,2026-02-25 19:46:39.483484+00:00,1 h yang lalu,Beban Ekonomi,Institusi (Bapenda/Samsat),Pekalongan/Pantura (G)
3036,3,,Instagram,"Harusnya yang minta maaf bukan maskot ini sih tapi fotonya Ahmad Lutfi , kalau berani dan mengakui kesalahan sih tapi😂",Negatif,,,2026-02-25 19:46:39.483484+00:00,"Harusnya yang minta maaf bukan maskot ini sih tapi fotonya Ahmad Lutfi , kalau berani dan mengakui kesalahan sih tapi😂",Lainnya,Gubernur,Lainnya/Jateng
2769,2,,TikTok,ra gagas...tak pilih jebule gawe rekoso sin.,Negatif,,,2026-02-25 19:46:39.483484+00:00,22 j yang lalu,Kekecewaan Politik,Gubernur,Lainnya/Jateng
2821,2,,TikTok,"ndak usah dipilih lagi besok .bikin semrawut ,bikin sengsara rakyat kecil",Negatif,,,2026-02-25 19:46:39.483484+00:00,1 h yang lalu,Kekecewaan Politik,Gubernur,Lainnya/Jateng
61,1,,TikTok,opsen dihapus pak,Negatif,,,2026-02-25 19:46:39.483484+00:00,2 h yang lalu,Lainnya,Institusi (Bapenda/Samsat),Lainnya/Jateng
3339,3,,Instagram,Nyesel aku wes bayar disek wingi januari,Negatif,,,2026-02-25 19:46:39.483484+00:00,Nyesel aku wes bayar disek wingi januari,Kekecewaan Politik,Gubernur,Lainnya/Jateng
2824,2,,TikTok,"undang undang di bikin manusia yg di gaji oleh rakyat, tapi yg bikin undang undang mslah mencekik rakyat. lebih baik stop stop stop bayar pajak.",Negatif,,,2026-02-25 19:46:39.483484+00:00,1 h yang lalu,Beban Ekonomi,Institusi (Bapenda/Samsat),Pekalongan/Pantura (G)
3832,3,,Instagram,KEKUASAAN  adalah SUMBER HOAX terbaik 😂😂😂😂 Itu kalimatnya siapa hayoooo....,Negatif,,,2026-02-25 19:46:39.483484+00:00,KEKUASAAN  adalah SUMBER HOAX terbaik 😂😂😂😂 Itu kalimatnya siapa hayoooo....,Lainnya,Pemerintahan,Lainnya/Jateng
362,1,,TikTok,"SUMPAH DEMI TUHAN PILKADA KEMARIN SAYA GAK PILIH DIA,,, DAN SAYA MERASA BANGGA😂😂😂😂😂",Negatif,,,2026-02-25 19:46:39.483484+00:00,6 h yang lalu,Kekecewaan Politik,Gubernur,Lainnya/Jateng
908,1,,TikTok,sok Ojo dipilih,Negatif,,,2026-02-25 19:46:39.483484+00:00,2-13,Kekecewaan Politik,Gubernur,Lainnya/Jateng
1000,1,,TikTok,dlu dipilih ya nikmati aja bos.....,Negatif,,,2026-02-25 19:46:39.483484+00:00,1 m yang lalu,Kekecewaan Politik,Gubernur,Lainnya/Jateng
1035,1,,TikTok,"lha wong di pilih² dwe, sakniki pengen demo.😁",Negatif,,,2026-02-25 19:46:39.483484+00:00,1 m yang lalu,Kekecewaan Politik,Gubernur,Lainnya/Jateng
1084,1,,TikTok,"salahya dipilih,",Negatif,,,2026-02-25 19:46:39.483484+00:00,1 m yang lalu,Kekecewaan Politik,Gubernur,Lainnya/Jateng
855,1,,TikTok,pajak di di korupsii Kon bayar rakyat urus aja sendiri,Negatif,,,2026-02-25 19:46:39.483484+00:00,2-13,Beban Ekonomi,Institusi (Bapenda/Samsat),Lainnya/Jateng
1408,1,,TikTok,piutang blm bayar pajak malah di aikan....lha rakyat semakin ngk mau bayar pajak pak...pie koekih...angel😂😂,Negatif,,,2026-02-25 19:46:39.483484+00:00,2-12,Beban Ekonomi,Institusi (Bapenda/Samsat),Lainnya/Jateng
2035,1,,TikTok,"rakyat bayar pajak, pejabat rajin korupsi",Negatif,,,2026-02-25 19:46:39.483484+00:00,2-12,Beban Ekonomi,Institusi (Bapenda/Samsat),Lainnya/Jateng
2041,1,,TikTok,pajak semakin mencekik rakyat,Negatif,,,2026-02-25 19:46:39.483484+00:00,2-12,Beban Ekonomi,Institusi (Bapenda/Samsat),Lainnya/Jateng
2506,1,,TikTok,luar biasa memberatkan rakyat yg suruh nanggung pajak,Negatif,,,2026-02-25 19:46:39.483484+00:00,2-12,Beban Ekonomi,Institusi (Bapenda/Samsat),Lainnya/Jateng
2596,2,,TikTok,"KAsiaan simbah, pajak yg mencekik rakyat bisa mndzolomi rakyat",Negatif,,,2026-02-25 19:46:39.483484+00:00,2 j yang lalu,Beban Ekonomi,Institusi (Bapenda/Samsat),Lainnya/Jateng
2598,2,,TikTok,batalkan opsen pajak . karena memberatkan rakyat,Negatif,,,2026-02-25 19:46:39.483484+00:00,3 m yang lalu,Beban Ekonomi,Institusi (Bapenda/Samsat),Lainnya/Jateng
2601,2,,TikTok,bayar pajak untuk apa❓ cara halus mencekik rakyat.,Negatif,,,2026-02-25 19:46:39.483484+00:00,4 j yang lalu,Beban Ekonomi,Institusi (Bapenda/Samsat),Lainnya/Jateng
2630,2,,TikTok,undang2 jadi alasan buat memeras rakyat #stopbayarpajak,Negatif,,,2026-02-25 19:46:39.483484+00:00,1 h yang lalu,Beban Ekonomi,Institusi (Bapenda/Samsat),Lainnya/Jateng
2894,2,,TikTok,RAKYAT BERHAK MENOLAK BAYAR PAJAK JIKA PENGGUNAAN PAJAK TIDAK JELAS....,Negatif,,,2026-02-25 19:46:39.483484+00:00,1 h yang lalu,Beban Ekonomi,Institusi (Bapenda/Samsat),Lainnya/Jateng
637,1,,TikTok,"Utang nggo opo , kog sing mbok kon bayar rakyat… mending drpd bayari wong nganggur ning dinas dinas, bubarke sisan ae",Negatif,,,2026-02-25 19:46:39.483484+00:00,2-12,Beban Ekonomi,Institusi (Bapenda/Samsat),Solo Raya (AD)
2985,3,,Instagram,"Sy menemukan tulisan ini dan ini saya copas,membuat sy jd mengerti krn mmg menjadi pertanyaan knpa daerah lain tidak?pdhl alasannya ini keputusan pusat ... “Tetangga Bisa Murah, Kenapa Jawa Tengah Tidak?semoga bisa dikaji ulang ,berat bgt loo bener,apalagi ada kota dijateng gk punya transportasi umum terpksa hrs punya pribadi,bukan utk gaya2 tp karena tdk difasilitasi transport umum yg lbh murah..ini.jawaban yg sy dapat :Mari kita bedah secara jernih: Mengapa Jawa Tengah menjadi salah satu provinsi dengan beban pajak kendaraan bermotor paling tinggi, dan siapa yang sebenarnya memegang kendali dan bertanggung jawab atas kebijakan ini?​Logikanya begini:​Berdasarkan UU HKPD Tahun 2022, terdapat aturan baru mengenai Opsen Pajak sebesar 66% yang langsung masuk ke kas Kabupaten/Kota. Angka ini bersifat statis—artinya, Gubernur maupun Bupati tidak punya kuasa untuk mengubah persentase ini karena sudah ketetapan Pemerintah Pusat.Namun, ada satu variabel yang bisa dikontrol penuh oleh Pemerintah Provinsi.​Agar total pajak yang dibayar rakyat tidak meroket, Pemerintah Pusat memberikan ruang daerahuntuk menyesuaikan Tarif Pajak Kendaraan Bermotor (PKB) dalam rentang 0% hingga 1,2% dari Nilai Jual Beli Kendaraan (NJKB)Alih-alih meringankan beban rakyat dengan menurunkan tarif PKB,  Jawa Tengah justru memilih mempertahankan tarif di angka maksimal, yaitu 1,2%. Karena tarif dasarnya sudah berada di angka tertinggi, maka tambahan Opsen 66% tersebut otomatis membuat nominal yang harus dibayar warga Jawa Tengah menjadi sangat mencekik.Mari kita bandingkan dengan provinsi tetangga:​Jawa Barat: Meski pembangunan infrastrukturnya masif, mereka menurunkan PKB ke angka 1,1%.​Jawa Timur: Berhasil menekan tarif PKB di angka 1,0%.​DI Yogyakarta: Menunjukkan keberpihakan nyata dengan tarif sangat rendah, yakni 0,6%. memiliki 3 tetangga (Timur, Barat dan Selatan) yang membuktikan bahwa pajak bisa dimurahkan, namun pemerintah jateng tetap memilih jalan yang paling memberatkan warganya.",Negatif,,,2026-02-25 19:46:39.483484+00:00,"Sy menemukan tulisan ini dan ini saya copas,membuat sy jd mengerti krn mmg menjadi pertanyaan knpa daerah lain tidak?pdhl alasannya ini keputusan pusat ... “Tetangga Bisa Murah, Kenapa Jawa Tengah Tidak?semoga bisa dikaji ulang ,berat bgt loo bener,apalagi ada kota dijateng gk punya transportasi umum terpksa hrs punya pribadi,bukan utk gaya2 tp karena tdk difasilitasi transport umum yg lbh murah..ini.jawaban yg sy dapat :Mari kita bedah secara jernih: Mengapa Jawa Tengah menjadi salah satu provinsi dengan beban pajak kendaraan bermotor paling tinggi, dan siapa yang sebenarnya memegang kendali dan bertanggung jawab atas kebijakan ini?​Logikanya begini:​Berdasarkan UU HKPD Tahun 2022, terdapat aturan baru mengenai Opsen Pajak sebesar 66% yang langsung masuk ke kas Kabupaten/Kota. Angka ini bersifat statis—artinya, Gubernur maupun Bupati tidak punya kuasa untuk mengubah persentase ini karena sudah ketetapan Pemerintah Pusat.Namun, ada satu variabel yang bisa dikontrol penuh oleh Pemerintah Provinsi.​Agar total pajak yang dibayar rakyat tidak meroket, Pemerintah Pusat memberikan ruang daerahuntuk menyesuaikan Tarif Pajak Kendaraan Bermotor (PKB) dalam rentang 0% hingga 1,2% dari Nilai Jual Beli Kendaraan (NJKB)Alih-alih meringankan beban rakyat dengan menurunkan tarif PKB,  Jawa Tengah justru memilih mempertahankan tarif di angka maksimal, yaitu 1,2%. Karena tarif dasarnya sudah berada di angka tertinggi, maka tambahan Opsen 66% tersebut otomatis membuat nominal yang harus dibayar warga Jawa Tengah menjadi sangat mencekik.Mari kita bandingkan dengan provinsi tetangga:​Jawa Barat: Meski pembangunan infrastrukturnya masif, mereka menurunkan PKB ke angka 1,1%.​Jawa Timur: Berhasil menekan tarif PKB di angka 1,0%.​DI Yogyakarta: Menunjukkan keberpihakan nyata dengan tarif sangat rendah, yakni 0,6%. memiliki 3 tetangga (Timur, Barat dan Selatan) yang membuktikan bahwa pajak bisa dimurahkan, namun pemerintah jateng tetap memilih jalan yang paling memberatkan warganya.",Beban Ekonomi,Pemerintahan,Pati/Muria (K)
1124,1,,TikTok,untung aku Ra mileh kwe pak tak coblos kbehh wngii Mergo Ra yakin😂,Negatif,,,2026-02-25 19:46:39.483484+00:00,1 m yang lalu,Kekecewaan Politik,Gubernur,Lainnya/Jateng
1137,1,,TikTok,selamat menikmati pilihamu wahai sodara sodara 🤣🤣,Negatif,,,2026-02-25 19:46:39.483484+00:00,1 m yang lalu,Kekecewaan Politik,Gubernur,Lainnya/Jateng
1147,1,,TikTok,jian salah pilih tenan ki !! 🫣,Negatif,,,2026-02-25 19:46:39.483484+00:00,2-13,Kekecewaan Politik,Gubernur,Lainnya/Jateng
1438,1,,TikTok,yg pilih sopo??,Negatif,,,2026-02-25 19:46:39.483484+00:00,2-12,Kekecewaan Politik,Gubernur,Lainnya/Jateng
3629,3,,Instagram,mbok pikir rakyat jateng kuwi CEO sing lagi nyamar nyamar....arep dadi CEO wae UMR Paling sdikit dibanding tonggo sebelah.......selisih banyak ma jatim jabar,Negatif,,,2026-02-25 19:46:39.483484+00:00,mbok pikir rakyat jateng kuwi CEO sing lagi nyamar nyamar....arep dadi CEO wae UMR Paling sdikit dibanding tonggo sebelah.......selisih banyak ma jatim jabar,Beban Ekonomi,Pemerintahan,Solo Raya (AD)
776,1,,TikTok,"kok bisa bisanya polisi jadi pemimpin rakyat 🤣🤣🤣 ...
tugas polisi tau kan 🤣 ?",Negatif,,,2026-02-25 19:46:39.483484+00:00,5 h yang lalu,Beban Ekonomi,Institusi (Bapenda/Samsat),Lainnya/Jateng
867,1,,TikTok,perr gugub rampok rakyat lewat pajak,Negatif,,,2026-02-25 19:46:39.483484+00:00,2-13,Beban Ekonomi,Institusi (Bapenda/Samsat),Lainnya/Jateng
1252,1,,TikTok,"wereng coklat jd gubernur pemeras rakyat , stop bayar pajak",Negatif,,,2026-02-25 19:46:39.483484+00:00,2-12,Beban Ekonomi,Institusi (Bapenda/Samsat),Lainnya/Jateng
49,1,,TikTok,"Gubernur nongkrong di kantor saja ,turun lihat keadaan rakyatmu,lihat kondisi rakyatmu ,bikin aturan yg pro rakyat ,bikin aturan yg bikin rakyat senang",Negatif,,,2026-02-25 19:46:39.483484+00:00,4 h yang lalu,Beban Ekonomi,Institusi (Bapenda/Samsat),Lainnya/Jateng
3130,3,,Instagram,"Min..ini klarifikasi tp infonya melempar kesalahan ke pusat. Mau dr pusat atau dr provinsi, jika kalian berpihak k kesejahteraan rakyat, akan beda prakteknya.",Negatif,,,2026-02-25 19:46:39.483484+00:00,"Min..ini klarifikasi tp infonya melempar kesalahan ke pusat. Mau dr pusat atau dr provinsi, jika kalian berpihak k kesejahteraan rakyat, akan beda prakteknya.",Beban Ekonomi,Pemerintahan,Lainnya/Jateng
1026,1,,TikTok,gubernur begini yg ngejelekin KDM wkwkw🤪🤪 bisa nya nyusahin rakyat jateng.,Negatif,,,2026-02-25 19:46:39.483484+00:00,1 m yang lalu,Beban Ekonomi,Pemerintahan,Lainnya/Jateng
3718,3,,Instagram,"Dikiranya suara rakyat berisik di awal dan akan terbiasa,wahai para pemagku jabatan yang gajinya dari pajak rakyat…anda pikir warga jateng sudah sejahtera???!!",Negatif,,,2026-02-25 19:46:39.483484+00:00,"Dikiranya suara rakyat berisik di awal dan akan terbiasa,wahai para pemagku jabatan yang gajinya dari pajak rakyat…anda pikir warga jateng sudah sejahtera???!!",Beban Ekonomi,Pemerintahan,Lainnya/Jateng
1910,1,,TikTok,anda yakin dg keputusan ini?? kl sy sbg buruh kasar berkata kebijakan anda ini JD bumerang Jateng...yakin rakyat bnyk yg tidak byr pajak...liat saja,Negatif,,,2026-02-25 19:46:39.483484+00:00,2-12,Beban Ekonomi,Pemerintahan,Lainnya/Jateng
2383,1,,TikTok,lihat kemampuan rakyat nya bayar pajak Bpk itu dasarnya lha UMR Jateng itu rendah skli dibandingkan prov lain..,Negatif,,,2026-02-25 19:46:39.483484+00:00,2-12,Beban Ekonomi,Pemerintahan,Lainnya/Jateng
2572,2,,TikTok,hidup di negara merdeka sprti hidup di jajah.. semua di kenalan pajak... rakyat jdi sapi perah...,Negatif,,,2026-02-25 19:46:39.483484+00:00,1 h yang lalu,Beban Ekonomi,Pemerintahan,Lainnya/Jateng
704,1,,TikTok,"Kebijakan gubernur Jateng...atas pajak kendaraan bermotor yg menimbulkan kekagetan pemilik kendaraan bermotor di Jateng.
Hal ini ..bisa berdampak negatif BG Jateng itu sendiri.
Lbh baik .... car solusi yg lain, untuk mengatasi masalah Jateng. Jangan korbankan rakyat .....",Negatif,,,2026-02-25 19:46:39.483484+00:00,2-12,Beban Ekonomi,Pemerintahan,Lainnya/Jateng
111,1,,TikTok,paraahhhhh termul memeras rakyat,Negatif,,,2026-02-25 19:46:39.483484+00:00,2-12,Beban Ekonomi,Nasib Rakyat / Kesejahteraan,Lainnya/Jateng
1892,1,,TikTok,"salah pilih,,,",Negatif,,,2026-02-25 19:46:39.483484+00:00,2-12,Kekecewaan Politik,Gubernur,Lainnya/Jateng
1942,1,,TikTok,hidup gurbernur pilihan anda..,Negatif,,,2026-02-25 19:46:39.483484+00:00,2-12,Kekecewaan Politik,Gubernur,Lainnya/Jateng
2023,1,,TikTok,di pilih malah menyusahkan rakyat,Negatif,,,2026-02-25 19:46:39.483484+00:00,2-12,Kekecewaan Politik,Gubernur,Lainnya/Jateng
2668,2,,TikTok,"0psen iku opo?
manfaate gawe masyarakat opo?
pemerintah kok malah nyusahno rakyate.",Negatif,,,2026-02-25 19:46:39.483484+00:00,15 j yang lalu,Beban Ekonomi,Pemerintahan,Pekalongan/Pantura (G)
3610,3,,Instagram,"Rasah di bayar wes plg bener,negoro ora mikir rakyate lapo rakyate mikir negoro barang,wes karuane menisan hancur,ngrasakno pemerintah blas raono sing bener",Negatif,,,2026-02-25 19:46:39.483484+00:00,"Rasah di bayar wes plg bener,negoro ora mikir rakyate lapo rakyate mikir negoro barang,wes karuane menisan hancur,ngrasakno pemerintah blas raono sing bener",Beban Ekonomi,Pemerintahan,Pekalongan/Pantura (G)
1262,1,,TikTok,yg mempersulit pemerintah nya sendiri coba kalo di permudah rakyat paati taat pajak,Negatif,,,2026-02-25 19:46:39.483484+00:00,2-12,Beban Ekonomi,Pemerintahan,Pekalongan/Pantura (G)
2577,2,,TikTok,"knp di Indonesia pemerintahan suka nyekik pajak rakyat ,gila gila ini",Negatif,,,2026-02-25 19:46:39.483484+00:00,1 h yang lalu,Beban Ekonomi,Pemerintahan,Pekalongan/Pantura (G)
2968,3,,Instagram,"Perlu kawan² ketahui..negara yg KATANYA GEMAH RIPAH LOHJINAWI ini penghasilan utamanya justru bukan dari kekayaan buminya,.bukan dari hasil industri juga. Tapi dari PAJAK RAKYAT. MIRIISS",Negatif,,,2026-02-25 19:46:39.483484+00:00,"Perlu kawan² ketahui..negara yg KATANYA GEMAH RIPAH LOHJINAWI ini penghasilan utamanya justru bukan dari kekayaan buminya,.bukan dari hasil industri juga. Tapi dari PAJAK RAKYAT. MIRIISS",Beban Ekonomi,Pemerintahan,Pekalongan/Pantura (G)
199,1,,TikTok,"Ra Ono opsen AE rung kelar bayar.. mlh sak Iki di tambah opsen piye to pak""""""""""""",Negatif,,,2026-02-25 19:46:39.483484+00:00,1 h yang lalu,Lainnya,Institusi (Bapenda/Samsat),Lainnya/Jateng
215,1,,TikTok,HILANGKAN OPSEN,Negatif,,,2026-02-25 19:46:39.483484+00:00,2 h yang lalu,Lainnya,Institusi (Bapenda/Samsat),Lainnya/Jateng
1203,1,,TikTok,liat yg kena musibah lut jgn duwit mulu,Negatif,,,2026-02-25 19:46:39.483484+00:00,2-12,Beban Ekonomi,Gubernur,Lainnya/Jateng
489,1,,TikTok,"satu partai sama Sadewo, rakyat harus berani lawan",Negatif,,,2026-02-25 19:46:39.483484+00:00,2-12,Beban Ekonomi,Gubernur,Lainnya/Jateng
1272,1,,TikTok,turun saja gurbenur nya gk mikir rakyate,Negatif,,,2026-02-25 19:46:39.483484+00:00,2-12,Beban Ekonomi,Gubernur,Lainnya/Jateng
1442,1,,TikTok,"Giliran sudah jadi pejabret
Meras rakyat",Negatif,,,2026-02-25 19:46:39.483484+00:00,2-12,Beban Ekonomi,Pemerintahan,Lainnya/Jateng
258,1,,TikTok,rakyatmu rekoso pak ..kui intine,Negatif,,,2026-02-25 19:46:39.483484+00:00,4 h yang lalu,Beban Ekonomi,Nasib Rakyat / Kesejahteraan,Lainnya/Jateng
388,1,,TikTok,rapat untuk membebankan rakyat????,Negatif,,,2026-02-25 19:46:39.483484+00:00,6 h yang lalu,Beban Ekonomi,Nasib Rakyat / Kesejahteraan,Lainnya/Jateng
478,1,,TikTok,terus rakyat mati,Negatif,,,2026-02-25 19:46:39.483484+00:00,5 h yang lalu,Beban Ekonomi,Nasib Rakyat / Kesejahteraan,Lainnya/Jateng
564,1,,TikTok,rakyat selalu di tindas,Negatif,,,2026-02-25 19:46:39.483484+00:00,2-12,Beban Ekonomi,Nasib Rakyat / Kesejahteraan,Lainnya/Jateng
1483,1,,TikTok,memeras rakyat,Negatif,,,2026-02-25 19:46:39.483484+00:00,2-12,Beban Ekonomi,Nasib Rakyat / Kesejahteraan,Lainnya/Jateng
676,1,,TikTok,remok rakyate irrrr,Negatif,,,2026-02-25 19:46:39.483484+00:00,2-13,Beban Ekonomi,Nasib Rakyat / Kesejahteraan,Lainnya/Jateng
692,1,,TikTok,kerjone nyusahin rakyat terossss,Negatif,,,2026-02-25 19:46:39.483484+00:00,2-12,Beban Ekonomi,Nasib Rakyat / Kesejahteraan,Lainnya/Jateng
710,1,,TikTok,rakyat di miskinlan,Negatif,,,2026-02-25 19:46:39.483484+00:00,2-12,Beban Ekonomi,Nasib Rakyat / Kesejahteraan,Lainnya/Jateng
808,1,,TikTok,rakyat to ajak rapat po ra pak ?,Negatif,,,2026-02-25 19:46:39.483484+00:00,1 m yang lalu,Beban Ekonomi,Nasib Rakyat / Kesejahteraan,Lainnya/Jateng
956,1,,TikTok,due utang tp sing kon bayae rakyat.,Negatif,,,2026-02-25 19:46:39.483484+00:00,2-13,Beban Ekonomi,Nasib Rakyat / Kesejahteraan,Lainnya/Jateng
1731,1,,TikTok,mundur aja pak kalo mau memeras rakyat kecil,Negatif,,,2026-02-25 19:46:39.483484+00:00,2-12,Beban Ekonomi,Nasib Rakyat / Kesejahteraan,Lainnya/Jateng
1151,1,,TikTok,kerja ngk ada hasil... utang di bebankan ke rakyat..... mau ketawa takut dosa,Negatif,,,2026-02-25 19:46:39.483484+00:00,1 m yang lalu,Beban Ekonomi,Nasib Rakyat / Kesejahteraan,Lainnya/Jateng
1164,1,,TikTok,kalau ngak bisa bikin sejahtera rakyat minimal ngak nambahin beban hidup rakyat.....,Negatif,,,2026-02-25 19:46:39.483484+00:00,2-12,Beban Ekonomi,Nasib Rakyat / Kesejahteraan,Lainnya/Jateng
1341,1,,TikTok,"bayar utang kok harus rakyat yg bayar,",Negatif,,,2026-02-25 19:46:39.483484+00:00,2-12,Beban Ekonomi,Nasib Rakyat / Kesejahteraan,Lainnya/Jateng
1349,1,,TikTok,rakyat udah kolep masih di cekik kocak,Negatif,,,2026-02-25 19:46:39.483484+00:00,2-12,Beban Ekonomi,Nasib Rakyat / Kesejahteraan,Lainnya/Jateng
1578,1,,TikTok,g' bs cri solusi. slain menekan rakyat...,Negatif,,,2026-02-25 19:46:39.483484+00:00,2-12,Beban Ekonomi,Nasib Rakyat / Kesejahteraan,Lainnya/Jateng
1614,1,,TikTok,akhirnya rakyatnya jga yg membayar utang... 😂,Negatif,,,2026-02-25 19:46:39.483484+00:00,2-12,Beban Ekonomi,Nasib Rakyat / Kesejahteraan,Lainnya/Jateng
1665,1,,TikTok,Dasar Dasar Dasar. bikin puyeng rakyatmu😂,Negatif,,,2026-02-25 19:46:39.483484+00:00,2-12,Beban Ekonomi,Nasib Rakyat / Kesejahteraan,Lainnya/Jateng
1871,1,,TikTok,rakyat yang bayar hutang???,Negatif,,,2026-02-25 19:46:39.483484+00:00,2-12,Beban Ekonomi,Nasib Rakyat / Kesejahteraan,Lainnya/Jateng
1899,1,,TikTok,"rakyat meneh seng kecekik, tiap orang penduwur, an punya dasar, e",Negatif,,,2026-02-25 19:46:39.483484+00:00,2-12,Beban Ekonomi,Nasib Rakyat / Kesejahteraan,Lainnya/Jateng
1911,1,,TikTok,wayaeh meres rakyat😂,Negatif,,,2026-02-25 19:46:39.483484+00:00,2-12,Beban Ekonomi,Nasib Rakyat / Kesejahteraan,Lainnya/Jateng
1913,1,,TikTok,nasibe rakyat akeh iki,Negatif,,,2026-02-25 19:46:39.483484+00:00,2-12,Beban Ekonomi,Nasib Rakyat / Kesejahteraan,Lainnya/Jateng
1916,1,,TikTok,ora pro rakyat blass,Negatif,,,2026-02-25 19:46:39.483484+00:00,2-12,Beban Ekonomi,Nasib Rakyat / Kesejahteraan,Lainnya/Jateng
1972,1,,TikTok,ora meringankan rakyat malah menambah beban rakyat,Negatif,,,2026-02-25 19:46:39.483484+00:00,2-12,Beban Ekonomi,Nasib Rakyat / Kesejahteraan,Lainnya/Jateng
2517,1,,TikTok,dlogok pemeras rakyat kecil,Negatif,,,2026-02-25 19:46:39.483484+00:00,2-12,Beban Ekonomi,Nasib Rakyat / Kesejahteraan,Lainnya/Jateng
2069,1,,TikTok,"gampang
aku gudu rakyat mu deh",Negatif,,,2026-02-25 19:46:39.483484+00:00,2-12,Beban Ekonomi,Nasib Rakyat / Kesejahteraan,Lainnya/Jateng
2094,1,,TikTok,"tidak mensejahterakan rakyatnya
tapi malah menyengsarakan rakyatnya",Negatif,,,2026-02-25 19:46:39.483484+00:00,2-12,Beban Ekonomi,Nasib Rakyat / Kesejahteraan,Lainnya/Jateng
2126,1,,TikTok,yo sawangen to rakyatmu ki bos...iseh kuat gak,Negatif,,,2026-02-25 19:46:39.483484+00:00,2-12,Beban Ekonomi,Nasib Rakyat / Kesejahteraan,Lainnya/Jateng
1671,1,,TikTok,"gupak pulute ora mangan nangkane,
utang hora urusane rakyat...",Negatif,,,2026-02-25 19:46:39.483484+00:00,2-12,Beban Ekonomi,Nasib Rakyat / Kesejahteraan,Pekalongan/Pantura (G)
2462,1,,TikTok,hidup jokowii,Negatif,,,2026-02-25 19:46:39.483484+00:00,2-12,Lainnya,Nasib Rakyat / Kesejahteraan,Lainnya/Jateng
2131,1,,TikTok,Selalu Rakyat Yg Di Rampok...😁😁😁,Negatif,,,2026-02-25 19:46:39.483484+00:00,2-12,Beban Ekonomi,Nasib Rakyat / Kesejahteraan,Lainnya/Jateng
2159,1,,TikTok,utang pemda kok dibebankan rakyat 😅,Negatif,,,2026-02-25 19:46:39.483484+00:00,2-12,Beban Ekonomi,Nasib Rakyat / Kesejahteraan,Lainnya/Jateng
2072,1,,TikTok,kenapa rakyat yg jadi korban,Negatif,,,2026-02-25 19:46:39.483484+00:00,2-12,Beban Ekonomi,Nasib Rakyat / Kesejahteraan,Solo Raya (AD)
2257,1,,TikTok,rakyat semkn menjerit...,Negatif,,,2026-02-25 19:46:39.483484+00:00,2-12,Beban Ekonomi,Nasib Rakyat / Kesejahteraan,Lainnya/Jateng
2266,1,,TikTok,menyengsarakan rakyat,Negatif,,,2026-02-25 19:46:39.483484+00:00,2-12,Beban Ekonomi,Nasib Rakyat / Kesejahteraan,Lainnya/Jateng
2320,1,,TikTok,betul kang defi Mulyadi sangan bisa dan mau memahami rakyatnya masyarakatnya,Negatif,,,2026-02-25 19:46:39.483484+00:00,2-12,Beban Ekonomi,Nasib Rakyat / Kesejahteraan,Lainnya/Jateng
2340,1,,TikTok,senenge meres rakyat,Negatif,,,2026-02-25 19:46:39.483484+00:00,2-12,Beban Ekonomi,Nasib Rakyat / Kesejahteraan,Lainnya/Jateng
2411,1,,TikTok,utang untuk d bagi² ke Pendukung nya AJ... rakyat bagian bayar hutangnya,Negatif,,,2026-02-25 19:46:39.483484+00:00,2-12,Beban Ekonomi,Nasib Rakyat / Kesejahteraan,Lainnya/Jateng
2102,1,,TikTok,"kenapa rakyat kecil yang dikorbankan bos,",Negatif,,,2026-02-25 19:46:39.483484+00:00,2-12,Beban Ekonomi,Nasib Rakyat / Kesejahteraan,Solo Raya (AD)
2428,1,,TikTok,wealah pak pie to kwe or mikir rakyat cilik,Negatif,,,2026-02-25 19:46:39.483484+00:00,2-12,Beban Ekonomi,Nasib Rakyat / Kesejahteraan,Lainnya/Jateng
2443,1,,TikTok,la utange kono kok malah rakyat kon mbayar,Negatif,,,2026-02-25 19:46:39.483484+00:00,2-12,Beban Ekonomi,Nasib Rakyat / Kesejahteraan,Lainnya/Jateng
2451,1,,TikTok,"rakyatmu tekak o
rakyatmu idak2 o",Negatif,,,2026-02-25 19:46:39.483484+00:00,2-12,Beban Ekonomi,Nasib Rakyat / Kesejahteraan,Lainnya/Jateng
2458,1,,TikTok,mundur ae nek ger nyusahke rakyat e,Negatif,,,2026-02-25 19:46:39.483484+00:00,2-12,Beban Ekonomi,Nasib Rakyat / Kesejahteraan,Lainnya/Jateng
2737,2,,TikTok,terserah pak rakyatnya semakin menderita,Negatif,,,2026-02-25 19:46:39.483484+00:00,21 j yang lalu,Beban Ekonomi,Nasib Rakyat / Kesejahteraan,Lainnya/Jateng
895,1,,TikTok,orak mikerno rakyat blas...,Negatif,,,2026-02-25 19:46:39.483484+00:00,2-13,Beban Ekonomi,Nasib Rakyat / Kesejahteraan,Lainnya/Jateng
2846,2,,TikTok,sama saja memberatkan rakyat,Negatif,,,2026-02-25 19:46:39.483484+00:00,1 h yang lalu,Beban Ekonomi,Nasib Rakyat / Kesejahteraan,Lainnya/Jateng
2871,2,,TikTok,ora melas rakyate,Negatif,,,2026-02-25 19:46:39.483484+00:00,1 h yang lalu,Beban Ekonomi,Nasib Rakyat / Kesejahteraan,Lainnya/Jateng
3276,3,,Instagram,BRISIKKKKK NYEKIK RAKYAT !!!!!!,Negatif,,,2026-02-25 19:46:39.483484+00:00,BRISIKKKKK NYEKIK RAKYAT !!!!!!,Beban Ekonomi,Nasib Rakyat / Kesejahteraan,Lainnya/Jateng
3419,3,,Instagram,"Ada pjbt yg bilang nanti rakyat jg trbiasa,, dibalik aja nanti mereka jg terbiasa klo rkyt gk mau karena terlalu tinggi",Negatif,,,2026-02-25 19:46:39.483484+00:00,"Ada pjbt yg bilang nanti rakyat jg trbiasa,, dibalik aja nanti mereka jg terbiasa klo rkyt gk mau karena terlalu tinggi",Beban Ekonomi,Nasib Rakyat / Kesejahteraan,Lainnya/Jateng
3431,3,,Instagram,"Halah akui saja lah, provinsi lain juga tidak demikian. Tunggu pertanggung jawaban kalian di akhirat, doa rakyat terdzholimi apalagi bulan ramadhan",Negatif,,,2026-02-25 19:46:39.483484+00:00,"Halah akui saja lah, provinsi lain juga tidak demikian. Tunggu pertanggung jawaban kalian di akhirat, doa rakyat terdzholimi apalagi bulan ramadhan",Beban Ekonomi,Nasib Rakyat / Kesejahteraan,Lainnya/Jateng
3483,3,,Instagram,Intinya membebani rakyat,Negatif,,,2026-02-25 19:46:39.483484+00:00,Intinya membebani rakyat,Beban Ekonomi,Nasib Rakyat / Kesejahteraan,Lainnya/Jateng
1781,1,,TikTok,"cari alternatif PAD yg lain kan bisa, kok rakyat wae...",Negatif,,,2026-02-25 19:46:39.483484+00:00,2-12,Beban Ekonomi,Nasib Rakyat / Kesejahteraan,Lainnya/Jateng
1802,1,,TikTok,kok dadi membebani rakyat,Negatif,,,2026-02-25 19:46:39.483484+00:00,2-12,Beban Ekonomi,Nasib Rakyat / Kesejahteraan,Lainnya/Jateng
3264,3,,Instagram,Kalau udah tau akan merugikan masyarakatnya kenaap tidsk di tolak? Kan iso ngotot menolak kenaikan demi keberlangsungan hidup orang banyak orak malah nerimo lan legowo 😂,Negatif,,,2026-02-25 19:46:39.483484+00:00,Kalau udah tau akan merugikan masyarakatnya kenaap tidsk di tolak? Kan iso ngotot menolak kenaikan demi keberlangsungan hidup orang banyak orak malah nerimo lan legowo 😂,Beban Ekonomi,Nasib Rakyat / Kesejahteraan,Lainnya/Jateng
2854,2,,TikTok,intinya gawe susah bukan menyenangkan rakyat,Negatif,,,2026-02-25 19:46:39.483484+00:00,1 h yang lalu,Beban Ekonomi,Nasib Rakyat / Kesejahteraan,Lainnya/Jateng
3689,3,,Instagram,Tertib di susahneOra tertib yo podo susaheKudu piye??,Negatif,,,2026-02-25 19:46:39.483484+00:00,Tertib di susahneOra tertib yo podo susaheKudu piye??,Beban Ekonomi,Nasib Rakyat / Kesejahteraan,Lainnya/Jateng
3801,3,,Instagram,Font terakhir lu norak susah dibaca,Negatif,,,2026-02-25 19:46:39.483484+00:00,Font terakhir lu norak susah dibaca,Beban Ekonomi,Nasib Rakyat / Kesejahteraan,Lainnya/Jateng
3816,3,,Instagram,"Karepmu piyeee ...mikir sek ah sakurunge ACC....Iki masalahe, ekonomi lagek koyok ngene cuacane....malah nambahi beban wong....mikiiirrrr woeeeeyyyy😡😡😡😡😡😡",Negatif,,,2026-02-25 19:46:39.483484+00:00,"Karepmu piyeee ...mikir sek ah sakurunge ACC....Iki masalahe, ekonomi lagek koyok ngene cuacane....malah nambahi beban wong....mikiiirrrr woeeeeyyyy😡😡😡😡😡😡",Beban Ekonomi,Nasib Rakyat / Kesejahteraan,Lainnya/Jateng
322,1,,TikTok,kon ra utang pie la wong duit e dikorup 😅,Negatif,,,2026-02-25 19:46:39.483484+00:00,5 h yang lalu,Beban Ekonomi,Nasib Rakyat / Kesejahteraan,Lainnya/Jateng
498,1,,TikTok,BPJS naik ya rugi. gak d naikkan ya rugi. tetep punya hutang . dg naik tetep rugi,Negatif,,,2026-02-25 19:46:39.483484+00:00,2-12,Beban Ekonomi,Nasib Rakyat / Kesejahteraan,Lainnya/Jateng
3890,3,,Instagram,"Kebijakan yang tidak berpihak kepada rakyat nya  inilah salah satu contoh nya, hanya sekedar membuat statement pencitraan",Negatif,,,2026-02-25 19:46:39.483484+00:00,"Kebijakan yang tidak berpihak kepada rakyat nya  inilah salah satu contoh nya, hanya sekedar membuat statement pencitraan",Kekecewaan Politik,Nasib Rakyat / Kesejahteraan,Lainnya/Jateng
3303,3,,Instagram,"kalo bayarnya lebih besar byk dari tahun lalu, apa itu namanya?? mau kata2nya diputar balik gimana, intinya naik kan? susah amat sik blg naik??? Kalo untuk pembangunan, uang yg dikorupsi kalo dikalkulasi bisa 1000T itu kan bisa buat pembangunan to, kok dibebankan rakyat lagi 😮",Negatif,,,2026-02-25 19:46:39.483484+00:00,"kalo bayarnya lebih besar byk dari tahun lalu, apa itu namanya?? mau kata2nya diputar balik gimana, intinya naik kan? susah amat sik blg naik??? Kalo untuk pembangunan, uang yg dikorupsi kalo dikalkulasi bisa 1000T itu kan bisa buat pembangunan to, kok dibebankan rakyat lagi 😮",Beban Ekonomi,Nasib Rakyat / Kesejahteraan,Pekalongan/Pantura (G)
180,1,,TikTok,"tanah + batu di ambilin di daerah batang , masih aja punya utang banyak , lantas keuntungan nya lari kemana ?",Negatif,,,2026-02-25 19:46:39.483484+00:00,2-12,Lainnya,Nasib Rakyat / Kesejahteraan,Pekalongan/Pantura (G)
729,1,,TikTok,nek utang di omong2na giliran bonus ya meneng bae koh gumun nyong,Negatif,,,2026-02-25 19:46:39.483484+00:00,2-12,Kekecewaan Politik,Nasib Rakyat / Kesejahteraan,Banyumas/Barat (R)
3637,3,,Instagram,Tidak ada kenaikan apaaan.... Habis bayar pajar ni pak... Munggah e duwur tenan... Tego tenan pak pak.... Rakyatmu mbok cekik dewe!!,Negatif,,,2026-02-25 19:46:39.483484+00:00,Tidak ada kenaikan apaaan.... Habis bayar pajar ni pak... Munggah e duwur tenan... Tego tenan pak pak.... Rakyatmu mbok cekik dewe!!,Beban Ekonomi,Nasib Rakyat / Kesejahteraan,Solo Raya (AD)
2471,1,,TikTok,wooo alah alah.mbok mikir ekonomi rakyat ki koyo opo.,Negatif,,,2026-02-25 19:46:39.483484+00:00,2-12,Beban Ekonomi,Nasib Rakyat / Kesejahteraan,Solo Raya (AD)
658,1,,TikTok,aturanya semau pejabat .... rakyat diperas ....,Negatif,,,2026-02-25 19:46:39.483484+00:00,2-13,Beban Ekonomi,Institusi (Bapenda/Samsat),Lainnya/Jateng
3257,3,,Instagram,bayar tunggu pemutihan mawon😂,Negatif,,,2026-02-25 19:46:39.483484+00:00,bayar tunggu pemutihan mawon😂,Lainnya,Institusi (Bapenda/Samsat),Lainnya/Jateng
2695,2,,TikTok,klu pajag ga naik nanti g kenyang dong para tikus berdasi,Negatif,,,2026-02-25 19:46:39.483484+00:00,18 j yang lalu,Beban Ekonomi,Institusi (Bapenda/Samsat),Lainnya/Jateng
2866,2,,TikTok,uang nya habis biat bayar buzzer,Negatif,,,2026-02-25 19:46:39.483484+00:00,1 h yang lalu,Beban Ekonomi,Institusi (Bapenda/Samsat),Lainnya/Jateng
2967,3,,Instagram,Yg rajin bayar dinaikin tarifnya. Yg gak bayar malah dapat pemutihan.kocaknya negeriku,Negatif,,,2026-02-25 19:46:39.483484+00:00,Yg rajin bayar dinaikin tarifnya. Yg gak bayar malah dapat pemutihan.kocaknya negeriku,Beban Ekonomi,Institusi (Bapenda/Samsat),Lainnya/Jateng
3447,3,,Instagram,Yg rajin bayar dinaikin tarifnya. Yg gak bayar malah dapat pemutihan.kocaknya negeriku,Negatif,,,2026-02-25 19:46:39.483484+00:00,Yg rajin bayar dinaikin tarifnya. Yg gak bayar malah dapat pemutihan.kocaknya negeriku,Beban Ekonomi,Institusi (Bapenda/Samsat),Lainnya/Jateng
3518,3,,Instagram,Intinnya kalo bayar naik dr th sebelumnya ya ada kenaikan. Kalo kalian bilang gak ada kenaikan jadi pertanyaan tujuannya framing biar masyarakat tenang atau takut di demo besar2an? 😂,Negatif,,,2026-02-25 19:46:39.483484+00:00,Intinnya kalo bayar naik dr th sebelumnya ya ada kenaikan. Kalo kalian bilang gak ada kenaikan jadi pertanyaan tujuannya framing biar masyarakat tenang atau takut di demo besar2an? 😂,Beban Ekonomi,Institusi (Bapenda/Samsat),Lainnya/Jateng
3577,3,,Instagram,Intinya bayar 2026 lebih mahal daripada 2025. Ya intinya naik bukan makin turun,Negatif,,,2026-02-25 19:46:39.483484+00:00,Intinya bayar 2026 lebih mahal daripada 2025. Ya intinya naik bukan makin turun,Beban Ekonomi,Institusi (Bapenda/Samsat),Lainnya/Jateng
3580,3,,Instagram,"Dari bayar 3,2 juta, lalu bayar 3,6 juta. Ada selisih 400rb.itu bukan naik ya???",Negatif,,,2026-02-25 19:46:39.483484+00:00,"Dari bayar 3,2 juta, lalu bayar 3,6 juta. Ada selisih 400rb.itu bukan naik ya???",Beban Ekonomi,Institusi (Bapenda/Samsat),Lainnya/Jateng
3646,3,,Instagram,nek bayare soyo larang jenenge ya naik min😂,Negatif,,,2026-02-25 19:46:39.483484+00:00,nek bayare soyo larang jenenge ya naik min😂,Beban Ekonomi,Institusi (Bapenda/Samsat),Lainnya/Jateng
2407,1,,TikTok,sopo wingi sing milih lutfi.. aku sing ora milih jd kena dampak nya,Negatif,,,2026-02-25 19:46:39.483484+00:00,2-12,Lainnya,Gubernur,Lainnya/Jateng
1038,1,,TikTok,kecewa.. udah ga usah bayar,Negatif,,,2026-02-25 19:46:39.483484+00:00,1 m yang lalu,Kekecewaan Politik,Institusi (Bapenda/Samsat),Lainnya/Jateng
2730,2,,TikTok,Jabar naik ga,Negatif,,,2026-02-25 19:46:39.483484+00:00,20 j yang lalu,Beban Ekonomi,Pemerintahan,Lainnya/Jateng
2670,2,,TikTok,tahun lalu belum terasa?? saya bayar juli 2025 sdh naik 500ribu lho,Negatif,,,2026-02-25 19:46:39.483484+00:00,15 j yang lalu,Beban Ekonomi,Institusi (Bapenda/Samsat),Pekalongan/Pantura (G)
2811,2,,TikTok,kalau bayarnya lebih besar fr tshun kemarin ya namanya NAIK om,Negatif,,,2026-02-25 19:46:39.483484+00:00,1 h yang lalu,Beban Ekonomi,Institusi (Bapenda/Samsat),Pekalongan/Pantura (G)
3536,3,,Instagram,bingung mau byr PJK. eman2 duitnya.. mending utk kebutuhan anak dl,Negatif,,,2026-02-25 19:46:39.483484+00:00,bingung mau byr PJK. eman2 duitnya.. mending utk kebutuhan anak dl,Beban Ekonomi,Institusi (Bapenda/Samsat),Pekalongan/Pantura (G)
3723,3,,Instagram,Apanya ga naik… judul e pas bayar NAIK.. trus yg ga naik di bagian mananya?,Negatif,,,2026-02-25 19:46:39.483484+00:00,Apanya ga naik… judul e pas bayar NAIK.. trus yg ga naik di bagian mananya?,Beban Ekonomi,Institusi (Bapenda/Samsat),Pekalongan/Pantura (G)
3170,3,,Instagram,Tapi kok DIY dengan mobil& tahun yg sama kok bisa lebih murah?? Apa UU nya beda?,Negatif,,,2026-02-25 19:46:39.483484+00:00,Tapi kok DIY dengan mobil& tahun yg sama kok bisa lebih murah?? Apa UU nya beda?,Lainnya,Pemerintahan,Pekalongan/Pantura (G)
424,1,,TikTok,Opsen iku kewan opo yo mbah..,Negatif,,,2026-02-25 19:46:39.483484+00:00,6 h yang lalu,Lainnya,Institusi (Bapenda/Samsat),Lainnya/Jateng
261,1,,TikTok,mayoran duwit rakyat oleh para pejabat😅,Negatif,,,2026-02-25 19:46:39.483484+00:00,4 h yang lalu,Beban Ekonomi,Pemerintahan,Lainnya/Jateng
2439,1,,TikTok,"pajak naik UMK naik dong surabaya gersik aja 4jt lebih kok semarang 3,5 pak pak tolong donk kebijakannya itu lebih mementingkan rakyat pak",Negatif,,,2026-02-25 19:46:39.483484+00:00,2-12,Beban Ekonomi,Institusi (Bapenda/Samsat),Semarang Raya (H)
2788,2,,TikTok,"naikin umk kab semarang
sesok tak bayar wes pajek ke😅😅😅",Negatif,,,2026-02-25 19:46:39.483484+00:00,23 j yang lalu,Beban Ekonomi,Institusi (Bapenda/Samsat),Semarang Raya (H)
3147,3,,Instagram,"nihhh saya habis bayar pajak motor, tumben kemarin bayar satu tahunan di samsat keliling daerah Kab. Semarang, Motor tdk atas nama tapi tdk di pungut biaya tambahan nembak KTP sprti tahun-tahun sebelumnya.. hnya mendapat wejangan ""Tahun ini kita bantu, tapi untuk tahun depan tolong di balik nama yaa kak?"" tapi saat pembayaran saya perhatikan tidak ada yg pakai baju seragam cokelat pemalak.. klau tahun-tahun sebelumnya ada seragam cokelat tukang palak, ini menurut kalian kebetulan atau memang di hapuskan biaya nembak KTP atau pas gak ada tukang palak berseragam cokelat yaa??",Negatif,,,2026-02-25 19:46:39.483484+00:00,"nihhh saya habis bayar pajak motor, tumben kemarin bayar satu tahunan di samsat keliling daerah Kab. Semarang, Motor tdk atas nama tapi tdk di pungut biaya tambahan nembak KTP sprti tahun-tahun sebelumnya.. hnya mendapat wejangan ""Tahun ini kita bantu, tapi untuk tahun depan tolong di balik nama yaa kak?"" tapi saat pembayaran saya perhatikan tidak ada yg pakai baju seragam cokelat pemalak.. klau tahun-tahun sebelumnya ada seragam cokelat tukang palak, ini menurut kalian kebetulan atau memang di hapuskan biaya nembak KTP atau pas gak ada tukang palak berseragam cokelat yaa??",Beban Ekonomi,Institusi (Bapenda/Samsat),Semarang Raya (H)
1491,1,,TikTok,Slm dr kota Semarang Jawa Tengah.. gubernur makan gajih buta,Negatif,,,2026-02-25 19:46:39.483484+00:00,2-12,Beban Ekonomi,Gubernur,Semarang Raya (H)
2993,3,,Instagram,Tolong di tindaklanjuti sebelum masyarakat brutal Lo nanti Semarang membara 🔥🔥😂😂,Negatif,,,2026-02-25 19:46:39.483484+00:00,Tolong di tindaklanjuti sebelum masyarakat brutal Lo nanti Semarang membara 🔥🔥😂😂,Lainnya,Lainnya,Semarang Raya (H)
671,1,,TikTok,dalan mu pieeee bossss sukoharjo dalan wes mbok dandani,Negatif,,,2026-02-25 19:46:39.483484+00:00,2-13,Infrastruktur,Lainnya,Solo Raya (AD)
3368,3,,Instagram,"Salam dari PEDAN KLATEN, tahun ini saya tidak akan BAYAR PAJAK 🙌",Negatif,,,2026-02-25 19:46:39.483484+00:00,"Salam dari PEDAN KLATEN, tahun ini saya tidak akan BAYAR PAJAK 🙌",Lainnya,Institusi (Bapenda/Samsat),Solo Raya (AD)
432,1,,TikTok,sing milih Lutfi jan tuempikkkk,Negatif,,,2026-02-25 19:46:39.483484+00:00,1 m yang lalu,Lainnya,Gubernur,Lainnya/Jateng
552,1,,TikTok,"gejlok aq, ngertio ra milih lutfi",Negatif,,,2026-02-25 19:46:39.483484+00:00,2-12,Lainnya,Gubernur,Lainnya/Jateng
832,1,,TikTok,menyesallll milih lutfi,Negatif,,,2026-02-25 19:46:39.483484+00:00,4 h yang lalu,Lainnya,Gubernur,Lainnya/Jateng
1777,1,,TikTok,q GK milih Lutfi kena dampaknya,Negatif,,,2026-02-25 19:46:39.483484+00:00,2-12,Lainnya,Gubernur,Lainnya/Jateng
1949,1,,TikTok,Alhamdulillah tidak salah AQ milih pak lutfi,Negatif,,,2026-02-25 19:46:39.483484+00:00,2-12,Lainnya,Gubernur,Lainnya/Jateng
934,1,,TikTok,boikot bayar aja klw opsen Ndak di hapus,Negatif,,,2026-02-25 19:46:39.483484+00:00,2-13,Lainnya,Institusi (Bapenda/Samsat),Lainnya/Jateng
169,1,,TikTok,sak karebmu pak.... mumpung awakmu ijehh berkuasa....Jo mikirnoo wong cilikk...,Negatif,,,2026-02-25 19:46:39.483484+00:00,2-13,Lainnya,Pemerintahan,Lainnya/Jateng
175,1,,TikTok,kakean undang undang nganti keblinger,Negatif,,,2026-02-25 19:46:39.483484+00:00,2-12,Lainnya,Pemerintahan,Lainnya/Jateng
200,1,,TikTok,""" harus berdasarkan aturan ""
dan aturannya suka2 mereka bikin",Negatif,,,2026-02-25 19:46:39.483484+00:00,2 h yang lalu,Lainnya,Pemerintahan,Lainnya/Jateng
524,1,,TikTok,hobi amat peras rakyat lu,Negatif,,,2026-02-25 19:46:39.483484+00:00,2-12,Beban Ekonomi,Institusi (Bapenda/Samsat),Lainnya/Jateng
789,1,,TikTok,HAPUS OPSEN YG MEMBERATKAN RAKYAT,Negatif,,,2026-02-25 19:46:39.483484+00:00,1 m yang lalu,Beban Ekonomi,Institusi (Bapenda/Samsat),Lainnya/Jateng
919,1,,TikTok,Ternak Mulyono sukses peras rakyatnya,Negatif,,,2026-02-25 19:46:39.483484+00:00,2-13,Beban Ekonomi,Institusi (Bapenda/Samsat),Lainnya/Jateng
871,1,,TikTok,rakyat makin di peras,Negatif,,,2026-02-25 19:46:39.483484+00:00,2-13,Beban Ekonomi,Institusi (Bapenda/Samsat),Lainnya/Jateng
198,1,,TikTok,parah,Negatif,,,2026-02-25 19:46:39.483484+00:00,2-12,Lainnya,Lainnya,Lainnya/Jateng
201,1,,TikTok,Sak seneng mu,Negatif,,,2026-02-25 19:46:39.483484+00:00,2 h yang lalu,Lainnya,Lainnya,Lainnya/Jateng
207,1,,TikTok,siaaaaap,Negatif,,,2026-02-25 19:46:39.483484+00:00,2 h yang lalu,Lainnya,Lainnya,Lainnya/Jateng
190,1,,TikTok,aturan yg menyiksa rakyatnya,Negatif,,,2026-02-25 19:46:39.483484+00:00,2-12,Beban Ekonomi,Pemerintahan,Lainnya/Jateng
3644,3,,Instagram,"PAJAK TAPI JALAN MASIH BANYAK YG BERLUBANG, LAPOR BUPATI LAMA BGT DI TINDAKNYA ,LOK DAERAH GATAK, SUKOHARJO",Negatif,,,2026-02-25 19:46:39.483484+00:00,"PAJAK TAPI JALAN MASIH BANYAK YG BERLUBANG, LAPOR BUPATI LAMA BGT DI TINDAKNYA ,LOK DAERAH GATAK, SUKOHARJO",Infrastruktur,Institusi (Bapenda/Samsat),Pati/Muria (K)
2932,3,,Instagram,"PAJAK TAPI JALAN MASIH BANYAK YG BERLUBANG, LAPOR BUPATI LAMA BGT DI TINDAKNYA ,LOK DAERAH GATAK, SUKOHARJO",Negatif,,,2026-02-25 19:46:39.483484+00:00,"PAJAK TAPI JALAN MASIH BANYAK YG BERLUBANG, LAPOR BUPATI LAMA BGT DI TINDAKNYA ,LOK DAERAH GATAK, SUKOHARJO",Infrastruktur,Institusi (Bapenda/Samsat),Pati/Muria (K)
196,1,,TikTok,"piutang daerah ,,,Hem.",Negatif,,,2026-02-25 19:46:39.483484+00:00,2-12,Lainnya,Nasib Rakyat / Kesejahteraan,Lainnya/Jateng
187,1,,TikTok,"seng utang sopo,seng byr sopo.bolak balik wong seng paling menderita y rakyat cilek",Negatif,,,2026-02-25 19:46:39.483484+00:00,2-12,Beban Ekonomi,Nasib Rakyat / Kesejahteraan,Lainnya/Jateng
209,1,,TikTok,puitang daerah trus rakyat kon melu nyaur po pak??? mikiri utange dwe be mumet ndase ko,Negatif,,,2026-02-25 19:46:39.483484+00:00,2 h yang lalu,Beban Ekonomi,Nasib Rakyat / Kesejahteraan,Lainnya/Jateng
194,1,,TikTok,jarang nongol sekali nongol menaekan pajag,Negatif,,,2026-02-25 19:46:39.483484+00:00,2-12,Lainnya,Gubernur,Lainnya/Jateng
195,1,,TikTok,biasa ngelEs..,Negatif,,,2026-02-25 19:46:39.483484+00:00,2-12,Lainnya,Gubernur,Lainnya/Jateng
203,1,,TikTok,ora arep bayar,Negatif,,,2026-02-25 19:46:39.483484+00:00,2 h yang lalu,Lainnya,Institusi (Bapenda/Samsat),Lainnya/Jateng
211,1,,TikTok,Jawatimur Yo naek boloo,Negatif,,,2026-02-25 19:46:39.483484+00:00,2 h yang lalu,Lainnya,Pemerintahan,Lainnya/Jateng
406,1,,TikTok,hehehe masyarakat punya utang... 😄,Negatif,,,2026-02-25 19:46:39.483484+00:00,6 h yang lalu,Lainnya,Nasib Rakyat / Kesejahteraan,Lainnya/Jateng
252,1,,TikTok,getun,Negatif,,,2026-02-25 19:46:39.483484+00:00,3 h yang lalu,Lainnya,Gubernur,Lainnya/Jateng
254,1,,TikTok,rausah digugu,Negatif,,,2026-02-25 19:46:39.483484+00:00,4 h yang lalu,Lainnya,Gubernur,Lainnya/Jateng
246,1,,TikTok,aku melu,Negatif,,,2026-02-25 19:46:39.483484+00:00,3 h yang lalu,Lainnya,Lainnya,Lainnya/Jateng
259,1,,TikTok,𝙗𝙚𝙠𝙖𝙨 𝙥𝙤𝙡𝙞𝙨𝙞,Negatif,,,2026-02-25 19:46:39.483484+00:00,4 h yang lalu,Lainnya,Lainnya,Lainnya/Jateng
260,1,,TikTok,ijolno krupuk,Negatif,,,2026-02-25 19:46:39.483484+00:00,4 h yang lalu,Lainnya,Lainnya,Lainnya/Jateng
265,1,,TikTok,ora jedag,Negatif,,,2026-02-25 19:46:39.483484+00:00,4 h yang lalu,Lainnya,Lainnya,Lainnya/Jateng
267,1,,TikTok,prettt,Negatif,,,2026-02-25 19:46:39.483484+00:00,4 h yang lalu,Lainnya,Lainnya,Lainnya/Jateng
274,1,,TikTok,KOPLAKKKK,Negatif,,,2026-02-25 19:46:39.483484+00:00,4 h yang lalu,Lainnya,Lainnya,Lainnya/Jateng
280,1,,TikTok,[stiker],Negatif,,,2026-02-25 19:46:39.483484+00:00,4 h yang lalu,Lainnya,Lainnya,Lainnya/Jateng
284,1,,TikTok,Semrawut,Negatif,,,2026-02-25 19:46:39.483484+00:00,4 h yang lalu,Lainnya,Lainnya,Lainnya/Jateng
285,1,,TikTok,t**,Negatif,,,2026-02-25 19:46:39.483484+00:00,4 h yang lalu,Lainnya,Lainnya,Lainnya/Jateng
339,1,,TikTok,gasss melon,Negatif,,,2026-02-25 19:46:39.483484+00:00,5 h yang lalu,Lainnya,Lainnya,Lainnya/Jateng
340,1,,TikTok,UMR Jatim berapa iya?,Negatif,,,2026-02-25 19:46:39.483484+00:00,5 h yang lalu,Lainnya,Lainnya,Lainnya/Jateng
344,1,,TikTok,"Ojo sak karepe Dewe,rungok ke masyarakate.",Negatif,,,2026-02-25 19:46:39.483484+00:00,5 h yang lalu,Lainnya,Lainnya,Lainnya/Jateng
349,1,,TikTok,MUNDUR AJA WOIIII,Negatif,,,2026-02-25 19:46:39.483484+00:00,5 h yang lalu,Lainnya,Lainnya,Lainnya/Jateng
353,1,,TikTok,Ayo dang di demo,Negatif,,,2026-02-25 19:46:39.483484+00:00,6 h yang lalu,Lainnya,Lainnya,Lainnya/Jateng
358,1,,TikTok,Biar Makin kenyang ya pak salah satunya..,Negatif,,,2026-02-25 19:46:39.483484+00:00,6 h yang lalu,Lainnya,Lainnya,Lainnya/Jateng
359,1,,TikTok,Umr e sepira ora le munggahna ra kira kira🗿,Negatif,,,2026-02-25 19:46:39.483484+00:00,6 h yang lalu,Lainnya,Lainnya,Lainnya/Jateng
369,1,,TikTok,Siapa sih dy? Ko baru keliatan,Negatif,,,2026-02-25 19:46:39.483484+00:00,6 h yang lalu,Lainnya,Lainnya,Lainnya/Jateng
374,1,,TikTok,ppppppppppprrrrrrrrrreeeeeeeettttttttttttt......,Negatif,,,2026-02-25 19:46:39.483484+00:00,6 h yang lalu,Lainnya,Lainnya,Lainnya/Jateng
383,1,,TikTok,muakkkk kaliiiili,Negatif,,,2026-02-25 19:46:39.483484+00:00,6 h yang lalu,Lainnya,Lainnya,Lainnya/Jateng
384,1,,TikTok,dasar pondasi OPO dasar lautan,Negatif,,,2026-02-25 19:46:39.483484+00:00,6 h yang lalu,Lainnya,Lainnya,Lainnya/Jateng
393,1,,TikTok,mundur,Negatif,,,2026-02-25 19:46:39.483484+00:00,6 h yang lalu,Lainnya,Lainnya,Lainnya/Jateng
396,1,,TikTok,"ah tembelek singa ,,,",Negatif,,,2026-02-25 19:46:39.483484+00:00,6 h yang lalu,Lainnya,Lainnya,Lainnya/Jateng
397,1,,TikTok,ngga ada ngaruhnya buat mastarakat🤣🤣,Negatif,,,2026-02-25 19:46:39.483484+00:00,6 h yang lalu,Lainnya,Lainnya,Lainnya/Jateng
399,1,,TikTok,prettt,Negatif,,,2026-02-25 19:46:39.483484+00:00,6 h yang lalu,Lainnya,Lainnya,Lainnya/Jateng
465,1,,TikTok,😁😁😁😁😁,Negatif,,,2026-02-25 19:46:39.483484+00:00,1 h yang lalu,Lainnya,Lainnya,Lainnya/Jateng
466,1,,TikTok,😂😂😂😂,Negatif,,,2026-02-25 19:46:39.483484+00:00,2 h yang lalu,Lainnya,Lainnya,Lainnya/Jateng
467,1,,TikTok,🤣🤣🤣😂,Negatif,,,2026-02-25 19:46:39.483484+00:00,5 h yang lalu,Lainnya,Lainnya,Lainnya/Jateng
468,1,,TikTok,🥰🥰🥰🥰,Negatif,,,2026-02-25 19:46:39.483484+00:00,5 h yang lalu,Lainnya,Lainnya,Lainnya/Jateng
469,1,,TikTok,🥰🥰🥰,Negatif,,,2026-02-25 19:46:39.483484+00:00,6 h yang lalu,Lainnya,Lainnya,Lainnya/Jateng
470,1,,TikTok,kerjomu ki ngopo,Negatif,,,2026-02-25 19:46:39.483484+00:00,6 h yang lalu,Lainnya,Lainnya,Lainnya/Jateng
233,1,,TikTok,"Karepmu pakk ,, penting akuu gelo milehh koe ,,😭😭",Negatif,,,2026-02-25 19:46:39.483484+00:00,2-12,Lainnya,Gubernur,Lainnya/Jateng
237,1,,TikTok,untung aku gak milih,Negatif,,,2026-02-25 19:46:39.483484+00:00,3 h yang lalu,Lainnya,Gubernur,Lainnya/Jateng
249,1,,TikTok,cuan2 begitulah para oligarki😂,Negatif,,,2026-02-25 19:46:39.483484+00:00,3 h yang lalu,Lainnya,Institusi (Bapenda/Samsat),Lainnya/Jateng
345,1,,TikTok,ora mah bayar....ae😂,Negatif,,,2026-02-25 19:46:39.483484+00:00,5 h yang lalu,Lainnya,Institusi (Bapenda/Samsat),Lainnya/Jateng
248,1,,TikTok,dasar aturan kalo ada kepentingan saja,Negatif,,,2026-02-25 19:46:39.483484+00:00,3 h yang lalu,Lainnya,Pemerintahan,Lainnya/Jateng
355,1,,TikTok,stop bayar,Negatif,,,2026-02-25 19:46:39.483484+00:00,6 h yang lalu,Lainnya,Institusi (Bapenda/Samsat),Lainnya/Jateng
251,1,,TikTok,genksi mau ikutan jabar 😁🤣,Negatif,,,2026-02-25 19:46:39.483484+00:00,3 h yang lalu,Lainnya,Pemerintahan,Lainnya/Jateng
1120,1,,TikTok,pemerasan,Negatif,,,2026-02-25 19:46:39.483484+00:00,1 m yang lalu,Lainnya,Pemerintahan,Lainnya/Jateng
266,1,,TikTok,dasarnya aja ....harusnya kaya Jawabarat dan Banten 😂,Negatif,,,2026-02-25 19:46:39.483484+00:00,4 h yang lalu,Lainnya,Pemerintahan,Lainnya/Jateng
268,1,,TikTok,"kakehen dikorup pak,",Negatif,,,2026-02-25 19:46:39.483484+00:00,4 h yang lalu,Lainnya,Pemerintahan,Lainnya/Jateng
282,1,,TikTok,kpk tolong harap d awasi,Negatif,,,2026-02-25 19:46:39.483484+00:00,4 h yang lalu,Lainnya,Pemerintahan,Lainnya/Jateng
288,1,,TikTok,di korupsi tuh😂😂,Negatif,,,2026-02-25 19:46:39.483484+00:00,4 h yang lalu,Lainnya,Pemerintahan,Lainnya/Jateng
270,1,,TikTok,"""ra usah nggaya"" Jarene",Negatif,,,2026-02-25 19:46:39.483484+00:00,4 h yang lalu,Lainnya,Gubernur,Lainnya/Jateng
286,1,,TikTok,raa memper blass😩,Negatif,,,2026-02-25 19:46:39.483484+00:00,4 h yang lalu,Lainnya,Gubernur,Lainnya/Jateng
483,1,,TikTok,piutang?kapan u ngutangi?,Negatif,,,2026-02-25 19:46:39.483484+00:00,2-12,Lainnya,Nasib Rakyat / Kesejahteraan,Lainnya/Jateng
596,1,,TikTok,utang ke siapa jon??,Negatif,,,2026-02-25 19:46:39.483484+00:00,2-12,Lainnya,Nasib Rakyat / Kesejahteraan,Lainnya/Jateng
488,1,,TikTok,ga usah bayar..,Negatif,,,2026-02-25 19:46:39.483484+00:00,2-12,Lainnya,Institusi (Bapenda/Samsat),Lainnya/Jateng
495,1,,TikTok,rasa di piker rasetuju rasa bayar lhosssss,Negatif,,,2026-02-25 19:46:39.483484+00:00,2-12,Lainnya,Institusi (Bapenda/Samsat),Lainnya/Jateng
472,1,,TikTok,curiga murid kesayangan sri mul,Negatif,,,2026-02-25 19:46:39.483484+00:00,2 h yang lalu,Lainnya,Lainnya,Lainnya/Jateng
474,1,,TikTok,𝙡𝙞𝙝𝙖𝙩 𝙜𝙖𝙣𝙟𝙖𝙖𝙧 𝙚𝙡𝙪 1 𝙥𝙚𝙧𝙞𝙤𝙙𝙚 𝙖𝙟𝙖 𝙩𝙚𝙧𝙥𝙖𝙠𝙨𝙖,Negatif,,,2026-02-25 19:46:39.483484+00:00,4 h yang lalu,Lainnya,Lainnya,Lainnya/Jateng
475,1,,TikTok,𝙛𝙞𝙞 𝙡𝙪𝙩𝙛𝙞 𝙗𝙚𝙡𝙖𝙟𝙖𝙧 𝙠𝙚 𝙂𝙖𝙣𝙟𝙖𝙧 𝙥𝙧𝙖𝙣𝙤𝙬𝙤,Negatif,,,2026-02-25 19:46:39.483484+00:00,4 h yang lalu,Lainnya,Lainnya,Lainnya/Jateng
480,1,,TikTok,cuk,Negatif,,,2026-02-25 19:46:39.483484+00:00,6 h yang lalu,Lainnya,Lainnya,Lainnya/Jateng
485,1,,TikTok,mending ngga usah punya kendraan PLT lokal beli aja PLT luar,Negatif,,,2026-02-25 19:46:39.483484+00:00,2-12,Lainnya,Lainnya,Lainnya/Jateng
531,1,,TikTok,kita harus demo,Negatif,,,2026-02-25 19:46:39.483484+00:00,2-12,Lainnya,Lainnya,Lainnya/Jateng
534,1,,TikTok,kerja nol,Negatif,,,2026-02-25 19:46:39.483484+00:00,2-12,Lainnya,Lainnya,Lainnya/Jateng
536,1,,TikTok,waaaalaaah...,Negatif,,,2026-02-25 19:46:39.483484+00:00,2-12,Lainnya,Lainnya,Lainnya/Jateng
544,1,,TikTok,g usah byr,Negatif,,,2026-02-25 19:46:39.483484+00:00,2-12,Lainnya,Lainnya,Lainnya/Jateng
550,1,,TikTok,turunkan,Negatif,,,2026-02-25 19:46:39.483484+00:00,2-12,Lainnya,Lainnya,Lainnya/Jateng
558,1,,TikTok,[stiker],Negatif,,,2026-02-25 19:46:39.483484+00:00,2-12,Lainnya,Lainnya,Lainnya/Jateng
559,1,,TikTok,gas demo,Negatif,,,2026-02-25 19:46:39.483484+00:00,2-12,Lainnya,Lainnya,Lainnya/Jateng
561,1,,TikTok,dasare nggedabrus,Negatif,,,2026-02-25 19:46:39.483484+00:00,2-12,Lainnya,Lainnya,Lainnya/Jateng
562,1,,TikTok,g sesuai ekpetasi dengan kmpanyenya,Negatif,,,2026-02-25 19:46:39.483484+00:00,2-12,Lainnya,Lainnya,Lainnya/Jateng
563,1,,TikTok,kita turun jln rame2,Negatif,,,2026-02-25 19:46:39.483484+00:00,2-12,Lainnya,Lainnya,Lainnya/Jateng
566,1,,TikTok,"ra mutu blas,,,",Negatif,,,2026-02-25 19:46:39.483484+00:00,2-12,Lainnya,Lainnya,Lainnya/Jateng
577,1,,TikTok,dobolan tok,Negatif,,,2026-02-25 19:46:39.483484+00:00,2-12,Lainnya,Lainnya,Lainnya/Jateng
578,1,,TikTok,demoooooo besarrrr😄😄😄,Negatif,,,2026-02-25 19:46:39.483484+00:00,2-12,Lainnya,Lainnya,Lainnya/Jateng
581,1,,TikTok,geger neh iki. sudewo jilid 2,Negatif,,,2026-02-25 19:46:39.483484+00:00,2-12,Lainnya,Lainnya,Lainnya/Jateng
587,1,,TikTok,stuju,Negatif,,,2026-02-25 19:46:39.483484+00:00,2-12,Lainnya,Lainnya,Lainnya/Jateng
590,1,,TikTok,kebijakan yang memberatkan masyarakat ....parah parah,Negatif,,,2026-02-25 19:46:39.483484+00:00,2-12,Lainnya,Lainnya,Lainnya/Jateng
593,1,,TikTok,peresss terosss,Negatif,,,2026-02-25 19:46:39.483484+00:00,2-12,Lainnya,Lainnya,Lainnya/Jateng
600,1,,TikTok,"HAIIII GAESSSS...
YO ISONE MUNG NGENE..",Negatif,,,2026-02-25 19:46:39.483484+00:00,2-12,Lainnya,Lainnya,Lainnya/Jateng
601,1,,TikTok,"dasar nya kita harus balek modal daaaaa Nn ,,,,,,
😂😂😂😂😂😂",Negatif,,,2026-02-25 19:46:39.483484+00:00,2-12,Lainnya,Lainnya,Lainnya/Jateng
502,1,,TikTok,turunkan lutpi,Negatif,,,2026-02-25 19:46:39.483484+00:00,2-12,Lainnya,Lainnya,Lainnya/Jateng
1131,1,,TikTok,"opsen 66% dr PKB, ini dasarnya apa?",Negatif,,,2026-02-25 19:46:39.483484+00:00,1 m yang lalu,Lainnya,Institusi (Bapenda/Samsat),Lainnya/Jateng
645,1,,TikTok,DEMO,Negatif,,,2026-02-25 19:46:39.483484+00:00,2-12,Lainnya,Lainnya,Lainnya/Jateng
646,1,,TikTok,"dungone mugo dilengserke,🤲🤲🤲🤲",Negatif,,,2026-02-25 19:46:39.483484+00:00,2-12,Lainnya,Lainnya,Lainnya/Jateng
652,1,,TikTok,demoo,Negatif,,,2026-02-25 19:46:39.483484+00:00,2-13,Lainnya,Lainnya,Lainnya/Jateng
655,1,,TikTok,turun saja lah,Negatif,,,2026-02-25 19:46:39.483484+00:00,2-13,Lainnya,Lainnya,Lainnya/Jateng
656,1,,TikTok,untung aku numpak celeng,Negatif,,,2026-02-25 19:46:39.483484+00:00,2-13,Lainnya,Lainnya,Lainnya/Jateng
657,1,,TikTok,"Kalah karo RT gonku,renopasi mushola wae ra teriak2😁",Negatif,,,2026-02-25 19:46:39.483484+00:00,2-13,Lainnya,Lainnya,Lainnya/Jateng
660,1,,TikTok,agendakan demo,Negatif,,,2026-02-25 19:46:39.483484+00:00,2-13,Lainnya,Lainnya,Lainnya/Jateng
666,1,,TikTok,[stiker],Negatif,,,2026-02-25 19:46:39.483484+00:00,2-13,Lainnya,Lainnya,Lainnya/Jateng
667,1,,TikTok,mending pa Ganjar,Negatif,,,2026-02-25 19:46:39.483484+00:00,2-13,Lainnya,Lainnya,Lainnya/Jateng
515,1,,TikTok,😂kon milih ijo malah milih coklat😅😅😅,Negatif,,,2026-02-25 19:46:39.483484+00:00,2-12,Lainnya,Gubernur,Lainnya/Jateng
535,1,,TikTok,"Siapa yg milih lah,sdh dibilang dr sipil aja",Negatif,,,2026-02-25 19:46:39.483484+00:00,2-12,Lainnya,Gubernur,Lainnya/Jateng
549,1,,TikTok,wes mboh ....milih salah ORA milih disalahkan,Negatif,,,2026-02-25 19:46:39.483484+00:00,2-12,Lainnya,Gubernur,Lainnya/Jateng
1133,1,,TikTok,hapus opsen. titikkkkk,Negatif,,,2026-02-25 19:46:39.483484+00:00,1 m yang lalu,Lainnya,Institusi (Bapenda/Samsat),Lainnya/Jateng
473,1,,TikTok,aturan bisa dibikin cuk,Negatif,,,2026-02-25 19:46:39.483484+00:00,3 h yang lalu,Lainnya,Pemerintahan,Lainnya/Jateng
592,1,,TikTok,emang konyol,Negatif,,,2026-02-25 19:46:39.483484+00:00,2-12,Lainnya,Lainnya,Pekalongan/Pantura (G)
591,1,,TikTok,mana mas botok cs. majuuuu,Negatif,,,2026-02-25 19:46:39.483484+00:00,2-12,Lainnya,Pemerintahan,Pekalongan/Pantura (G)
711,1,,TikTok,"seng ngutang Kono,seng bayar kene penak men",Negatif,,,2026-02-25 19:46:39.483484+00:00,2-12,Lainnya,Nasib Rakyat / Kesejahteraan,Lainnya/Jateng
815,1,,TikTok,Yang hutang siapa yang di suruh bayar siapa,Negatif,,,2026-02-25 19:46:39.483484+00:00,1 m yang lalu,Lainnya,Nasib Rakyat / Kesejahteraan,Lainnya/Jateng
674,1,,TikTok,Gaaasssss,Negatif,,,2026-02-25 19:46:39.483484+00:00,2-13,Lainnya,Lainnya,Lainnya/Jateng
677,1,,TikTok,"karepmu pak,,aku duene pit pengaritan,,",Negatif,,,2026-02-25 19:46:39.483484+00:00,2-13,Lainnya,Lainnya,Lainnya/Jateng
679,1,,TikTok,masih berapa lama sih dia mimpin?,Negatif,,,2026-02-25 19:46:39.483484+00:00,2-12,Lainnya,Lainnya,Lainnya/Jateng
798,1,,TikTok,aturan menguntungkan Kanton pejabat,Negatif,,,2026-02-25 19:46:39.483484+00:00,6 h yang lalu,Lainnya,Pemerintahan,Lainnya/Jateng
681,1,,TikTok,Ketawa boleh ya😂,Negatif,,,2026-02-25 19:46:39.483484+00:00,2-13,Lainnya,Lainnya,Lainnya/Jateng
683,1,,TikTok,demoo,Negatif,,,2026-02-25 19:46:39.483484+00:00,2-13,Lainnya,Lainnya,Lainnya/Jateng
686,1,,TikTok,besok besok kalau ada pemilu atau apapaun lebih baik diam diri 😊 daripada jadi angan angan semata 🙏😭,Negatif,,,2026-02-25 19:46:39.483484+00:00,2-13,Lainnya,Lainnya,Lainnya/Jateng
687,1,,TikTok,[stiker],Negatif,,,2026-02-25 19:46:39.483484+00:00,2-13,Lainnya,Lainnya,Lainnya/Jateng
688,1,,TikTok,🤣🤣🤣🤣,Negatif,,,2026-02-25 19:46:39.483484+00:00,2-13,Lainnya,Lainnya,Lainnya/Jateng
700,1,,TikTok,"Isane ita itu ntok,bogawe nol besar",Negatif,,,2026-02-25 19:46:39.483484+00:00,2-12,Lainnya,Lainnya,Lainnya/Jateng
713,1,,TikTok,kandang gajah?,Negatif,,,2026-02-25 19:46:39.483484+00:00,2-12,Lainnya,Lainnya,Lainnya/Jateng
714,1,,TikTok,cs ro sudewo,Negatif,,,2026-02-25 19:46:39.483484+00:00,2-12,Lainnya,Lainnya,Lainnya/Jateng
719,1,,TikTok,😂😂😂,Negatif,,,2026-02-25 19:46:39.483484+00:00,2-12,Lainnya,Lainnya,Lainnya/Jateng
720,1,,TikTok,😌😌😌,Negatif,,,2026-02-25 19:46:39.483484+00:00,2-12,Lainnya,Lainnya,Lainnya/Jateng
723,1,,TikTok,Demo,Negatif,,,2026-02-25 19:46:39.483484+00:00,2-12,Lainnya,Lainnya,Lainnya/Jateng
730,1,,TikTok,ayo kita sudewokan!!!💪💪💪,Negatif,,,2026-02-25 19:46:39.483484+00:00,2-12,Lainnya,Lainnya,Lainnya/Jateng
768,1,,TikTok,ompol,Negatif,,,2026-02-25 19:46:39.483484+00:00,2-12,Lainnya,Lainnya,Lainnya/Jateng
770,1,,TikTok,saya titip JAWA TENGAH ??? Cukup 1x saja,Negatif,,,2026-02-25 19:46:39.483484+00:00,2-12,Lainnya,Lainnya,Lainnya/Jateng
668,1,,TikTok,raksah bayar,Negatif,,,2026-02-25 19:46:39.483484+00:00,2-13,Lainnya,Institusi (Bapenda/Samsat),Lainnya/Jateng
799,1,,TikTok,lah ngising,Negatif,,,2026-02-25 19:46:39.483484+00:00,1 m yang lalu,Lainnya,Lainnya,Lainnya/Jateng
804,1,,TikTok,CANGKEME 😂😅😂😅😂😂😂,Negatif,,,2026-02-25 19:46:39.483484+00:00,1 m yang lalu,Lainnya,Lainnya,Lainnya/Jateng
805,1,,TikTok,apakah ini nasibnya kaya sudewo,Negatif,,,2026-02-25 19:46:39.483484+00:00,1 m yang lalu,Lainnya,Lainnya,Lainnya/Jateng
807,1,,TikTok,Dasare nggragassss ..... 😂😂😂,Negatif,,,2026-02-25 19:46:39.483484+00:00,1 m yang lalu,Lainnya,Lainnya,Lainnya/Jateng
809,1,,TikTok,negoro opo seeeh ikii🗿,Negatif,,,2026-02-25 19:46:39.483484+00:00,1 m yang lalu,Lainnya,Lainnya,Lainnya/Jateng
811,1,,TikTok,jujur takok iki sopo?,Negatif,,,2026-02-25 19:46:39.483484+00:00,1 m yang lalu,Lainnya,Lainnya,Lainnya/Jateng
814,1,,TikTok,gelooo pokok e,Negatif,,,2026-02-25 19:46:39.483484+00:00,1 m yang lalu,Lainnya,Lainnya,Lainnya/Jateng
823,1,,TikTok,lagi lucu2nya,Negatif,,,2026-02-25 19:46:39.483484+00:00,6 h yang lalu,Lainnya,Lainnya,Lainnya/Jateng
836,1,,TikTok,lah yo nopo gak di umum ke . neg masyarakat,Negatif,,,2026-02-25 19:46:39.483484+00:00,2-13,Lainnya,Lainnya,Lainnya/Jateng
837,1,,TikTok,kpn demo gass,Negatif,,,2026-02-25 19:46:39.483484+00:00,2-13,Lainnya,Lainnya,Lainnya/Jateng
838,1,,TikTok,gaasss,Negatif,,,2026-02-25 19:46:39.483484+00:00,2-13,Lainnya,Lainnya,Lainnya/Jateng
845,1,,TikTok,bisa kaya nepal nih,Negatif,,,2026-02-25 19:46:39.483484+00:00,2-13,Lainnya,Lainnya,Lainnya/Jateng
903,1,,TikTok,prett,Negatif,,,2026-02-25 19:46:39.483484+00:00,2-13,Lainnya,Lainnya,Lainnya/Jateng
616,1,,TikTok,"ora melu milih, melu ngrasake rekoso,
apes apes....😩😩😩",Negatif,,,2026-02-25 19:46:39.483484+00:00,2-13,Lainnya,Gubernur,Lainnya/Jateng
820,1,,TikTok,"Indonesia kakean aturan ,,, 🤪🤪🤪🤪🤪",Negatif,,,2026-02-25 19:46:39.483484+00:00,6 h yang lalu,Lainnya,Pemerintahan,Lainnya/Jateng
694,1,,TikTok,ora gayah tok bayar,Negatif,,,2026-02-25 19:46:39.483484+00:00,2-12,Lainnya,Institusi (Bapenda/Samsat),Lainnya/Jateng
699,1,,TikTok,males men pak bayar😁,Negatif,,,2026-02-25 19:46:39.483484+00:00,2-12,Lainnya,Institusi (Bapenda/Samsat),Lainnya/Jateng
708,1,,TikTok,seng Kon mbayar masyarakat,Negatif,,,2026-02-25 19:46:39.483484+00:00,2-12,Lainnya,Institusi (Bapenda/Samsat),Lainnya/Jateng
780,1,,TikTok,🤣🤣🤣🤣lucu kan.....ya lucu...di jabar gratis lagi dari bulan 12-mei 2026...ini ko bayar,Negatif,,,2026-02-25 19:46:39.483484+00:00,1 m yang lalu,Lainnya,Institusi (Bapenda/Samsat),Lainnya/Jateng
797,1,,TikTok,rak tak bayar .. 😂😂,Negatif,,,2026-02-25 19:46:39.483484+00:00,6 h yang lalu,Lainnya,Institusi (Bapenda/Samsat),Lainnya/Jateng
821,1,,TikTok,rasah bayar,Negatif,,,2026-02-25 19:46:39.483484+00:00,6 h yang lalu,Lainnya,Institusi (Bapenda/Samsat),Lainnya/Jateng
774,1,,TikTok,paling mau dikorupsi,Negatif,,,2026-02-25 19:46:39.483484+00:00,5 h yang lalu,Lainnya,Pemerintahan,Lainnya/Jateng
822,1,,TikTok,Dasareee kowe rak iso mimpin,Negatif,,,2026-02-25 19:46:39.483484+00:00,6 h yang lalu,Lainnya,Lainnya,Solo Raya (AD)
1626,1,,TikTok,ada yg merasa bersalah gak ya memilih orang ini,Negatif,,,2026-02-25 19:46:39.483484+00:00,2-12,Lainnya,Gubernur,Lainnya/Jateng
1044,1,,TikTok,sing milih mbiyen sopo??😂😂😂😂,Negatif,,,2026-02-25 19:46:39.483484+00:00,1 m yang lalu,Lainnya,Gubernur,Lainnya/Jateng
1069,1,,TikTok,untung aku ora milih deknen ... jebule ngene ..,Negatif,,,2026-02-25 19:46:39.483484+00:00,1 m yang lalu,Lainnya,Gubernur,Lainnya/Jateng
1003,1,,TikTok,"#ngopeni
#nglakoni
#majeki",Negatif,,,2026-02-25 19:46:39.483484+00:00,1 m yang lalu,Lainnya,Gubernur,Lainnya/Jateng
938,1,,TikTok,"Sadewo didemo ,masak ini GK berani",Negatif,,,2026-02-25 19:46:39.483484+00:00,2-13,Lainnya,Gubernur,Lainnya/Jateng
912,1,,TikTok,utangmu ikihh,Negatif,,,2026-02-25 19:46:39.483484+00:00,2-13,Lainnya,Nasib Rakyat / Kesejahteraan,Lainnya/Jateng
904,1,,TikTok,tai as...?😏,Negatif,,,2026-02-25 19:46:39.483484+00:00,2-13,Lainnya,Lainnya,Lainnya/Jateng
913,1,,TikTok,"UMR cilik opo"" diundakno",Negatif,,,2026-02-25 19:46:39.483484+00:00,2-13,Lainnya,Lainnya,Lainnya/Jateng
918,1,,TikTok,ganjar ketawa melihat ini,Negatif,,,2026-02-25 19:46:39.483484+00:00,2-13,Lainnya,Lainnya,Lainnya/Jateng
920,1,,TikTok,1 𝘨𝘦𝘳𝘢𝘬𝘢𝘯 𝘴𝘵𝘰𝘱 𝘣𝘢𝘺𝘢𝘳 𝘱𝘢𝘫𝘢𝘬.,Negatif,,,2026-02-25 19:46:39.483484+00:00,2-13,Lainnya,Lainnya,Lainnya/Jateng
923,1,,TikTok,"ada pergerakan gk kira2, melu ....",Negatif,,,2026-02-25 19:46:39.483484+00:00,2-13,Lainnya,Lainnya,Lainnya/Jateng
928,1,,TikTok,turunkan,Negatif,,,2026-02-25 19:46:39.483484+00:00,2-13,Lainnya,Lainnya,Lainnya/Jateng
932,1,,TikTok,sakarepmu,Negatif,,,2026-02-25 19:46:39.483484+00:00,2-13,Lainnya,Lainnya,Lainnya/Jateng
943,1,,TikTok,siap turunkan,Negatif,,,2026-02-25 19:46:39.483484+00:00,2-13,Lainnya,Lainnya,Lainnya/Jateng
948,1,,TikTok,sopo to kui,Negatif,,,2026-02-25 19:46:39.483484+00:00,2-13,Lainnya,Lainnya,Lainnya/Jateng
950,1,,TikTok,insentif mu trilyunan pak... rak sah pasang wajah melas..,Negatif,,,2026-02-25 19:46:39.483484+00:00,2-13,Lainnya,Lainnya,Lainnya/Jateng
953,1,,TikTok,oke gas oke gas 🤩,Negatif,,,2026-02-25 19:46:39.483484+00:00,2-13,Lainnya,Lainnya,Lainnya/Jateng
959,1,,TikTok,wisss karepmu lahhh ngonohhh,Negatif,,,2026-02-25 19:46:39.483484+00:00,2-13,Lainnya,Lainnya,Lainnya/Jateng
966,1,,TikTok,Masyarakat seng di injak,Negatif,,,2026-02-25 19:46:39.483484+00:00,2-13,Lainnya,Lainnya,Lainnya/Jateng
969,1,,TikTok,"akale,uteke???",Negatif,,,2026-02-25 19:46:39.483484+00:00,2-13,Lainnya,Lainnya,Lainnya/Jateng
971,1,,TikTok,bar pemutihan trus di undak ke😁😁😁wis2,Negatif,,,2026-02-25 19:46:39.483484+00:00,2-13,Lainnya,Lainnya,Lainnya/Jateng
997,1,,TikTok,"ugal""an tenan iki",Negatif,,,2026-02-25 19:46:39.483484+00:00,2-13,Lainnya,Lainnya,Lainnya/Jateng
1002,1,,TikTok,gambaran jero ati [stiker],Negatif,,,2026-02-25 19:46:39.483484+00:00,1 m yang lalu,Lainnya,Lainnya,Lainnya/Jateng
1006,1,,TikTok,izin 🙏🏻,Negatif,,,2026-02-25 19:46:39.483484+00:00,1 m yang lalu,Lainnya,Lainnya,Lainnya/Jateng
1008,1,,TikTok,UMR Ra ngatasi cuk😂,Negatif,,,2026-02-25 19:46:39.483484+00:00,1 m yang lalu,Lainnya,Lainnya,Lainnya/Jateng
1011,1,,TikTok,"mundur
......",Negatif,,,2026-02-25 19:46:39.483484+00:00,1 m yang lalu,Lainnya,Lainnya,Lainnya/Jateng
1017,1,,TikTok,masalahe saiki tilangan di galakan lagi😂😂😂,Negatif,,,2026-02-25 19:46:39.483484+00:00,1 m yang lalu,Lainnya,Lainnya,Lainnya/Jateng
1020,1,,TikTok,kere kere,Negatif,,,2026-02-25 19:46:39.483484+00:00,1 m yang lalu,Lainnya,Lainnya,Lainnya/Jateng
1030,1,,TikTok,ganti aja sama hohoalka,Negatif,,,2026-02-25 19:46:39.483484+00:00,1 m yang lalu,Lainnya,Lainnya,Lainnya/Jateng
1031,1,,TikTok,kletong jiaran.,Negatif,,,2026-02-25 19:46:39.483484+00:00,1 m yang lalu,Lainnya,Lainnya,Lainnya/Jateng
1032,1,,TikTok,turunkan,Negatif,,,2026-02-25 19:46:39.483484+00:00,1 m yang lalu,Lainnya,Lainnya,Lainnya/Jateng
1036,1,,TikTok,gantiiiiii.. gur tambah nyusah ke,Negatif,,,2026-02-25 19:46:39.483484+00:00,1 m yang lalu,Lainnya,Lainnya,Lainnya/Jateng
1047,1,,TikTok,"agendakan demo, tgl dan hari , siap berangkat",Negatif,,,2026-02-25 19:46:39.483484+00:00,1 m yang lalu,Lainnya,Lainnya,Lainnya/Jateng
1060,1,,TikTok,Jiwa ladusing.. mo di rukiyah.. tetep ladusing 😅,Negatif,,,2026-02-25 19:46:39.483484+00:00,1 m yang lalu,Lainnya,Lainnya,Lainnya/Jateng
1071,1,,TikTok,tankurang sia....,Negatif,,,2026-02-25 19:46:39.483484+00:00,1 m yang lalu,Lainnya,Lainnya,Lainnya/Jateng
1072,1,,TikTok,"Suka suka Bapaklah, kamipun aka demikian",Negatif,,,2026-02-25 19:46:39.483484+00:00,1 m yang lalu,Lainnya,Lainnya,Lainnya/Jateng
1073,1,,TikTok,DZOLIMIN,Negatif,,,2026-02-25 19:46:39.483484+00:00,1 m yang lalu,Lainnya,Lainnya,Lainnya/Jateng
1005,1,,TikTok,#NgopeniMateni 🔥🔥🔥,Negatif,,,2026-02-25 19:46:39.483484+00:00,1 m yang lalu,Lainnya,Gubernur,Lainnya/Jateng
1613,1,,TikTok,opsen niku nopo inggih...pk,Negatif,,,2026-02-25 19:46:39.483484+00:00,2-12,Lainnya,Institusi (Bapenda/Samsat),Lainnya/Jateng
967,1,,TikTok,aturan OPO kui cok,Negatif,,,2026-02-25 19:46:39.483484+00:00,2-13,Lainnya,Pemerintahan,Lainnya/Jateng
1063,1,,TikTok,piutang kendaraan bermotor...? ??,Negatif,,,2026-02-25 19:46:39.483484+00:00,1 m yang lalu,Lainnya,Nasib Rakyat / Kesejahteraan,Lainnya/Jateng
909,1,,TikTok,"GAPERNAH NONGOL, SEKALINYA NONGOL BIKIN RICUH AJA😌",Negatif,,,2026-02-25 19:46:39.483484+00:00,2-13,Lainnya,Gubernur,Lainnya/Jateng
957,1,,TikTok,meh bayar ae d angel..angel,Negatif,,,2026-02-25 19:46:39.483484+00:00,2-13,Lainnya,Institusi (Bapenda/Samsat),Lainnya/Jateng
963,1,,TikTok,suuu,Negatif,,,2026-02-25 19:46:39.483484+00:00,2-13,Lainnya,Pemerintahan,Lainnya/Jateng
1027,1,,TikTok,dasar oh dasar juu,Negatif,,,2026-02-25 19:46:39.483484+00:00,1 m yang lalu,Lainnya,Pemerintahan,Lainnya/Jateng
1029,1,,TikTok,korup,Negatif,,,2026-02-25 19:46:39.483484+00:00,1 m yang lalu,Lainnya,Pemerintahan,Lainnya/Jateng
1053,1,,TikTok,MAHASISWA JAWA TENGAH ANDA DI MANA,Negatif,,,2026-02-25 19:46:39.483484+00:00,1 m yang lalu,Lainnya,Lainnya,Pekalongan/Pantura (G)
964,1,,TikTok,"utang daerah dibebankan kepada masyarakat,memang luar biasa bapak ini",Negatif,,,2026-02-25 19:46:39.483484+00:00,2-13,Lainnya,Nasib Rakyat / Kesejahteraan,Pekalongan/Pantura (G)
1631,1,,TikTok,apa ngak ada cara lain ...selain memeras masyarakat,Negatif,,,2026-02-25 19:46:39.483484+00:00,2-12,Lainnya,Lainnya,Lainnya/Jateng
302,1,,TikTok,mbelgedess,Negatif,,,2026-02-25 19:46:39.483484+00:00,4 h yang lalu,Lainnya,Lainnya,Lainnya/Jateng
1220,1,,TikTok,gara gara hutang itu karena di korupsi paham,Negatif,,,2026-02-25 19:46:39.483484+00:00,2-12,Lainnya,Nasib Rakyat / Kesejahteraan,Lainnya/Jateng
1074,1,,TikTok,tanggal di agendakan,Negatif,,,2026-02-25 19:46:39.483484+00:00,1 m yang lalu,Lainnya,Lainnya,Lainnya/Jateng
1077,1,,TikTok,luar biasa,Negatif,,,2026-02-25 19:46:39.483484+00:00,1 m yang lalu,Lainnya,Lainnya,Lainnya/Jateng
1078,1,,TikTok,demo,Negatif,,,2026-02-25 19:46:39.483484+00:00,2-13,Lainnya,Lainnya,Lainnya/Jateng
1117,1,,TikTok,itu baru keren pak 👊,Negatif,,,2026-02-25 19:46:39.483484+00:00,1 m yang lalu,Lainnya,Lainnya,Lainnya/Jateng
1121,1,,TikTok,"turunkan aja begitu kok repot, ayo demo",Negatif,,,2026-02-25 19:46:39.483484+00:00,1 m yang lalu,Lainnya,Lainnya,Lainnya/Jateng
1127,1,,TikTok,demo besar besaran akan terulang lagi,Negatif,,,2026-02-25 19:46:39.483484+00:00,1 m yang lalu,Lainnya,Lainnya,Lainnya/Jateng
1129,1,,TikTok,setuju demi aja,Negatif,,,2026-02-25 19:46:39.483484+00:00,1 m yang lalu,Lainnya,Lainnya,Lainnya/Jateng
1135,1,,TikTok,ini siapa sih?aura sengkuni nya kuat banget....,Negatif,,,2026-02-25 19:46:39.483484+00:00,1 m yang lalu,Lainnya,Lainnya,Lainnya/Jateng
1136,1,,TikTok,demo aja,Negatif,,,2026-02-25 19:46:39.483484+00:00,1 m yang lalu,Lainnya,Lainnya,Lainnya/Jateng
1138,1,,TikTok,gedabrus,Negatif,,,2026-02-25 19:46:39.483484+00:00,1 m yang lalu,Lainnya,Lainnya,Lainnya/Jateng
1139,1,,TikTok,Ra godak mimpin,Negatif,,,2026-02-25 19:46:39.483484+00:00,1 m yang lalu,Lainnya,Lainnya,Lainnya/Jateng
1144,1,,TikTok,Ojo percoyo alumni ladusing,Negatif,,,2026-02-25 19:46:39.483484+00:00,1 m yang lalu,Lainnya,Lainnya,Lainnya/Jateng
1145,1,,TikTok,berat berat😳,Negatif,,,2026-02-25 19:46:39.483484+00:00,1 m yang lalu,Lainnya,Lainnya,Lainnya/Jateng
1153,1,,TikTok,ruwet ruwet,Negatif,,,2026-02-25 19:46:39.483484+00:00,1 m yang lalu,Lainnya,Lainnya,Lainnya/Jateng
1156,1,,TikTok,atur tanggalnya ayok kita *DEMO*,Negatif,,,2026-02-25 19:46:39.483484+00:00,1 m yang lalu,Lainnya,Lainnya,Lainnya/Jateng
1165,1,,TikTok,"kapan demo aku ikut,,mohon di agendakan",Negatif,,,2026-02-25 19:46:39.483484+00:00,2-12,Lainnya,Lainnya,Lainnya/Jateng
1168,1,,TikTok,demo,Negatif,,,2026-02-25 19:46:39.483484+00:00,2-12,Lainnya,Lainnya,Lainnya/Jateng
1172,1,,TikTok,kakean reko 😅,Negatif,,,2026-02-25 19:46:39.483484+00:00,2-12,Lainnya,Lainnya,Lainnya/Jateng
1174,1,,TikTok,kawusss,Negatif,,,2026-02-25 19:46:39.483484+00:00,2-12,Lainnya,Lainnya,Lainnya/Jateng
1175,1,,TikTok,dari mimik nya kelihatan,Negatif,,,2026-02-25 19:46:39.483484+00:00,2-12,Lainnya,Lainnya,Lainnya/Jateng
1178,1,,TikTok,"cari cara lain pak, kembangkan potensi ASN, jangan asal datang di gaji",Negatif,,,2026-02-25 19:46:39.483484+00:00,2-12,Lainnya,Lainnya,Lainnya/Jateng
1180,1,,TikTok,mukanya kelihatan bengis,Negatif,,,2026-02-25 19:46:39.483484+00:00,2-12,Lainnya,Lainnya,Lainnya/Jateng
1182,1,,TikTok,😅😅😅,Negatif,,,2026-02-25 19:46:39.483484+00:00,2-12,Lainnya,Lainnya,Lainnya/Jateng
1184,1,,TikTok,cukup 1 p3riode..,Negatif,,,2026-02-25 19:46:39.483484+00:00,2-12,Lainnya,Lainnya,Lainnya/Jateng
1189,1,,TikTok,halahh,Negatif,,,2026-02-25 19:46:39.483484+00:00,2-12,Lainnya,Lainnya,Lainnya/Jateng
1194,1,,TikTok,berat berat,Negatif,,,2026-02-25 19:46:39.483484+00:00,2-12,Lainnya,Lainnya,Lainnya/Jateng
1219,1,,TikTok,dijajah bangsa sendiri,Negatif,,,2026-02-25 19:46:39.483484+00:00,2-12,Lainnya,Lainnya,Lainnya/Jateng
1222,1,,TikTok,dasarnya kalo sulit jangan dipermudah🤣🤣,Negatif,,,2026-02-25 19:46:39.483484+00:00,2-12,Lainnya,Lainnya,Lainnya/Jateng
1227,1,,TikTok,Ra urussss,Negatif,,,2026-02-25 19:46:39.483484+00:00,2-12,Lainnya,Lainnya,Lainnya/Jateng
1230,1,,TikTok,aduh aduh....,Negatif,,,2026-02-25 19:46:39.483484+00:00,2-12,Lainnya,Lainnya,Lainnya/Jateng
1231,1,,TikTok,"Knp kok gak ada sosialisasi ke masyarakat pak ???
cc",Negatif,,,2026-02-25 19:46:39.483484+00:00,2-12,Lainnya,Lainnya,Lainnya/Jateng
1233,1,,TikTok,dasare ladusing,Negatif,,,2026-02-25 19:46:39.483484+00:00,2-12,Lainnya,Lainnya,Lainnya/Jateng
1236,1,,TikTok,wes wes ojo ......koyo ngene .....,Negatif,,,2026-02-25 19:46:39.483484+00:00,2-12,Lainnya,Lainnya,Lainnya/Jateng
1237,1,,TikTok,wegah bayaaarr !!!!,Negatif,,,2026-02-25 19:46:39.483484+00:00,2-12,Lainnya,Lainnya,Lainnya/Jateng
1238,1,,TikTok,harusss,Negatif,,,2026-02-25 19:46:39.483484+00:00,2-12,Lainnya,Lainnya,Lainnya/Jateng
1239,1,,TikTok,opo iyo....,Negatif,,,2026-02-25 19:46:39.483484+00:00,2-12,Lainnya,Lainnya,Lainnya/Jateng
1240,1,,TikTok,suruh turun saja,Negatif,,,2026-02-25 19:46:39.483484+00:00,2-12,Lainnya,Lainnya,Lainnya/Jateng
1253,1,,TikTok,P A R A H,Negatif,,,2026-02-25 19:46:39.483484+00:00,2-12,Lainnya,Lainnya,Lainnya/Jateng
1256,1,,TikTok,copot ganti,Negatif,,,2026-02-25 19:46:39.483484+00:00,2-12,Lainnya,Lainnya,Lainnya/Jateng
1266,1,,TikTok,Aku ora mileh,Negatif,,,2026-02-25 19:46:39.483484+00:00,2-12,Lainnya,Gubernur,Lainnya/Jateng
1228,1,,TikTok,ndi jare ngopeni,Negatif,,,2026-02-25 19:46:39.483484+00:00,2-12,Lainnya,Gubernur,Lainnya/Jateng
1146,1,,TikTok,sekali nongol bikin resah😂,Negatif,,,2026-02-25 19:46:39.483484+00:00,1 m yang lalu,Lainnya,Gubernur,Lainnya/Jateng
1079,1,,TikTok,gak usah di bayar aja too selese,Negatif,,,2026-02-25 19:46:39.483484+00:00,2-13,Lainnya,Institusi (Bapenda/Samsat),Lainnya/Jateng
1080,1,,TikTok,mending ora usah mbayar lah pak,Negatif,,,2026-02-25 19:46:39.483484+00:00,2-13,Lainnya,Institusi (Bapenda/Samsat),Lainnya/Jateng
1166,1,,TikTok,gak sah bayarrr,Negatif,,,2026-02-25 19:46:39.483484+00:00,2-12,Lainnya,Institusi (Bapenda/Samsat),Lainnya/Jateng
1242,1,,TikTok,ga meh ta bayarrr,Negatif,,,2026-02-25 19:46:39.483484+00:00,2-12,Lainnya,Institusi (Bapenda/Samsat),Lainnya/Jateng
1251,1,,TikTok,"rasakno saiki oleh pemimpin
seng ra amanah. ora ngopeni ora ngayomi...hahahah",Negatif,,,2026-02-25 19:46:39.483484+00:00,2-12,Lainnya,Gubernur,Pekalongan/Pantura (G)
1149,1,,TikTok,pak aturan dari mana udah banyak aturan yg di langgar ...klau jujur Indonesia makmur,Negatif,,,2026-02-25 19:46:39.483484+00:00,1 m yang lalu,Lainnya,Pemerintahan,Pekalongan/Pantura (G)
1383,1,,TikTok,Weh kok koyo Sadewo kh,Negatif,,,2026-02-25 19:46:39.483484+00:00,2-12,Lainnya,Gubernur,Lainnya/Jateng
1279,1,,TikTok,ngayomi jare,Negatif,,,2026-02-25 19:46:39.483484+00:00,2-12,Lainnya,Gubernur,Lainnya/Jateng
1268,1,,TikTok,😇😇😇,Negatif,,,2026-02-25 19:46:39.483484+00:00,2-12,Lainnya,Lainnya,Lainnya/Jateng
1275,1,,TikTok,kawus munggah,Negatif,,,2026-02-25 19:46:39.483484+00:00,2-12,Lainnya,Lainnya,Lainnya/Jateng
1277,1,,TikTok,bubaaarrr,Negatif,,,2026-02-25 19:46:39.483484+00:00,2-12,Lainnya,Lainnya,Lainnya/Jateng
1287,1,,TikTok,demo demo demo,Negatif,,,2026-02-25 19:46:39.483484+00:00,2-12,Lainnya,Lainnya,Lainnya/Jateng
1288,1,,TikTok,gara gara program apa yaa,Negatif,,,2026-02-25 19:46:39.483484+00:00,2-12,Lainnya,Lainnya,Lainnya/Jateng
1289,1,,TikTok,ok gas .. ok gas .... 🤣🤣🤣🤣😂😂😂😂,Negatif,,,2026-02-25 19:46:39.483484+00:00,2-12,Lainnya,Lainnya,Lainnya/Jateng
1292,1,,TikTok,ngga guna,Negatif,,,2026-02-25 19:46:39.483484+00:00,2-12,Lainnya,Lainnya,Lainnya/Jateng
1293,1,,TikTok,Demo de,Negatif,,,2026-02-25 19:46:39.483484+00:00,2-12,Lainnya,Lainnya,Lainnya/Jateng
1295,1,,TikTok,"tenang pak, sing penting koe seneng",Negatif,,,2026-02-25 19:46:39.483484+00:00,2-12,Lainnya,Lainnya,Lainnya/Jateng
1296,1,,TikTok,Nepaal kan,Negatif,,,2026-02-25 19:46:39.483484+00:00,2-12,Lainnya,Lainnya,Lainnya/Jateng
1297,1,,TikTok,pie ki😁,Negatif,,,2026-02-25 19:46:39.483484+00:00,2-12,Lainnya,Lainnya,Lainnya/Jateng
1340,1,,TikTok,tay,Negatif,,,2026-02-25 19:46:39.483484+00:00,2-12,Lainnya,Lainnya,Lainnya/Jateng
1433,1,,TikTok,ngopeni lan nglakoni,Negatif,,,2026-02-25 19:46:39.483484+00:00,2-12,Lainnya,Gubernur,Lainnya/Jateng
1346,1,,TikTok,ora iso gawe,Negatif,,,2026-02-25 19:46:39.483484+00:00,2-12,Lainnya,Lainnya,Lainnya/Jateng
1350,1,,TikTok,koyo sudewo,Negatif,,,2026-02-25 19:46:39.483484+00:00,2-12,Lainnya,Lainnya,Lainnya/Jateng
1352,1,,TikTok,demo demo [stiker],Negatif,,,2026-02-25 19:46:39.483484+00:00,2-12,Lainnya,Lainnya,Lainnya/Jateng
1353,1,,TikTok,kpn nepal trjadi,Negatif,,,2026-02-25 19:46:39.483484+00:00,2-12,Lainnya,Lainnya,Lainnya/Jateng
1358,1,,TikTok,preeett,Negatif,,,2026-02-25 19:46:39.483484+00:00,2-12,Lainnya,Lainnya,Lainnya/Jateng
1360,1,,TikTok,wah ngeri,Negatif,,,2026-02-25 19:46:39.483484+00:00,2-12,Lainnya,Lainnya,Lainnya/Jateng
1361,1,,TikTok,pretttttt😁,Negatif,,,2026-02-25 19:46:39.483484+00:00,2-12,Lainnya,Lainnya,Lainnya/Jateng
1363,1,,TikTok,makin pusing,Negatif,,,2026-02-25 19:46:39.483484+00:00,2-12,Lainnya,Lainnya,Lainnya/Jateng
1364,1,,TikTok,klo ngga sanggup byr gmn?,Negatif,,,2026-02-25 19:46:39.483484+00:00,2-12,Lainnya,Lainnya,Lainnya/Jateng
1365,1,,TikTok,ura umumm..,Negatif,,,2026-02-25 19:46:39.483484+00:00,2-12,Lainnya,Lainnya,Lainnya/Jateng
1368,1,,TikTok,demooo aja lurrr,Negatif,,,2026-02-25 19:46:39.483484+00:00,2-12,Lainnya,Lainnya,Lainnya/Jateng
1827,1,,TikTok,opsen tai ...,Negatif,,,2026-02-25 19:46:39.483484+00:00,2-12,Lainnya,Institusi (Bapenda/Samsat),Lainnya/Jateng
1379,1,,TikTok,dasare coklat,Negatif,,,2026-02-25 19:46:39.483484+00:00,2-12,Lainnya,Lainnya,Lainnya/Jateng
1380,1,,TikTok,pye tow pax.... pax,Negatif,,,2026-02-25 19:46:39.483484+00:00,2-12,Lainnya,Lainnya,Lainnya/Jateng
1392,1,,TikTok,dasarnya yg bicar harus kaya😂😂😂,Negatif,,,2026-02-25 19:46:39.483484+00:00,2-12,Lainnya,Lainnya,Lainnya/Jateng
1394,1,,TikTok,turunkan segera👍,Negatif,,,2026-02-25 19:46:39.483484+00:00,2-12,Lainnya,Lainnya,Lainnya/Jateng
2177,1,,TikTok,mboh mboh.....,Negatif,,,2026-02-25 19:46:39.483484+00:00,2-12,Lainnya,Lainnya,Lainnya/Jateng
1281,1,,TikTok,sekarang peraturan semakin gilaa,Negatif,,,2026-02-25 19:46:39.483484+00:00,2-12,Lainnya,Pemerintahan,Lainnya/Jateng
1431,1,,TikTok,dia sodaranya sudewo bukan sih ...,Negatif,,,2026-02-25 19:46:39.483484+00:00,2-12,Lainnya,Lainnya,Lainnya/Jateng
1432,1,,TikTok,🤣🤣🤣😂😂😂,Negatif,,,2026-02-25 19:46:39.483484+00:00,2-12,Lainnya,Lainnya,Lainnya/Jateng
1448,1,,TikTok,hallllaaaaahhhh,Negatif,,,2026-02-25 19:46:39.483484+00:00,2-12,Lainnya,Lainnya,Lainnya/Jateng
1450,1,,TikTok,ayuks demo bareng,Negatif,,,2026-02-25 19:46:39.483484+00:00,2-12,Lainnya,Lainnya,Lainnya/Jateng
1451,1,,TikTok,turunkan,Negatif,,,2026-02-25 19:46:39.483484+00:00,2-12,Lainnya,Lainnya,Lainnya/Jateng
1459,1,,TikTok,demoo gas,Negatif,,,2026-02-25 19:46:39.483484+00:00,2-12,Lainnya,Lainnya,Lainnya/Jateng
1269,1,,TikTok,dosa ga sih kemarin aku milih dia 😭,Negatif,,,2026-02-25 19:46:39.483484+00:00,2-12,Lainnya,Gubernur,Lainnya/Jateng
1344,1,,TikTok,aturan kok nindas rkyt,Negatif,,,2026-02-25 19:46:39.483484+00:00,2-12,Lainnya,Pemerintahan,Lainnya/Jateng
1263,1,,TikTok,"orausah di bayar
simple😁",Negatif,,,2026-02-25 19:46:39.483484+00:00,2-12,Lainnya,Gubernur,Lainnya/Jateng
1347,1,,TikTok,rausah bayar,Negatif,,,2026-02-25 19:46:39.483484+00:00,2-12,Lainnya,Gubernur,Lainnya/Jateng
1449,1,,TikTok,bintang 3 😂😂😂😂😂,Negatif,,,2026-02-25 19:46:39.483484+00:00,2-12,Lainnya,Gubernur,Lainnya/Jateng
1294,1,,TikTok,meh di korupsi,Negatif,,,2026-02-25 19:46:39.483484+00:00,2-12,Lainnya,Pemerintahan,Lainnya/Jateng
1354,1,,TikTok,ladang korupsi,Negatif,,,2026-02-25 19:46:39.483484+00:00,2-12,Lainnya,Pemerintahan,Lainnya/Jateng
1372,1,,TikTok,Rika AE pak lah sing byr utang,Negatif,,,2026-02-25 19:46:39.483484+00:00,2-12,Lainnya,Nasib Rakyat / Kesejahteraan,Banyumas/Barat (R)
1396,1,,TikTok,"seng murah ae wegah, op maneh mok undakno",Negatif,,,2026-02-25 19:46:39.483484+00:00,2-12,Lainnya,Lainnya,Pekalongan/Pantura (G)
1441,1,,TikTok,emang sudah niat tidak byar,Negatif,,,2026-02-25 19:46:39.483484+00:00,2-12,Lainnya,Lainnya,Pekalongan/Pantura (G)
1464,1,,TikTok,"apakah ini gara2 tahun kemarin waktu pemutihan yg gak bener2 ""gratis""..",Negatif,,,2026-02-25 19:46:39.483484+00:00,2-12,Lainnya,Lainnya,Pekalongan/Pantura (G)
1465,1,,TikTok,ora bedo Karo sudewo,Negatif,,,2026-02-25 19:46:39.483484+00:00,2-12,Lainnya,Lainnya,Lainnya/Jateng
1472,1,,TikTok,[stiker],Negatif,,,2026-02-25 19:46:39.483484+00:00,2-12,Lainnya,Lainnya,Lainnya/Jateng
1482,1,,TikTok,grombolan nya sudewo,Negatif,,,2026-02-25 19:46:39.483484+00:00,2-12,Lainnya,Lainnya,Lainnya/Jateng
1484,1,,TikTok,mbelgedes,Negatif,,,2026-02-25 19:46:39.483484+00:00,2-12,Lainnya,Lainnya,Lainnya/Jateng
1489,1,,TikTok,turun kan lufi,Negatif,,,2026-02-25 19:46:39.483484+00:00,2-12,Lainnya,Lainnya,Lainnya/Jateng
1493,1,,TikTok,wez wes 🤭🤭 aku yakin mlh pendapatan daerah mudun,Negatif,,,2026-02-25 19:46:39.483484+00:00,2-12,Lainnya,Lainnya,Lainnya/Jateng
1495,1,,TikTok,sak karepmu woo,Negatif,,,2026-02-25 19:46:39.483484+00:00,2-12,Lainnya,Lainnya,Lainnya/Jateng
1497,1,,TikTok,bangeten,Negatif,,,2026-02-25 19:46:39.483484+00:00,2-12,Lainnya,Lainnya,Lainnya/Jateng
1498,1,,TikTok,ra mutu,Negatif,,,2026-02-25 19:46:39.483484+00:00,2-12,Lainnya,Lainnya,Lainnya/Jateng
1500,1,,TikTok,"bersyukurlah warga jate
ng",Negatif,,,2026-02-25 19:46:39.483484+00:00,2-12,Lainnya,Lainnya,Lainnya/Jateng
1553,1,,TikTok,salah y di prsulit,Negatif,,,2026-02-25 19:46:39.483484+00:00,2-12,Lainnya,Lainnya,Lainnya/Jateng
1554,1,,TikTok,bolone sudewo,Negatif,,,2026-02-25 19:46:39.483484+00:00,2-12,Lainnya,Lainnya,Lainnya/Jateng
1562,1,,TikTok,jiampeng,Negatif,,,2026-02-25 19:46:39.483484+00:00,2-12,Lainnya,Lainnya,Lainnya/Jateng
1566,1,,TikTok,prodak gagal,Negatif,,,2026-02-25 19:46:39.483484+00:00,2-12,Lainnya,Lainnya,Lainnya/Jateng
1567,1,,TikTok,wegah 🤣🤣🤣,Negatif,,,2026-02-25 19:46:39.483484+00:00,2-12,Lainnya,Lainnya,Lainnya/Jateng
1568,1,,TikTok,😄😄😄😄😄,Negatif,,,2026-02-25 19:46:39.483484+00:00,2-12,Lainnya,Lainnya,Lainnya/Jateng
1573,1,,TikTok,𝙘𝙪𝙠𝙪𝙥 𝙨𝙚 𝙭 𝙨𝙖𝙟𝙖 𝙟𝙖𝙙𝙞 𝙜𝙪𝙗𝙚𝙧𝙣𝙪𝙧 🙏🙏🙏,Negatif,,,2026-02-25 19:46:39.483484+00:00,2-12,Lainnya,Lainnya,Lainnya/Jateng
1580,1,,TikTok,ondakno kbeh mpung jeh dadi pmimpin,Negatif,,,2026-02-25 19:46:39.483484+00:00,2-12,Lainnya,Lainnya,Lainnya/Jateng
1488,1,,TikTok,pie supayane Jawa tengah tambah miskin,Negatif,,,2026-02-25 19:46:39.483484+00:00,2-12,Lainnya,Nasib Rakyat / Kesejahteraan,Lainnya/Jateng
1583,1,,TikTok,sekarang di taikin pasti leebih banyak lagi yang nunggak pengen dapet banyak malah banyak yang mogok 😀😀😀,Negatif,,,2026-02-25 19:46:39.483484+00:00,2-12,Lainnya,Lainnya,Lainnya/Jateng
1501,1,,TikTok,ngopeni lan mateni,Negatif,,,2026-02-25 19:46:39.483484+00:00,2-12,Lainnya,Gubernur,Lainnya/Jateng
1586,1,,TikTok,ngeri tenan cuk,Negatif,,,2026-02-25 19:46:39.483484+00:00,2-12,Lainnya,Lainnya,Lainnya/Jateng
1589,1,,TikTok,setuju,Negatif,,,2026-02-25 19:46:39.483484+00:00,2-12,Lainnya,Lainnya,Lainnya/Jateng
1591,1,,TikTok,pye to pak pak,Negatif,,,2026-02-25 19:46:39.483484+00:00,2-12,Lainnya,Lainnya,Lainnya/Jateng
1593,1,,TikTok,bisa diganti nga sih orang ini😏😏,Negatif,,,2026-02-25 19:46:39.483484+00:00,2-12,Lainnya,Lainnya,Lainnya/Jateng
1603,1,,TikTok,atur aja pak....,Negatif,,,2026-02-25 19:46:39.483484+00:00,2-12,Lainnya,Lainnya,Lainnya/Jateng
1607,1,,TikTok,blokk,Negatif,,,2026-02-25 19:46:39.483484+00:00,2-12,Lainnya,Lainnya,Lainnya/Jateng
1609,1,,TikTok,kuat2tan yok pak.,Negatif,,,2026-02-25 19:46:39.483484+00:00,2-12,Lainnya,Lainnya,Lainnya/Jateng
1616,1,,TikTok,Yo ngene iki nek coklat di dadekno pemimpin😂😂😂😂😂,Negatif,,,2026-02-25 19:46:39.483484+00:00,2-12,Lainnya,Lainnya,Lainnya/Jateng
1620,1,,TikTok,tapi besarannya gak ngotak,Negatif,,,2026-02-25 19:46:39.483484+00:00,2-12,Lainnya,Lainnya,Lainnya/Jateng
1647,1,,TikTok,bukanya ngurus yg lagi kena bencana ..ini malah nambah lagi bencana...haduhhhhhhh 🤔🤔🤔🤔,Negatif,,,2026-02-25 19:46:39.483484+00:00,2-12,Lainnya,Lainnya,Lainnya/Jateng
1605,1,,TikTok,ngopeni duet,Negatif,,,2026-02-25 19:46:39.483484+00:00,2-12,Lainnya,Gubernur,Lainnya/Jateng
1656,1,,TikTok,pasti pada menyesalll,Negatif,,,2026-02-25 19:46:39.483484+00:00,2-12,Lainnya,Lainnya,Lainnya/Jateng
1565,1,,TikTok,aturan sing gaw koe dewe,Negatif,,,2026-02-25 19:46:39.483484+00:00,2-12,Lainnya,Pemerintahan,Lainnya/Jateng
1660,1,,TikTok,duhh,Negatif,,,2026-02-25 19:46:39.483484+00:00,2-12,Lainnya,Lainnya,Lainnya/Jateng
1668,1,,TikTok,undake kok 60 persen nanggung nopo ra satus sisan men ajur sisan,Negatif,,,2026-02-25 19:46:39.483484+00:00,2-12,Lainnya,Lainnya,Lainnya/Jateng
1681,1,,TikTok,g punya naluri pemimpin yg bijak,Negatif,,,2026-02-25 19:46:39.483484+00:00,2-12,Lainnya,Lainnya,Lainnya/Jateng
1682,1,,TikTok,gakbener blas,Negatif,,,2026-02-25 19:46:39.483484+00:00,2-12,Lainnya,Lainnya,Lainnya/Jateng
1499,1,,TikTok,sekali nongol nyusahin 😭,Negatif,,,2026-02-25 19:46:39.483484+00:00,2-12,Lainnya,Gubernur,Lainnya/Jateng
1481,1,,TikTok,lah kok unggahno Yo mlh Dorak bayar,Negatif,,,2026-02-25 19:46:39.483484+00:00,2-12,Lainnya,Institusi (Bapenda/Samsat),Lainnya/Jateng
1575,1,,TikTok,bayarono dhe....,Negatif,,,2026-02-25 19:46:39.483484+00:00,2-12,Lainnya,Institusi (Bapenda/Samsat),Lainnya/Jateng
1595,1,,TikTok,aku ora bayar arep lpo kwe pi lutpi...,Negatif,,,2026-02-25 19:46:39.483484+00:00,2-12,Lainnya,Institusi (Bapenda/Samsat),Lainnya/Jateng
1618,1,,TikTok,"wong cilik,seng remok",Negatif,,,2026-02-25 19:46:39.483484+00:00,2-12,Lainnya,Nasib Rakyat / Kesejahteraan,Lainnya/Jateng
1600,1,,TikTok,akalan ini bisa jadi ajang korupsi,Negatif,,,2026-02-25 19:46:39.483484+00:00,2-12,Lainnya,Pemerintahan,Lainnya/Jateng
1496,1,,TikTok,mantan klambi c.....😂😂😂,Negatif,,,2026-02-25 19:46:39.483484+00:00,2-12,Lainnya,Gubernur,Pekalongan/Pantura (G)
1686,1,,TikTok,ra enek gunane,Negatif,,,2026-02-25 19:46:39.483484+00:00,2-12,Lainnya,Lainnya,Lainnya/Jateng
1711,1,,TikTok,OH NGENE KI TOH JENENGE NGOPENI LAN NGLAKONI!!,Negatif,,,2026-02-25 19:46:39.483484+00:00,2-12,Lainnya,Gubernur,Lainnya/Jateng
1688,1,,TikTok,Yg pengwn tertawa kita kumpul😂😂😂😂 mengatasi masalah tambah masalah,Negatif,,,2026-02-25 19:46:39.483484+00:00,2-12,Lainnya,Lainnya,Lainnya/Jateng
1735,1,,TikTok,detel jabatane,Negatif,,,2026-02-25 19:46:39.483484+00:00,2-12,Lainnya,Gubernur,Lainnya/Jateng
1695,1,,TikTok,turunkan,Negatif,,,2026-02-25 19:46:39.483484+00:00,2-12,Lainnya,Lainnya,Lainnya/Jateng
1700,1,,TikTok,haalooooo gaes.......😝😝😝😝😝😝😝😝,Negatif,,,2026-02-25 19:46:39.483484+00:00,2-12,Lainnya,Lainnya,Lainnya/Jateng
1701,1,,TikTok,Plenger,Negatif,,,2026-02-25 19:46:39.483484+00:00,2-12,Lainnya,Lainnya,Lainnya/Jateng
1703,1,,TikTok,tambah sulit,Negatif,,,2026-02-25 19:46:39.483484+00:00,2-12,Lainnya,Lainnya,Lainnya/Jateng
1704,1,,TikTok,oh ngene ki to sik jenenge,Negatif,,,2026-02-25 19:46:39.483484+00:00,2-12,Lainnya,Lainnya,Lainnya/Jateng
1710,1,,TikTok,demo demo,Negatif,,,2026-02-25 19:46:39.483484+00:00,2-12,Lainnya,Lainnya,Lainnya/Jateng
1718,1,,TikTok,[stiker],Negatif,,,2026-02-25 19:46:39.483484+00:00,2-12,Lainnya,Lainnya,Lainnya/Jateng
1719,1,,TikTok,@Sekretariat Kabinet RI,Negatif,,,2026-02-25 19:46:39.483484+00:00,2-12,Lainnya,Lainnya,Lainnya/Jateng
1722,1,,TikTok,"sudewo jilid 2, backingan sudewo iki",Negatif,,,2026-02-25 19:46:39.483484+00:00,2-12,Lainnya,Lainnya,Lainnya/Jateng
1726,1,,TikTok,ORA ISO kerjo,Negatif,,,2026-02-25 19:46:39.483484+00:00,2-12,Lainnya,Lainnya,Lainnya/Jateng
1739,1,,TikTok,"penjabat mau ngapa2in, punya dasar,,,,orang doit,,,,yo gak ada pemasukan,,,,,klau soal ngelola doit paling pinter,,,,",Negatif,,,2026-02-25 19:46:39.483484+00:00,2-12,Lainnya,Lainnya,Lainnya/Jateng
1741,1,,TikTok,beli kendaraan provinsi lain aja 😂😂😂 gitu aja kok repot,Negatif,,,2026-02-25 19:46:39.483484+00:00,2-12,Lainnya,Lainnya,Lainnya/Jateng
1851,1,,TikTok,buatlah aturan sesukamu...,Negatif,,,2026-02-25 19:46:39.483484+00:00,2-12,Lainnya,Pemerintahan,Lainnya/Jateng
1766,1,,TikTok,TOLLLLLLL,Negatif,,,2026-02-25 19:46:39.483484+00:00,2-12,Lainnya,Lainnya,Lainnya/Jateng
1769,1,,TikTok,dasar ladusing,Negatif,,,2026-02-25 19:46:39.483484+00:00,2-12,Lainnya,Lainnya,Lainnya/Jateng
1776,1,,TikTok,stop,Negatif,,,2026-02-25 19:46:39.483484+00:00,2-12,Lainnya,Lainnya,Lainnya/Jateng
1689,1,,TikTok,mben ojo bayar wae,Negatif,,,2026-02-25 19:46:39.483484+00:00,2-12,Lainnya,Institusi (Bapenda/Samsat),Lainnya/Jateng
1714,1,,TikTok,"lanjut, periode depan selagi rakyat masih bisa napas.",Negatif,,,2026-02-25 19:46:39.483484+00:00,2-12,Beban Ekonomi,Nasib Rakyat / Kesejahteraan,Solo Raya (AD)
1790,1,,TikTok,MAFIA....😂😂😂,Negatif,,,2026-02-25 19:46:39.483484+00:00,2-12,Lainnya,Lainnya,Lainnya/Jateng
1803,1,,TikTok,gedabrus,Negatif,,,2026-02-25 19:46:39.483484+00:00,2-12,Lainnya,Lainnya,Lainnya/Jateng
1804,1,,TikTok,gedabrus.,Negatif,,,2026-02-25 19:46:39.483484+00:00,2-12,Lainnya,Lainnya,Lainnya/Jateng
1730,1,,TikTok,rasah mbayar,Negatif,,,2026-02-25 19:46:39.483484+00:00,2-12,Lainnya,Institusi (Bapenda/Samsat),Lainnya/Jateng
1758,1,,TikTok,kalo mau bayar jangan di persulit dong bos?..,Negatif,,,2026-02-25 19:46:39.483484+00:00,2-12,Lainnya,Institusi (Bapenda/Samsat),Lainnya/Jateng
1822,1,,TikTok,rindu KDM,Negatif,,,2026-02-25 19:46:39.483484+00:00,2-12,Lainnya,Lainnya,Lainnya/Jateng
1824,1,,TikTok,anak buah Sri mulyani,Negatif,,,2026-02-25 19:46:39.483484+00:00,2-12,Lainnya,Lainnya,Lainnya/Jateng
1825,1,,TikTok,sesuk meneh aku are golput wae,Negatif,,,2026-02-25 19:46:39.483484+00:00,2-12,Lainnya,Lainnya,Lainnya/Jateng
1764,1,,TikTok,ya gak usah bayar,Negatif,,,2026-02-25 19:46:39.483484+00:00,2-12,Lainnya,Institusi (Bapenda/Samsat),Lainnya/Jateng
1837,1,,TikTok,kinerja nol 😂,Negatif,,,2026-02-25 19:46:39.483484+00:00,2-12,Lainnya,Lainnya,Lainnya/Jateng
1839,1,,TikTok,rasakno,Negatif,,,2026-02-25 19:46:39.483484+00:00,2-12,Lainnya,Lainnya,Lainnya/Jateng
1847,1,,TikTok,terseraaaaaaaah,Negatif,,,2026-02-25 19:46:39.483484+00:00,2-12,Lainnya,Lainnya,Lainnya/Jateng
1844,1,,TikTok,dibayar banyak yg dikorupsi.,Negatif,,,2026-02-25 19:46:39.483484+00:00,2-12,Lainnya,Institusi (Bapenda/Samsat),Lainnya/Jateng
1850,1,,TikTok,ambohh pak mumett,Negatif,,,2026-02-25 19:46:39.483484+00:00,2-12,Lainnya,Lainnya,Lainnya/Jateng
1702,1,,TikTok,pehhh ketularan sadewo iki,Negatif,,,2026-02-25 19:46:39.483484+00:00,2-12,Lainnya,Gubernur,Lainnya/Jateng
1813,1,,TikTok,gedebusss lut lut,Negatif,,,2026-02-25 19:46:39.483484+00:00,2-12,Lainnya,Gubernur,Lainnya/Jateng
1772,1,,TikTok,Habis ini Piutang bertambah 😂,Negatif,,,2026-02-25 19:46:39.483484+00:00,2-12,Lainnya,Nasib Rakyat / Kesejahteraan,Lainnya/Jateng
1793,1,,TikTok,Ga usahh gedumellll.....Nikmatin aja....gass polllll,Negatif,,,2026-02-25 19:46:39.483484+00:00,2-12,Lainnya,Nasib Rakyat / Kesejahteraan,Lainnya/Jateng
1715,1,,TikTok,rakyat punya alasan kl pemprof punya dasar,Negatif,,,2026-02-25 19:46:39.483484+00:00,2-12,Beban Ekonomi,Nasib Rakyat / Kesejahteraan,Lainnya/Jateng
1760,1,,TikTok,semua kembali ke rakyat ......termasuk hutang wkkkkk ....obsennya terlalu gede itu yg bikin berat,Negatif,,,2026-02-25 19:46:39.483484+00:00,2-12,Beban Ekonomi,Nasib Rakyat / Kesejahteraan,Lainnya/Jateng
1737,1,,TikTok,hasil serangan fajar perkepala 200ribu....ajuuuur ajuuur.....,Negatif,,,2026-02-25 19:46:39.483484+00:00,2-12,Lainnya,Pemerintahan,Lainnya/Jateng
1819,1,,TikTok,"untung AQ wes pindah jadi warga JABAR,,,",Negatif,,,2026-02-25 19:46:39.483484+00:00,2-12,Lainnya,Pemerintahan,Lainnya/Jateng
1685,1,,TikTok,kbykn yg korupsiiiiiii,Negatif,,,2026-02-25 19:46:39.483484+00:00,2-12,Lainnya,Pemerintahan,Lainnya/Jateng
1716,1,,TikTok,Cangkeman pi,Negatif,,,2026-02-25 19:46:39.483484+00:00,2-12,Lainnya,Lainnya,Pekalongan/Pantura (G)
1821,1,,TikTok,tinggal mangan mie ae,Negatif,,,2026-02-25 19:46:39.483484+00:00,2-12,Lainnya,Lainnya,Pekalongan/Pantura (G)
1830,1,,TikTok,kowe iso kerjo opoo ????,Negatif,,,2026-02-25 19:46:39.483484+00:00,2-12,Lainnya,Lainnya,Solo Raya (AD)
1905,1,,TikTok,utange d bebanke wong cilik raono berpihak ro wong cilik pokke,Negatif,,,2026-02-25 19:46:39.483484+00:00,2-12,Lainnya,Nasib Rakyat / Kesejahteraan,Lainnya/Jateng
2307,1,,TikTok,dasar hukumnya kok memeras rakyat .,Negatif,,,2026-02-25 19:46:39.483484+00:00,2-12,Beban Ekonomi,Nasib Rakyat / Kesejahteraan,Lainnya/Jateng
1860,1,,TikTok,gk usah dibayar biar bangkrut...,Negatif,,,2026-02-25 19:46:39.483484+00:00,2-12,Lainnya,Institusi (Bapenda/Samsat),Lainnya/Jateng
1924,1,,TikTok,"rasah di bayar wae, mung di korupsi we kok",Negatif,,,2026-02-25 19:46:39.483484+00:00,2-12,Lainnya,Institusi (Bapenda/Samsat),Lainnya/Jateng
1854,1,,TikTok,mending ta tunggakke,Negatif,,,2026-02-25 19:46:39.483484+00:00,2-12,Lainnya,Lainnya,Lainnya/Jateng
1856,1,,TikTok,angel iki,Negatif,,,2026-02-25 19:46:39.483484+00:00,2-12,Lainnya,Lainnya,Lainnya/Jateng
2016,1,,TikTok,ngopeni tenan nak iki,Negatif,,,2026-02-25 19:46:39.483484+00:00,2-12,Lainnya,Gubernur,Lainnya/Jateng
1866,1,,TikTok,"UMR rendahhhh gilaaaa, gak se banding",Negatif,,,2026-02-25 19:46:39.483484+00:00,2-12,Lainnya,Lainnya,Lainnya/Jateng
1869,1,,TikTok,benar pesan bung karno musuh terberatmu adalah dari bangsamu sendiri,Negatif,,,2026-02-25 19:46:39.483484+00:00,2-12,Lainnya,Lainnya,Lainnya/Jateng
1903,1,,TikTok,perlu demo itu,Negatif,,,2026-02-25 19:46:39.483484+00:00,2-12,Lainnya,Lainnya,Lainnya/Jateng
1906,1,,TikTok,wis wis payah,Negatif,,,2026-02-25 19:46:39.483484+00:00,2-12,Lainnya,Lainnya,Lainnya/Jateng
1907,1,,TikTok,turn sj fi,Negatif,,,2026-02-25 19:46:39.483484+00:00,2-12,Lainnya,Lainnya,Lainnya/Jateng
2616,2,,TikTok,hallo gaess...,Negatif,,,2026-02-25 19:46:39.483484+00:00,2 j yang lalu,Lainnya,Lainnya,Lainnya/Jateng
1909,1,,TikTok,aku ra meleh be keno imbase 🤣🤣🤣,Negatif,,,2026-02-25 19:46:39.483484+00:00,2-12,Lainnya,Lainnya,Lainnya/Jateng
1918,1,,TikTok,sumpah komennya gk ada yg baik sama orang ini,Negatif,,,2026-02-25 19:46:39.483484+00:00,2-12,Lainnya,Lainnya,Lainnya/Jateng
1923,1,,TikTok,aura nya,Negatif,,,2026-02-25 19:46:39.483484+00:00,2-12,Lainnya,Lainnya,Lainnya/Jateng
1925,1,,TikTok,"mending tuku motor balengan, ana oprasi mlimpir kena oprasi sogok di tempat",Negatif,,,2026-02-25 19:46:39.483484+00:00,2-12,Lainnya,Lainnya,Lainnya/Jateng
1934,1,,TikTok,trus trus no rak PO PO orak suwe 🙏,Negatif,,,2026-02-25 19:46:39.483484+00:00,2-12,Lainnya,Lainnya,Lainnya/Jateng
1936,1,,TikTok,Jak tik tok bos Ben hasile kenek gae ngijoli ngonten,Negatif,,,2026-02-25 19:46:39.483484+00:00,2-12,Lainnya,Lainnya,Lainnya/Jateng
1937,1,,TikTok,mbelgedesssss,Negatif,,,2026-02-25 19:46:39.483484+00:00,2-12,Lainnya,Lainnya,Lainnya/Jateng
1941,1,,TikTok,"masalah duid muncul
jabingan",Negatif,,,2026-02-25 19:46:39.483484+00:00,2-12,Lainnya,Lainnya,Lainnya/Jateng
1943,1,,TikTok,ra kenal ikih..karepmu,Negatif,,,2026-02-25 19:46:39.483484+00:00,2-12,Lainnya,Lainnya,Lainnya/Jateng
1948,1,,TikTok,[stiker],Negatif,,,2026-02-25 19:46:39.483484+00:00,2-12,Lainnya,Lainnya,Lainnya/Jateng
1956,1,,TikTok,semoga di terima di sisiNYA,Negatif,,,2026-02-25 19:46:39.483484+00:00,2-12,Lainnya,Lainnya,Lainnya/Jateng
1958,1,,TikTok,itu gak solusii,Negatif,,,2026-02-25 19:46:39.483484+00:00,2-12,Lainnya,Lainnya,Lainnya/Jateng
1959,1,,TikTok,wes aturen Kono cah,Negatif,,,2026-02-25 19:46:39.483484+00:00,2-12,Lainnya,Lainnya,Lainnya/Jateng
1961,1,,TikTok,untunge q wingi golput🤣🤣🤣🤣🤣🤣🤣,Negatif,,,2026-02-25 19:46:39.483484+00:00,2-12,Lainnya,Lainnya,Lainnya/Jateng
1965,1,,TikTok,kedebus,Negatif,,,2026-02-25 19:46:39.483484+00:00,2-12,Lainnya,Lainnya,Lainnya/Jateng
1968,1,,TikTok,uprus,Negatif,,,2026-02-25 19:46:39.483484+00:00,2-12,Lainnya,Lainnya,Lainnya/Jateng
1974,1,,TikTok,harus.e umr semrang udah kepala 4,Negatif,,,2026-02-25 19:46:39.483484+00:00,2-12,Lainnya,Lainnya,Lainnya/Jateng
1975,1,,TikTok,payah,Negatif,,,2026-02-25 19:46:39.483484+00:00,2-12,Lainnya,Lainnya,Lainnya/Jateng
1977,1,,TikTok,Bosok bosok. !!!,Negatif,,,2026-02-25 19:46:39.483484+00:00,2-12,Lainnya,Lainnya,Lainnya/Jateng
1978,1,,TikTok,setuju demo,Negatif,,,2026-02-25 19:46:39.483484+00:00,2-12,Lainnya,Lainnya,Lainnya/Jateng
1979,1,,TikTok,konyol,Negatif,,,2026-02-25 19:46:39.483484+00:00,2-12,Lainnya,Lainnya,Lainnya/Jateng
1982,1,,TikTok,prett pak,Negatif,,,2026-02-25 19:46:39.483484+00:00,2-12,Lainnya,Lainnya,Lainnya/Jateng
1986,1,,TikTok,demo siap,Negatif,,,2026-02-25 19:46:39.483484+00:00,2-12,Lainnya,Lainnya,Lainnya/Jateng
2014,1,,TikTok,karepmu..,Negatif,,,2026-02-25 19:46:39.483484+00:00,2-12,Lainnya,Lainnya,Lainnya/Jateng
2025,1,,TikTok,tttaaaaiiiiii,Negatif,,,2026-02-25 19:46:39.483484+00:00,2-12,Lainnya,Lainnya,Lainnya/Jateng
1885,1,,TikTok,aku ra milih keno dampak e,Negatif,,,2026-02-25 19:46:39.483484+00:00,2-12,Lainnya,Gubernur,Lainnya/Jateng
1915,1,,TikTok,di suruh milih jendral malah milih ladusing,Negatif,,,2026-02-25 19:46:39.483484+00:00,2-12,Lainnya,Gubernur,Lainnya/Jateng
1928,1,,TikTok,pasti bangga pemilih beliau,Negatif,,,2026-02-25 19:46:39.483484+00:00,2-12,Lainnya,Gubernur,Lainnya/Jateng
1954,1,,TikTok,untung q or milih Kye wong....,Negatif,,,2026-02-25 19:46:39.483484+00:00,2-12,Lainnya,Gubernur,Lainnya/Jateng
2262,1,,TikTok,umr rendah opsen nggo oopppooo,Negatif,,,2026-02-25 19:46:39.483484+00:00,2-12,Lainnya,Institusi (Bapenda/Samsat),Lainnya/Jateng
1927,1,,TikTok,nggak ush bayar kalau kompak kan pusing sendiri nanti tu orang,Negatif,,,2026-02-25 19:46:39.483484+00:00,2-12,Lainnya,Institusi (Bapenda/Samsat),Lainnya/Jateng
2022,1,,TikTok,karepmuu,Negatif,,,2026-02-25 19:46:39.483484+00:00,2-12,Lainnya,Pemerintahan,Lainnya/Jateng
2279,1,,TikTok,ngayomo duwit go dew,Negatif,,,2026-02-25 19:46:39.483484+00:00,2-12,Beban Ekonomi,Institusi (Bapenda/Samsat),Lainnya/Jateng
2024,1,,TikTok,wes ben karepe kono awak dewe manut wae bolo,Negatif,,,2026-02-25 19:46:39.483484+00:00,2-12,Lainnya,Lainnya,Pekalongan/Pantura (G)
2053,1,,TikTok,motor 4 hidup 1🤭,Negatif,,,2026-02-25 19:46:39.483484+00:00,2-12,Lainnya,Nasib Rakyat / Kesejahteraan,Lainnya/Jateng
2056,1,,TikTok,hidup konoha😂😂😂,Negatif,,,2026-02-25 19:46:39.483484+00:00,2-12,Lainnya,Nasib Rakyat / Kesejahteraan,Lainnya/Jateng
2026,1,,TikTok,"joget wae, ngelantur wong iki",Negatif,,,2026-02-25 19:46:39.483484+00:00,2-12,Lainnya,Lainnya,Lainnya/Jateng
2027,1,,TikTok,Demo wae… melu aku,Negatif,,,2026-02-25 19:46:39.483484+00:00,2-12,Lainnya,Lainnya,Lainnya/Jateng
2028,1,,TikTok,🤣🤣🤣🤣🤣 payh,Negatif,,,2026-02-25 19:46:39.483484+00:00,2-12,Lainnya,Lainnya,Lainnya/Jateng
2031,1,,TikTok,ura umum 😳😳,Negatif,,,2026-02-25 19:46:39.483484+00:00,2-12,Lainnya,Lainnya,Lainnya/Jateng
2038,1,,TikTok,rasudi,Negatif,,,2026-02-25 19:46:39.483484+00:00,2-12,Lainnya,Lainnya,Lainnya/Jateng
2048,1,,TikTok,saya lunass pk..,Negatif,,,2026-02-25 19:46:39.483484+00:00,2-12,Lainnya,Lainnya,Lainnya/Jateng
2050,1,,TikTok,turunin aja,Negatif,,,2026-02-25 19:46:39.483484+00:00,2-12,Lainnya,Lainnya,Lainnya/Jateng
2052,1,,TikTok,ndapruss,Negatif,,,2026-02-25 19:46:39.483484+00:00,2-12,Lainnya,Lainnya,Lainnya/Jateng
2057,1,,TikTok,istimewa,Negatif,,,2026-02-25 19:46:39.483484+00:00,2-12,Lainnya,Lainnya,Lainnya/Jateng
2062,1,,TikTok,Blm keliatan kerjanya,Negatif,,,2026-02-25 19:46:39.483484+00:00,2-12,Lainnya,Lainnya,Lainnya/Jateng
2066,1,,TikTok,obsen ki opo rak Jelasa..sampai 70%..nagis2..wong jawa tengah..,Negatif,,,2026-02-25 19:46:39.483484+00:00,2-12,Lainnya,Lainnya,Lainnya/Jateng
2070,1,,TikTok,Iki sopo to jane lek,Negatif,,,2026-02-25 19:46:39.483484+00:00,2-12,Lainnya,Lainnya,Lainnya/Jateng
2079,1,,TikTok,dapuranee,Negatif,,,2026-02-25 19:46:39.483484+00:00,2-12,Lainnya,Lainnya,Lainnya/Jateng
2080,1,,TikTok,🤣🤣🤣,Negatif,,,2026-02-25 19:46:39.483484+00:00,2-12,Lainnya,Lainnya,Lainnya/Jateng
2083,1,,TikTok,11 12 dengan sudewo,Negatif,,,2026-02-25 19:46:39.483484+00:00,2-12,Lainnya,Lainnya,Lainnya/Jateng
2093,1,,TikTok,guplakk,Negatif,,,2026-02-25 19:46:39.483484+00:00,2-12,Lainnya,Lainnya,Lainnya/Jateng
2098,1,,TikTok,🤣🤣🤣🤣🤣,Negatif,,,2026-02-25 19:46:39.483484+00:00,2-12,Lainnya,Lainnya,Lainnya/Jateng
2099,1,,TikTok,halahhhhhh,Negatif,,,2026-02-25 19:46:39.483484+00:00,2-12,Lainnya,Lainnya,Lainnya/Jateng
2123,1,,TikTok,BELGEDES,Negatif,,,2026-02-25 19:46:39.483484+00:00,2-12,Lainnya,Lainnya,Lainnya/Jateng
2128,1,,TikTok,demo bareng bareng,Negatif,,,2026-02-25 19:46:39.483484+00:00,2-12,Lainnya,Lainnya,Lainnya/Jateng
2534,2,,TikTok,mohon maaf opsen terbit dari undang undang berati yang buat PRESIDEN / DPR ?,Negatif,,,2026-02-25 19:46:39.483484+00:00,1 h yang lalu,Lainnya,Institusi (Bapenda/Samsat),Lainnya/Jateng
2133,1,,TikTok,dobol dobol,Negatif,,,2026-02-25 19:46:39.483484+00:00,2-12,Lainnya,Lainnya,Lainnya/Jateng
2137,1,,TikTok,"Demoo,,,,Gaazzzz",Negatif,,,2026-02-25 19:46:39.483484+00:00,2-12,Lainnya,Lainnya,Lainnya/Jateng
2064,1,,TikTok,gaji kecil GK mau di usulkan biar gaji na besar...pejabat maruk,Negatif,,,2026-02-25 19:46:39.483484+00:00,2-12,Lainnya,Pemerintahan,Lainnya/Jateng
2145,1,,TikTok,ajur ajur,Negatif,,,2026-02-25 19:46:39.483484+00:00,2-12,Lainnya,Lainnya,Lainnya/Jateng
2148,1,,TikTok,BLASSS RA CETHO,Negatif,,,2026-02-25 19:46:39.483484+00:00,2-12,Lainnya,Lainnya,Lainnya/Jateng
2150,1,,TikTok,kadallll,Negatif,,,2026-02-25 19:46:39.483484+00:00,2-12,Lainnya,Lainnya,Lainnya/Jateng
2153,1,,TikTok,gasss demo,Negatif,,,2026-02-25 19:46:39.483484+00:00,2-12,Lainnya,Lainnya,Lainnya/Jateng
2161,1,,TikTok,turunkan !!!!!!!!!,Negatif,,,2026-02-25 19:46:39.483484+00:00,2-12,Lainnya,Lainnya,Lainnya/Jateng
2162,1,,TikTok,"saya titip ""jawa tengah""😅",Negatif,,,2026-02-25 19:46:39.483484+00:00,2-12,Lainnya,Lainnya,Lainnya/Jateng
2166,1,,TikTok,Gas terusss gak pp pak gup 👍,Negatif,,,2026-02-25 19:46:39.483484+00:00,2-12,Lainnya,Lainnya,Lainnya/Jateng
2167,1,,TikTok,ra masukkk,Negatif,,,2026-02-25 19:46:39.483484+00:00,2-12,Lainnya,Lainnya,Lainnya/Jateng
2171,1,,TikTok,Golek pulihan modal mas,Negatif,,,2026-02-25 19:46:39.483484+00:00,2-12,Lainnya,Lainnya,Lainnya/Jateng
2030,1,,TikTok,simg milih rasah misuh misuh yo,Negatif,,,2026-02-25 19:46:39.483484+00:00,2-12,Lainnya,Gubernur,Lainnya/Jateng
2092,1,,TikTok,aku ora milih wong iki lha kok malah dadi to cokk cok,Negatif,,,2026-02-25 19:46:39.483484+00:00,2-12,Lainnya,Gubernur,Lainnya/Jateng
2074,1,,TikTok,gebernurku hasil bansos beras 10kg / minyak 1kg yaa gini ayo nekmati hasilnyaa😁😁😁,Negatif,,,2026-02-25 19:46:39.483484+00:00,2-12,Lainnya,Nasib Rakyat / Kesejahteraan,Lainnya/Jateng
2082,1,,TikTok,pemda kok punya utang itu gmn to😅😅😅,Negatif,,,2026-02-25 19:46:39.483484+00:00,2-12,Lainnya,Nasib Rakyat / Kesejahteraan,Lainnya/Jateng
2163,1,,TikTok,"sek utang sopo
kok sek byr masyarakat",Negatif,,,2026-02-25 19:46:39.483484+00:00,2-12,Lainnya,Nasib Rakyat / Kesejahteraan,Lainnya/Jateng
2124,1,,TikTok,ra sudi bayar pak,Negatif,,,2026-02-25 19:46:39.483484+00:00,2-12,Lainnya,Institusi (Bapenda/Samsat),Lainnya/Jateng
2054,1,,TikTok,Guueennddengggg,Negatif,,,2026-02-25 19:46:39.483484+00:00,2-12,Lainnya,Pemerintahan,Lainnya/Jateng
2085,1,,TikTok,turuuuuun,Negatif,,,2026-02-25 19:46:39.483484+00:00,2-12,Lainnya,Pemerintahan,Lainnya/Jateng
2088,1,,TikTok,jaman WIS AKHIR BUMIIIIIIIINE GONCAAaaNG.....,Negatif,,,2026-02-25 19:46:39.483484+00:00,2-12,Lainnya,Lainnya,Pekalongan/Pantura (G)
2194,1,,TikTok,selamat menikmati 😂😂😂,Negatif,,,2026-02-25 19:46:39.483484+00:00,2-12,Lainnya,Nasib Rakyat / Kesejahteraan,Lainnya/Jateng
2312,1,,TikTok,di nikmati wae Ra percoyo Karo pensiunan kaya ngene😁😁,Negatif,,,2026-02-25 19:46:39.483484+00:00,2-12,Lainnya,Nasib Rakyat / Kesejahteraan,Lainnya/Jateng
2173,1,,TikTok,wes golek pangan angel.... kok malah gae soro,Negatif,,,2026-02-25 19:46:39.483484+00:00,2-12,Lainnya,Lainnya,Lainnya/Jateng
2176,1,,TikTok,ngapain demo.. kompak aka gak sah bayr 😁,Negatif,,,2026-02-25 19:46:39.483484+00:00,2-12,Lainnya,Lainnya,Lainnya/Jateng
2181,1,,TikTok,garong alus,Negatif,,,2026-02-25 19:46:39.483484+00:00,2-12,Lainnya,Lainnya,Lainnya/Jateng
2183,1,,TikTok,demo wae,Negatif,,,2026-02-25 19:46:39.483484+00:00,2-12,Lainnya,Lainnya,Lainnya/Jateng
2184,1,,TikTok,gass,Negatif,,,2026-02-25 19:46:39.483484+00:00,2-12,Lainnya,Lainnya,Lainnya/Jateng
2185,1,,TikTok,agendakan,Negatif,,,2026-02-25 19:46:39.483484+00:00,2-12,Lainnya,Lainnya,Lainnya/Jateng
2187,1,,TikTok,geloo,Negatif,,,2026-02-25 19:46:39.483484+00:00,2-12,Lainnya,Lainnya,Lainnya/Jateng
2189,1,,TikTok,boikot,Negatif,,,2026-02-25 19:46:39.483484+00:00,2-12,Lainnya,Lainnya,Lainnya/Jateng
2191,1,,TikTok,🤣🤣🤣🤣🤣🤣🤣🤣,Negatif,,,2026-02-25 19:46:39.483484+00:00,2-12,Lainnya,Lainnya,Lainnya/Jateng
2196,1,,TikTok,menyesal,Negatif,,,2026-02-25 19:46:39.483484+00:00,2-12,Lainnya,Lainnya,Lainnya/Jateng
2236,1,,TikTok,angel angel pola pikire wong iki,Negatif,,,2026-02-25 19:46:39.483484+00:00,2-12,Lainnya,Lainnya,Lainnya/Jateng
2239,1,,TikTok,dobosan,Negatif,,,2026-02-25 19:46:39.483484+00:00,2-12,Lainnya,Lainnya,Lainnya/Jateng
2241,1,,TikTok,tombol ludah,Negatif,,,2026-02-25 19:46:39.483484+00:00,2-12,Lainnya,Lainnya,Lainnya/Jateng
2244,1,,TikTok,ganti hoho ae,Negatif,,,2026-02-25 19:46:39.483484+00:00,2-12,Lainnya,Lainnya,Lainnya/Jateng
2249,1,,TikTok,terlalu,Negatif,,,2026-02-25 19:46:39.483484+00:00,2-12,Lainnya,Lainnya,Lainnya/Jateng
2251,1,,TikTok,mboh fi sak senengmu,Negatif,,,2026-02-25 19:46:39.483484+00:00,2-12,Lainnya,Lainnya,Lainnya/Jateng
2252,1,,TikTok,gedabrusssss,Negatif,,,2026-02-25 19:46:39.483484+00:00,2-12,Lainnya,Lainnya,Lainnya/Jateng
2253,1,,TikTok,stop pjk,Negatif,,,2026-02-25 19:46:39.483484+00:00,2-12,Lainnya,Lainnya,Lainnya/Jateng
2254,1,,TikTok,mosok ora demo cah,Negatif,,,2026-02-25 19:46:39.483484+00:00,2-12,Lainnya,Lainnya,Lainnya/Jateng
2255,1,,TikTok,pecat dan ganti.copot.,Negatif,,,2026-02-25 19:46:39.483484+00:00,2-12,Lainnya,Lainnya,Lainnya/Jateng
2260,1,,TikTok,ngenes punya pemimpin spt ini ..........,Negatif,,,2026-02-25 19:46:39.483484+00:00,2-12,Lainnya,Lainnya,Lainnya/Jateng
2267,1,,TikTok,"𝙥𝙖𝙟𝙖𝙠 𝙗𝙖𝙮𝙖𝙧, 𝙙𝙖𝙡𝙖𝙢 𝙠𝙤𝙮𝙤𝙠 𝙙𝙖𝙡𝙖𝙢 𝙠𝙚𝙗𝙤",Negatif,,,2026-02-25 19:46:39.483484+00:00,2-12,Lainnya,Lainnya,Lainnya/Jateng
2270,1,,TikTok,demo yuh,Negatif,,,2026-02-25 19:46:39.483484+00:00,2-12,Lainnya,Lainnya,Lainnya/Jateng
2273,1,,TikTok,dobol,Negatif,,,2026-02-25 19:46:39.483484+00:00,2-12,Lainnya,Lainnya,Lainnya/Jateng
2282,1,,TikTok,demo,Negatif,,,2026-02-25 19:46:39.483484+00:00,2-12,Lainnya,Lainnya,Lainnya/Jateng
2314,1,,TikTok,mikir pak tolong pekerja UMP nya harus nya 5 juta per bulan.buruh pekerja gaji masih minim,Negatif,,,2026-02-25 19:46:39.483484+00:00,2-12,Lainnya,Lainnya,Lainnya/Jateng
2317,1,,TikTok,paling nasib ky sudewo,Negatif,,,2026-02-25 19:46:39.483484+00:00,2-12,Lainnya,Lainnya,Lainnya/Jateng
2321,1,,TikTok,awuren pak,Negatif,,,2026-02-25 19:46:39.483484+00:00,2-12,Lainnya,Lainnya,Lainnya/Jateng
2322,1,,TikTok,orang pintar,Negatif,,,2026-02-25 19:46:39.483484+00:00,2-12,Lainnya,Lainnya,Lainnya/Jateng
2323,1,,TikTok,jauh sama KDM,Negatif,,,2026-02-25 19:46:39.483484+00:00,2-12,Lainnya,Lainnya,Lainnya/Jateng
2324,1,,TikTok,halo gess,Negatif,,,2026-02-25 19:46:39.483484+00:00,2-12,Lainnya,Lainnya,Lainnya/Jateng
2329,1,,TikTok,"perlu di demo,ato di selidiki",Negatif,,,2026-02-25 19:46:39.483484+00:00,2-12,Lainnya,Lainnya,Lainnya/Jateng
2334,1,,TikTok,turunkan saya,Negatif,,,2026-02-25 19:46:39.483484+00:00,2-12,Lainnya,Lainnya,Lainnya/Jateng
2337,1,,TikTok,nggedabrus....tok!!!!,Negatif,,,2026-02-25 19:46:39.483484+00:00,2-12,Lainnya,Lainnya,Lainnya/Jateng
2318,1,,TikTok,seng utang sopo seng kon bayar sopo😭,Negatif,,,2026-02-25 19:46:39.483484+00:00,2-12,Lainnya,Nasib Rakyat / Kesejahteraan,Lainnya/Jateng
2182,1,,TikTok,fungsi bintang 3 i opo ya😅,Negatif,,,2026-02-25 19:46:39.483484+00:00,2-12,Lainnya,Gubernur,Lainnya/Jateng
2180,1,,TikTok,rasah dibayar wkwkwk,Negatif,,,2026-02-25 19:46:39.483484+00:00,2-12,Lainnya,Institusi (Bapenda/Samsat),Lainnya/Jateng
2311,1,,TikTok,"bikin mudah seperti bayar PBB, listrik, dll",Negatif,,,2026-02-25 19:46:39.483484+00:00,2-12,Lainnya,Institusi (Bapenda/Samsat),Lainnya/Jateng
2330,1,,TikTok,ga usah bayar,Negatif,,,2026-02-25 19:46:39.483484+00:00,2-12,Lainnya,Institusi (Bapenda/Samsat),Lainnya/Jateng
2284,1,,TikTok,meluuuu,Negatif,,,2026-02-25 19:46:39.483484+00:00,2-12,Lainnya,Pemerintahan,Lainnya/Jateng
2264,1,,TikTok,ujung ujungnya dikorupsi males,Negatif,,,2026-02-25 19:46:39.483484+00:00,2-12,Lainnya,Pemerintahan,Lainnya/Jateng
2174,1,,TikTok,"Ayo bergerak,ojo mung manut remokkkk😏",Negatif,,,2026-02-25 19:46:39.483484+00:00,2-12,Lainnya,Lainnya,Pekalongan/Pantura (G)
2175,1,,TikTok,apakah ini tanda tanda teman bapak sudewo,Negatif,,,2026-02-25 19:46:39.483484+00:00,2-12,Lainnya,Lainnya,Pekalongan/Pantura (G)
2286,1,,TikTok,liat ..jejaknya dari mana..asal usulnya...😁,Negatif,,,2026-02-25 19:46:39.483484+00:00,2-12,Lainnya,Lainnya,Pekalongan/Pantura (G)
2571,2,,TikTok,owh yg menyetujui UU opsen Presiden tahun 2022,Negatif,,,2026-02-25 19:46:39.483484+00:00,1 h yang lalu,Lainnya,Institusi (Bapenda/Samsat),Pekalongan/Pantura (G)
2240,1,,TikTok,"UU buatan manusia, walaupun harus mengacu tapi buat UU jg harus memikirkan dampaknya, jikalau dampaknya buruk maka UU WAJIB DI ROMBAK",Negatif,,,2026-02-25 19:46:39.483484+00:00,2-12,Lainnya,Pemerintahan,Pekalongan/Pantura (G)
2376,1,,TikTok,fix adiknya sadewo,Negatif,,,2026-02-25 19:46:39.483484+00:00,2-12,Lainnya,Gubernur,Lainnya/Jateng
2366,1,,TikTok,utang sama siapa Pak,Negatif,,,2026-02-25 19:46:39.483484+00:00,2-12,Lainnya,Nasib Rakyat / Kesejahteraan,Lainnya/Jateng
2368,1,,TikTok,tunda bayar,Negatif,,,2026-02-25 19:46:39.483484+00:00,2-12,Lainnya,Institusi (Bapenda/Samsat),Lainnya/Jateng
2429,1,,TikTok,mbayar wae isih di angel2 🤪,Negatif,,,2026-02-25 19:46:39.483484+00:00,2-12,Lainnya,Institusi (Bapenda/Samsat),Lainnya/Jateng
2384,1,,TikTok,sudewo 2 ituu,Negatif,,,2026-02-25 19:46:39.483484+00:00,2-12,Lainnya,Pemerintahan,Lainnya/Jateng
2343,1,,TikTok,kompak gas,Negatif,,,2026-02-25 19:46:39.483484+00:00,2-12,Lainnya,Lainnya,Lainnya/Jateng
2345,1,,TikTok,T4Ek,Negatif,,,2026-02-25 19:46:39.483484+00:00,2-12,Lainnya,Lainnya,Lainnya/Jateng
2349,1,,TikTok,cukup satu periode...,Negatif,,,2026-02-25 19:46:39.483484+00:00,2-12,Lainnya,Lainnya,Lainnya/Jateng
2358,1,,TikTok,alah perrret,Negatif,,,2026-02-25 19:46:39.483484+00:00,2-12,Lainnya,Lainnya,Lainnya/Jateng
2361,1,,TikTok,kapan demok,Negatif,,,2026-02-25 19:46:39.483484+00:00,2-12,Lainnya,Lainnya,Lainnya/Jateng
2364,1,,TikTok,kekean alesan,Negatif,,,2026-02-25 19:46:39.483484+00:00,2-12,Lainnya,Lainnya,Lainnya/Jateng
2373,1,,TikTok,demo ssan ngabuburit Yo masukk 😂,Negatif,,,2026-02-25 19:46:39.483484+00:00,2-12,Lainnya,Lainnya,Lainnya/Jateng
2375,1,,TikTok,Iki ora isoh nyambut gawe,Negatif,,,2026-02-25 19:46:39.483484+00:00,2-12,Lainnya,Lainnya,Lainnya/Jateng
2381,1,,TikTok,"sopo iki,,,,,,,",Negatif,,,2026-02-25 19:46:39.483484+00:00,2-12,Lainnya,Lainnya,Lainnya/Jateng
2406,1,,TikTok,muduno lek,Negatif,,,2026-02-25 19:46:39.483484+00:00,2-12,Lainnya,Lainnya,Lainnya/Jateng
2410,1,,TikTok,siaaaaap,Negatif,,,2026-02-25 19:46:39.483484+00:00,2-12,Lainnya,Lainnya,Lainnya/Jateng
2417,1,,TikTok,mlas,Negatif,,,2026-02-25 19:46:39.483484+00:00,2-12,Lainnya,Lainnya,Lainnya/Jateng
2424,1,,TikTok,PAD AP cuma dri kendaraan saja to paaakkk,Negatif,,,2026-02-25 19:46:39.483484+00:00,2-12,Lainnya,Lainnya,Lainnya/Jateng
2432,1,,TikTok,demo geden kapan nih,Negatif,,,2026-02-25 19:46:39.483484+00:00,2-12,Lainnya,Lainnya,Lainnya/Jateng
2435,1,,TikTok,bar mabuk cubung kwi,Negatif,,,2026-02-25 19:46:39.483484+00:00,2-12,Lainnya,Lainnya,Lainnya/Jateng
2440,1,,TikTok,enak pas PK Ganjar ...sek Iki marai gerang,Negatif,,,2026-02-25 19:46:39.483484+00:00,2-12,Lainnya,Lainnya,Lainnya/Jateng
2445,1,,TikTok,kalo gak mampu turun aja,Negatif,,,2026-02-25 19:46:39.483484+00:00,2-12,Lainnya,Lainnya,Lainnya/Jateng
2446,1,,TikTok,nduwe motor kro mobil arep ora Tek pajeg,Negatif,,,2026-02-25 19:46:39.483484+00:00,2-12,Lainnya,Lainnya,Lainnya/Jateng
2449,1,,TikTok,pret guplak,Negatif,,,2026-02-25 19:46:39.483484+00:00,2-12,Lainnya,Lainnya,Lainnya/Jateng
2452,1,,TikTok,🤣🤣🤣🤣🤣🤣🤣🤣🤣🤣,Negatif,,,2026-02-25 19:46:39.483484+00:00,2-12,Lainnya,Lainnya,Lainnya/Jateng
2453,1,,TikTok,kuclukk kucluk..,Negatif,,,2026-02-25 19:46:39.483484+00:00,2-12,Lainnya,Lainnya,Lainnya/Jateng
2456,1,,TikTok,satu priode aja 👍,Negatif,,,2026-02-25 19:46:39.483484+00:00,2-12,Lainnya,Lainnya,Lainnya/Jateng
2463,1,,TikTok,😂😂😂😂😂,Negatif,,,2026-02-25 19:46:39.483484+00:00,2-12,Lainnya,Lainnya,Lainnya/Jateng
2465,1,,TikTok,gedabrus,Negatif,,,2026-02-25 19:46:39.483484+00:00,2-12,Lainnya,Lainnya,Lainnya/Jateng
2468,1,,TikTok,kakeaane...,Negatif,,,2026-02-25 19:46:39.483484+00:00,2-12,Lainnya,Lainnya,Lainnya/Jateng
2472,1,,TikTok,Info demo,Negatif,,,2026-02-25 19:46:39.483484+00:00,2-12,Lainnya,Lainnya,Lainnya/Jateng
2409,1,,TikTok,ora melu milih tp melu ngrasakno sengsorone acara mu 😂😂😂,Negatif,,,2026-02-25 19:46:39.483484+00:00,2-12,Lainnya,Gubernur,Lainnya/Jateng
2627,2,,TikTok,hapus opsen,Negatif,,,2026-02-25 19:46:39.483484+00:00,1 h yang lalu,Lainnya,Institusi (Bapenda/Samsat),Lainnya/Jateng
2351,1,,TikTok,jabar doang yg mantap...dan siap..,Negatif,,,2026-02-25 19:46:39.483484+00:00,2-12,Lainnya,Pemerintahan,Pekalongan/Pantura (G)
2654,2,,TikTok,ada pak. tambahan opsen jadi otomatis nambah,Negatif,,,2026-02-25 19:46:39.483484+00:00,9 j yang lalu,Lainnya,Institusi (Bapenda/Samsat),Lainnya/Jateng
2431,1,,TikTok,nama nya jg mantan ladusing....😁,Negatif,,,2026-02-25 19:46:39.483484+00:00,2-12,Lainnya,Gubernur,Pekalongan/Pantura (G)
2643,2,,TikTok,"Dana Opsennya utk apa , kemana apa itu hasil rapat dari Mendagri....",Negatif,,,2026-02-25 19:46:39.483484+00:00,6 j yang lalu,Lainnya,Institusi (Bapenda/Samsat),Pekalongan/Pantura (G)
2474,1,,TikTok,Tetap aja membebani masyarakat,Negatif,,,2026-02-25 19:46:39.483484+00:00,2-12,Lainnya,Nasib Rakyat / Kesejahteraan,Lainnya/Jateng
2714,2,,TikTok,waktu kampanya katanya akan menyesejatrakan rayat kok malah mencekik rayat pak,Negatif,,,2026-02-25 19:46:39.483484+00:00,20 j yang lalu,Lainnya,Nasib Rakyat / Kesejahteraan,Lainnya/Jateng
2753,2,,TikTok,mbok ya mikir aja bisane meras rakyat pupuk sng di butuhna petani ya ampleng,Negatif,,,2026-02-25 19:46:39.483484+00:00,22 j yang lalu,Beban Ekonomi,Nasib Rakyat / Kesejahteraan,Solo Raya (AD)
2476,1,,TikTok,lanjut demo,Negatif,,,2026-02-25 19:46:39.483484+00:00,2-12,Lainnya,Lainnya,Lainnya/Jateng
2478,1,,TikTok,Atur2en kono karepmu,Negatif,,,2026-02-25 19:46:39.483484+00:00,2-12,Lainnya,Lainnya,Lainnya/Jateng
2481,1,,TikTok,alah dasar Pa pak,Negatif,,,2026-02-25 19:46:39.483484+00:00,2-12,Lainnya,Lainnya,Lainnya/Jateng
2487,1,,TikTok,agendakan,Negatif,,,2026-02-25 19:46:39.483484+00:00,2-12,Lainnya,Lainnya,Lainnya/Jateng
2491,1,,TikTok,siapp,Negatif,,,2026-02-25 19:46:39.483484+00:00,2-12,Lainnya,Lainnya,Lainnya/Jateng
2493,1,,TikTok,lumayan buat ganti untu,Negatif,,,2026-02-25 19:46:39.483484+00:00,2-12,Lainnya,Lainnya,Lainnya/Jateng
2496,1,,TikTok,ganti gbnure pak hoho,Negatif,,,2026-02-25 19:46:39.483484+00:00,2-12,Lainnya,Lainnya,Lainnya/Jateng
2621,2,,TikTok,🤣 wes karepmu pakdee,Negatif,,,2026-02-25 19:46:39.483484+00:00,1 h yang lalu,Lainnya,Lainnya,Lainnya/Jateng
2625,2,,TikTok,Jangan tertipu daya kata DISKON,Negatif,,,2026-02-25 19:46:39.483484+00:00,1 h yang lalu,Lainnya,Lainnya,Lainnya/Jateng
2632,2,,TikTok,"jarene dadi apek juos juos kok Podo wae mlh lebih terseok Seok coba ingat,hai musibah kui dasare dari opo yae",Negatif,,,2026-02-25 19:46:39.483484+00:00,3 j yang lalu,Lainnya,Lainnya,Lainnya/Jateng
2633,2,,TikTok,"seng asal e apik, campur karo elek,, dadi ne elek kabeh",Negatif,,,2026-02-25 19:46:39.483484+00:00,4 j yang lalu,Lainnya,Lainnya,Lainnya/Jateng
2636,2,,TikTok,Ra ngerti ngmng ngopo,Negatif,,,2026-02-25 19:46:39.483484+00:00,5 j yang lalu,Lainnya,Lainnya,Lainnya/Jateng
2642,2,,TikTok,panik,Negatif,,,2026-02-25 19:46:39.483484+00:00,6 j yang lalu,Lainnya,Lainnya,Lainnya/Jateng
2644,2,,TikTok,boikot,Negatif,,,2026-02-25 19:46:39.483484+00:00,6 j yang lalu,Lainnya,Lainnya,Lainnya/Jateng
2646,2,,TikTok,preeeettttt......,Negatif,,,2026-02-25 19:46:39.483484+00:00,7 j yang lalu,Lainnya,Lainnya,Lainnya/Jateng
2692,2,,TikTok,[stiker],Negatif,,,2026-02-25 19:46:39.483484+00:00,18 j yang lalu,Lainnya,Lainnya,Lainnya/Jateng
2699,2,,TikTok,pembangunan yg mn pak?,Negatif,,,2026-02-25 19:46:39.483484+00:00,19 j yang lalu,Lainnya,Lainnya,Lainnya/Jateng
2702,2,,TikTok,gedebus,Negatif,,,2026-02-25 19:46:39.483484+00:00,19 j yang lalu,Lainnya,Lainnya,Lainnya/Jateng
2705,2,,TikTok,klabakan ..kan 😄😄😄😄,Negatif,,,2026-02-25 19:46:39.483484+00:00,19 j yang lalu,Lainnya,Lainnya,Lainnya/Jateng
2707,2,,TikTok,doboool,Negatif,,,2026-02-25 19:46:39.483484+00:00,19 j yang lalu,Lainnya,Lainnya,Lainnya/Jateng
2712,2,,TikTok,tai tai,Negatif,,,2026-02-25 19:46:39.483484+00:00,20 j yang lalu,Lainnya,Lainnya,Lainnya/Jateng
2724,2,,TikTok,gedabrus,Negatif,,,2026-02-25 19:46:39.483484+00:00,20 j yang lalu,Lainnya,Lainnya,Lainnya/Jateng
2725,2,,TikTok,alasan lu,Negatif,,,2026-02-25 19:46:39.483484+00:00,20 j yang lalu,Lainnya,Lainnya,Lainnya/Jateng
2726,2,,TikTok,fulus😁,Negatif,,,2026-02-25 19:46:39.483484+00:00,20 j yang lalu,Lainnya,Lainnya,Lainnya/Jateng
2727,2,,TikTok,Lah mberuh kono sak karepe,Negatif,,,2026-02-25 19:46:39.483484+00:00,20 j yang lalu,Lainnya,Lainnya,Lainnya/Jateng
2732,2,,TikTok,Preeeetttt,Negatif,,,2026-02-25 19:46:39.483484+00:00,20 j yang lalu,Lainnya,Lainnya,Lainnya/Jateng
2734,2,,TikTok,kok cek weruh arek Ki aku,Negatif,,,2026-02-25 19:46:39.483484+00:00,20 j yang lalu,Lainnya,Lainnya,Lainnya/Jateng
2741,2,,TikTok,akal²an tok,Negatif,,,2026-02-25 19:46:39.483484+00:00,21 j yang lalu,Lainnya,Lainnya,Lainnya/Jateng
2744,2,,TikTok,"pembangunan.....????
🤔🤔🤔🤔",Negatif,,,2026-02-25 19:46:39.483484+00:00,21 j yang lalu,Lainnya,Lainnya,Lainnya/Jateng
2750,2,,TikTok,Sak karepmu..sedill,Negatif,,,2026-02-25 19:46:39.483484+00:00,21 j yang lalu,Lainnya,Lainnya,Lainnya/Jateng
2751,2,,TikTok,montorku tak mutasi jawa barat wae😂😂,Negatif,,,2026-02-25 19:46:39.483484+00:00,21 j yang lalu,Lainnya,Lainnya,Lainnya/Jateng
2754,2,,TikTok,nggedrabus,Negatif,,,2026-02-25 19:46:39.483484+00:00,22 j yang lalu,Lainnya,Lainnya,Lainnya/Jateng
2755,2,,TikTok,hahaha,Negatif,,,2026-02-25 19:46:39.483484+00:00,22 j yang lalu,Lainnya,Lainnya,Lainnya/Jateng
2762,2,,TikTok,Mencla mencle,Negatif,,,2026-02-25 19:46:39.483484+00:00,22 j yang lalu,Lainnya,Lainnya,Lainnya/Jateng
2425,1,,TikTok,aku ra milih bro wez paham bakale atu atu,Negatif,,,2026-02-25 19:46:39.483484+00:00,2-12,Lainnya,Gubernur,Lainnya/Jateng
2454,1,,TikTok,Aku ra milih keno dampake 😭,Negatif,,,2026-02-25 19:46:39.483484+00:00,2-12,Lainnya,Gubernur,Lainnya/Jateng
2495,1,,TikTok,gak lg aku milih dia,Negatif,,,2026-02-25 19:46:39.483484+00:00,2-12,Lainnya,Gubernur,Lainnya/Jateng
2761,2,,TikTok,milih sing nganggo sarung,Negatif,,,2026-02-25 19:46:39.483484+00:00,22 j yang lalu,Lainnya,Gubernur,Lainnya/Jateng
2777,2,,TikTok,opsen panganan opo pak gk mudeng blass,Negatif,,,2026-02-25 19:46:39.483484+00:00,23 j yang lalu,Lainnya,Institusi (Bapenda/Samsat),Lainnya/Jateng
2815,2,,TikTok,intine opsen ne hapusen pak,Negatif,,,2026-02-25 19:46:39.483484+00:00,1 h yang lalu,Lainnya,Institusi (Bapenda/Samsat),Lainnya/Jateng
2905,2,,TikTok,pemutihan contoh jabar,Negatif,,,2026-02-25 19:46:39.483484+00:00,1 h yang lalu,Lainnya,Pemerintahan,Lainnya/Jateng
2831,2,,TikTok,iki ag wong sing nyalon trus iku o ski Wes dadi trus dampak e opo kanggo wong cilik,Negatif,,,2026-02-25 19:46:39.483484+00:00,1 h yang lalu,Lainnya,Nasib Rakyat / Kesejahteraan,Lainnya/Jateng
3104,3,,Instagram,Tapi kok DIY dengan mobil& tahun yg sama kok bisa lebih murah?? Apa UU nya beda?,Negatif,,,2026-02-25 19:46:39.483484+00:00,Tapi kok DIY dengan mobil& tahun yg sama kok bisa lebih murah?? Apa UU nya beda?,Lainnya,Pemerintahan,Pekalongan/Pantura (G)
3106,3,,Instagram,"Mohon infonya min, NJKB update kapan ini nggih? soalnya harga mobil/motor bekas kan tiap tahun turun terus",Negatif,,,2026-02-25 19:46:39.483484+00:00,"Mohon infonya min, NJKB update kapan ini nggih? soalnya harga mobil/motor bekas kan tiap tahun turun terus",Lainnya,Gubernur,Pekalongan/Pantura (G)
2763,2,,TikTok,gmn klu mbah maimun masih ada ya,Negatif,,,2026-02-25 19:46:39.483484+00:00,22 j yang lalu,Lainnya,Lainnya,Lainnya/Jateng
2765,2,,TikTok,tae,Negatif,,,2026-02-25 19:46:39.483484+00:00,22 j yang lalu,Lainnya,Lainnya,Lainnya/Jateng
2768,2,,TikTok,heleh!!!,Negatif,,,2026-02-25 19:46:39.483484+00:00,22 j yang lalu,Lainnya,Lainnya,Lainnya/Jateng
2839,2,,TikTok,"pret, ora manusiawi",Negatif,,,2026-02-25 19:46:39.483484+00:00,1 h yang lalu,Lainnya,Lainnya,Pekalongan/Pantura (G)
2832,2,,TikTok,[stiker],Negatif,,,2026-02-25 19:46:39.483484+00:00,1 h yang lalu,Lainnya,Lainnya,Lainnya/Jateng
2848,2,,TikTok,Rak urus!!,Negatif,,,2026-02-25 19:46:39.483484+00:00,1 h yang lalu,Lainnya,Lainnya,Lainnya/Jateng
2855,2,,TikTok,berbelit belit,Negatif,,,2026-02-25 19:46:39.483484+00:00,1 h yang lalu,Lainnya,Lainnya,Lainnya/Jateng
2861,2,,TikTok,ñgowos kyo radio jadul,Negatif,,,2026-02-25 19:46:39.483484+00:00,1 h yang lalu,Lainnya,Lainnya,Lainnya/Jateng
2865,2,,TikTok,wkwkwk,Negatif,,,2026-02-25 19:46:39.483484+00:00,1 h yang lalu,Lainnya,Lainnya,Lainnya/Jateng
2868,2,,TikTok,wes toh nggedabrus tok🤣🤣,Negatif,,,2026-02-25 19:46:39.483484+00:00,1 h yang lalu,Lainnya,Lainnya,Lainnya/Jateng
2872,2,,TikTok,"sakarepmu lah sin.,.",Negatif,,,2026-02-25 19:46:39.483484+00:00,1 h yang lalu,Lainnya,Lainnya,Lainnya/Jateng
2873,2,,TikTok,alesan,Negatif,,,2026-02-25 19:46:39.483484+00:00,1 h yang lalu,Lainnya,Lainnya,Lainnya/Jateng
2877,2,,TikTok,hhhhhh tak guyu wae,Negatif,,,2026-02-25 19:46:39.483484+00:00,1 h yang lalu,Lainnya,Lainnya,Lainnya/Jateng
2883,2,,TikTok,dalil terus ji,Negatif,,,2026-02-25 19:46:39.483484+00:00,1 h yang lalu,Lainnya,Lainnya,Lainnya/Jateng
2885,2,,TikTok,ya percuma pemutian gratis jadinya muter muter mumet,Negatif,,,2026-02-25 19:46:39.483484+00:00,1 h yang lalu,Lainnya,Lainnya,Lainnya/Jateng
2887,2,,TikTok,heleh.....,Negatif,,,2026-02-25 19:46:39.483484+00:00,1 h yang lalu,Lainnya,Lainnya,Lainnya/Jateng
2899,2,,TikTok,mutasi ke jogja lebih enak,Negatif,,,2026-02-25 19:46:39.483484+00:00,1 h yang lalu,Lainnya,Lainnya,Lainnya/Jateng
3038,3,,Instagram,Di daerah saya juga pada bikin  piye jal,Negatif,,,2026-02-25 19:46:39.483484+00:00,Di daerah saya juga pada bikin  piye jal,Lainnya,Lainnya,Lainnya/Jateng
3041,3,,Instagram,Provinsi lawak,Negatif,,,2026-02-25 19:46:39.483484+00:00,Provinsi lawak,Lainnya,Lainnya,Lainnya/Jateng
3043,3,,Instagram,coba deh cek chatgpt masi ada tuh ketentuannya,Negatif,,,2026-02-25 19:46:39.483484+00:00,coba deh cek chatgpt masi ada tuh ketentuannya,Lainnya,Lainnya,Lainnya/Jateng
3059,3,,Instagram,"𝙆𝙞𝙩𝙖 𝙩𝙞𝙙𝙖𝙠 𝙢𝙚𝙣𝙚𝙧𝙞𝙢𝙖 𝙥𝙚𝙣𝙟𝙚𝙡𝙖𝙨𝙖𝙣 , 𝙞𝙣𝙩𝙞𝙣𝙮𝙖 𝙃𝘼𝙋𝙐𝙎 𝙊𝙋𝙎𝙀𝙉 𝙋𝘼𝙅𝘼𝙆!!",Negatif,,,2026-02-25 19:46:39.483484+00:00,"𝙆𝙞𝙩𝙖 𝙩𝙞𝙙𝙖𝙠 𝙢𝙚𝙣𝙚𝙧𝙞𝙢𝙖 𝙥𝙚𝙣𝙟𝙚𝙡𝙖𝙨𝙖𝙣 , 𝙞𝙣𝙩𝙞𝙣𝙮𝙖 𝙃𝘼𝙋𝙐𝙎 𝙊𝙋𝙎𝙀𝙉 𝙋𝘼𝙅𝘼𝙆!!",Lainnya,Lainnya,Lainnya/Jateng
3062,3,,Instagram,Nguntal gapuro,Negatif,,,2026-02-25 19:46:39.483484+00:00,Nguntal gapuro,Lainnya,Lainnya,Lainnya/Jateng
3073,3,,Instagram,Pemutihan la opo real madrid😂,Negatif,,,2026-02-25 19:46:39.483484+00:00,Pemutihan la opo real madrid😂,Lainnya,Lainnya,Lainnya/Jateng
3098,3,,Instagram,"Wes rasah kakean ita itu, resah yo resah, kasih solusi nde",Negatif,,,2026-02-25 19:46:39.483484+00:00,"Wes rasah kakean ita itu, resah yo resah, kasih solusi nde",Lainnya,Lainnya,Lainnya/Jateng
3099,3,,Instagram,"nguncalne masalah ng  ,  nguncalne ning  ,, terus  nguncal ng sopo??? 😂",Negatif,,,2026-02-25 19:46:39.483484+00:00,"nguncalne masalah ng  ,  nguncalne ning  ,, terus  nguncal ng sopo??? 😂",Lainnya,Lainnya,Lainnya/Jateng
3100,3,,Instagram,Intinya pak total nominalnya. Bukan tentang diskon!!,Negatif,,,2026-02-25 19:46:39.483484+00:00,Intinya pak total nominalnya. Bukan tentang diskon!!,Lainnya,Lainnya,Lainnya/Jateng
3108,3,,Instagram,ini sist  ? 🥹,Negatif,,,2026-02-25 19:46:39.483484+00:00,ini sist  ? 🥹,Lainnya,Lainnya,Lainnya/Jateng
3110,3,,Instagram,"Nek gur kata2 komitmen tok cah cilik be iso pak,  tp nyatane tkn saiki ndi eksekusine",Negatif,,,2026-02-25 19:46:39.483484+00:00,"Nek gur kata2 komitmen tok cah cilik be iso pak,  tp nyatane tkn saiki ndi eksekusine",Lainnya,Lainnya,Lainnya/Jateng
2851,2,,TikTok,opsen mio 2oo9 aja 53rbu... gila coy,Negatif,,,2026-02-25 19:46:39.483484+00:00,1 h yang lalu,Lainnya,Institusi (Bapenda/Samsat),Lainnya/Jateng
2859,2,,TikTok,"iso, ngitung, opsen ra jane",Negatif,,,2026-02-25 19:46:39.483484+00:00,1 h yang lalu,Lainnya,Institusi (Bapenda/Samsat),Lainnya/Jateng
3164,3,,Instagram,"Niate arep bayar PKB, malah rame yowis tak pending sek",Negatif,,,2026-02-25 19:46:39.483484+00:00,"Niate arep bayar PKB, malah rame yowis tak pending sek",Lainnya,Institusi (Bapenda/Samsat),Lainnya/Jateng
3212,3,,Instagram,"Ngopeni, nglakoni, majeki 😂",Negatif,,,2026-02-25 19:46:39.483484+00:00,"Ngopeni, nglakoni, majeki 😂",Lainnya,Gubernur,Lainnya/Jateng
2964,3,,Instagram,Yang menetapkan besaran opsen nya siapa kalau bukan provinsi?,Negatif,,,2026-02-25 19:46:39.483484+00:00,Yang menetapkan besaran opsen nya siapa kalau bukan provinsi?,Lainnya,Institusi (Bapenda/Samsat),Lainnya/Jateng
3111,3,,Instagram,Motor jadul aja naek msh nyangkal,Negatif,,,2026-02-25 19:46:39.483484+00:00,Motor jadul aja naek msh nyangkal,Lainnya,Lainnya,Lainnya/Jateng
3121,3,,Instagram,😂😂😂😂,Negatif,,,2026-02-25 19:46:39.483484+00:00,😂😂😂😂,Lainnya,Lainnya,Lainnya/Jateng
3122,3,,Instagram,Bukan Introspeksi Malah Jumawa 👏,Negatif,,,2026-02-25 19:46:39.483484+00:00,Bukan Introspeksi Malah Jumawa 👏,Lainnya,Lainnya,Lainnya/Jateng
3133,3,,Instagram,TKD berkurang 😂 begitu kah😂,Negatif,,,2026-02-25 19:46:39.483484+00:00,TKD berkurang 😂 begitu kah😂,Lainnya,Lainnya,Lainnya/Jateng
3137,3,,Instagram,"Min sabendino pemasukan Karo pengeluarane di upload,Ben luweh pnak",Negatif,,,2026-02-25 19:46:39.483484+00:00,"Min sabendino pemasukan Karo pengeluarane di upload,Ben luweh pnak",Lainnya,Lainnya,Lainnya/Jateng
3145,3,,Instagram,nyari tombol unlike gak ada,Negatif,,,2026-02-25 19:46:39.483484+00:00,nyari tombol unlike gak ada,Lainnya,Lainnya,Lainnya/Jateng
3146,3,,Instagram,Yang benerrr,Negatif,,,2026-02-25 19:46:39.483484+00:00,Yang benerrr,Lainnya,Lainnya,Lainnya/Jateng
3151,3,,Instagram,Hahahahaha 😂😂,Negatif,,,2026-02-25 19:46:39.483484+00:00,Hahahahaha 😂😂,Lainnya,Lainnya,Lainnya/Jateng
3162,3,,Instagram,Raumummmm😢,Negatif,,,2026-02-25 19:46:39.483484+00:00,Raumummmm😢,Lainnya,Lainnya,Lainnya/Jateng
3165,3,,Instagram,Yng tanya dijawab semua kak.. Biar ada pencerahan dari setiap pertanyaan,Negatif,,,2026-02-25 19:46:39.483484+00:00,Yng tanya dijawab semua kak.. Biar ada pencerahan dari setiap pertanyaan,Lainnya,Lainnya,Lainnya/Jateng
3168,3,,Instagram,KAREPMU BOSSS,Negatif,,,2026-02-25 19:46:39.483484+00:00,KAREPMU BOSSS,Lainnya,Lainnya,Lainnya/Jateng
3169,3,,Instagram,HALLLAH MBELGEDHESSS...,Negatif,,,2026-02-25 19:46:39.483484+00:00,HALLLAH MBELGEDHESSS...,Lainnya,Lainnya,Lainnya/Jateng
3115,3,,Instagram,😂😂😂 lalu kenapa provinsi lain anteng2 aja??,Negatif,,,2026-02-25 19:46:39.483484+00:00,😂😂😂 lalu kenapa provinsi lain anteng2 aja??,Lainnya,Lainnya,Solo Raya (AD)
3233,3,,Instagram,Di kiraa orang skrng buta dgan informasi wkk . Mbok diakuin aja . Kita smua itu tidak buta informasi . .,Negatif,,,2026-02-25 19:46:39.483484+00:00,Di kiraa orang skrng buta dgan informasi wkk . Mbok diakuin aja . Kita smua itu tidak buta informasi . .,Lainnya,Lainnya,Solo Raya (AD)
3171,3,,Instagram,HALLLAH MBELGEDHESSS...,Negatif,,,2026-02-25 19:46:39.483484+00:00,HALLLAH MBELGEDHESSS...,Lainnya,Lainnya,Lainnya/Jateng
3203,3,,Instagram,Poseeeeng bos,Negatif,,,2026-02-25 19:46:39.483484+00:00,Poseeeeng bos,Lainnya,Lainnya,Lainnya/Jateng
3206,3,,Instagram,Wkwkwk👏,Negatif,,,2026-02-25 19:46:39.483484+00:00,Wkwkwk👏,Lainnya,Lainnya,Lainnya/Jateng
3216,3,,Instagram,KONTOL!!!!!!,Negatif,,,2026-02-25 19:46:39.483484+00:00,KONTOL!!!!!!,Lainnya,Lainnya,Lainnya/Jateng
3218,3,,Instagram,Mental kere !,Negatif,,,2026-02-25 19:46:39.483484+00:00,Mental kere !,Lainnya,Lainnya,Lainnya/Jateng
3222,3,,Instagram,"Adep²anmu wong akeh lho iki., ora gaco/waton nek gawe kebijakan. 😢",Negatif,,,2026-02-25 19:46:39.483484+00:00,"Adep²anmu wong akeh lho iki., ora gaco/waton nek gawe kebijakan. 😢",Lainnya,Lainnya,Lainnya/Jateng
3226,3,,Instagram,NUNGGU PEMILU SELANJUTNYA AJA BIAR ADA PROGRAM DADAKAN DARI INCUMBENT,Negatif,,,2026-02-25 19:46:39.483484+00:00,NUNGGU PEMILU SELANJUTNYA AJA BIAR ADA PROGRAM DADAKAN DARI INCUMBENT,Lainnya,Lainnya,Lainnya/Jateng
3381,3,,Instagram,👏❤️,Negatif,,,2026-02-25 19:46:39.483484+00:00,👏❤️,Lainnya,Lainnya,Lainnya/Jateng
3232,3,,Instagram,SUWUN SUWUN,Negatif,,,2026-02-25 19:46:39.483484+00:00,SUWUN SUWUN,Lainnya,Lainnya,Lainnya/Jateng
3236,3,,Instagram,Helehhh cuci tangan,Negatif,,,2026-02-25 19:46:39.483484+00:00,Helehhh cuci tangan,Lainnya,Lainnya,Lainnya/Jateng
3241,3,,Instagram,Helehhh cuci tangan,Negatif,,,2026-02-25 19:46:39.483484+00:00,Helehhh cuci tangan,Lainnya,Lainnya,Lainnya/Jateng
3242,3,,Instagram,"Vario 2017,2023 = 225.000 2024 =249.500  2025 = 269.000",Negatif,,,2026-02-25 19:46:39.483484+00:00,"Vario 2017,2023 = 225.000 2024 =249.500  2025 = 269.000",Lainnya,Lainnya,Lainnya/Jateng
3244,3,,Instagram,"CETO MUNGGAH NILAI NE, ISO²NE TIDAK ADA. CELEKE MOTOMU",Negatif,,,2026-02-25 19:46:39.483484+00:00,"CETO MUNGGAH NILAI NE, ISO²NE TIDAK ADA. CELEKE MOTOMU",Lainnya,Lainnya,Lainnya/Jateng
3245,3,,Instagram,Ngising beling,Negatif,,,2026-02-25 19:46:39.483484+00:00,Ngising beling,Lainnya,Lainnya,Lainnya/Jateng
3249,3,,Instagram,Otw mutasi ke DIY,Negatif,,,2026-02-25 19:46:39.483484+00:00,Otw mutasi ke DIY,Lainnya,Lainnya,Lainnya/Jateng
3263,3,,Instagram,gak ono pie se ya allah 😂,Negatif,,,2026-02-25 19:46:39.483484+00:00,gak ono pie se ya allah 😂,Lainnya,Lainnya,Lainnya/Jateng
3272,3,,Instagram,Tukuo kalkulator wae min,Negatif,,,2026-02-25 19:46:39.483484+00:00,Tukuo kalkulator wae min,Lainnya,Lainnya,Lainnya/Jateng
3277,3,,Instagram,golek bolo (kec DKI jakarta) wkwkwkw,Negatif,,,2026-02-25 19:46:39.483484+00:00,golek bolo (kec DKI jakarta) wkwkwkw,Lainnya,Lainnya,Lainnya/Jateng
3280,3,,Instagram,ngenteni pemutihan bae lahh,Negatif,,,2026-02-25 19:46:39.483484+00:00,ngenteni pemutihan bae lahh,Lainnya,Lainnya,Lainnya/Jateng
3144,3,,Instagram,Uuaasuuuu..,Negatif,,,2026-02-25 19:46:39.483484+00:00,Uuaasuuuu..,Lainnya,Pemerintahan,Lainnya/Jateng
3149,3,,Instagram,TOLONG DIKAJI LAGI YANG LEBIH MANUSIAWIII..,Negatif,,,2026-02-25 19:46:39.483484+00:00,TOLONG DIKAJI LAGI YANG LEBIH MANUSIAWIII..,Lainnya,Lainnya,Pekalongan/Pantura (G)
3159,3,,Instagram,Motorku tahun 2015 tembus 507 😂,Negatif,,,2026-02-25 19:46:39.483484+00:00,Motorku tahun 2015 tembus 507 😂,Lainnya,Lainnya,Pekalongan/Pantura (G)
3176,3,,Instagram,Sing wingi2 taat bayar ra pernah mbok pikir.... Iki gawe ontran ontran maneh....,Negatif,,,2026-02-25 19:46:39.483484+00:00,Sing wingi2 taat bayar ra pernah mbok pikir.... Iki gawe ontran ontran maneh....,Lainnya,Institusi (Bapenda/Samsat),Pekalongan/Pantura (G)
3213,3,,Instagram,saling cari aman lempar sana lempar sini...,Negatif,,,2026-02-25 19:46:39.483484+00:00,saling cari aman lempar sana lempar sini...,Lainnya,Lainnya,Pekalongan/Pantura (G)
3304,3,,Instagram,"Gajimu kakehan blok, mending dikurangi wae nggo ngurangi beban pengeluaran",Negatif,,,2026-02-25 19:46:39.483484+00:00,"Gajimu kakehan blok, mending dikurangi wae nggo ngurangi beban pengeluaran",Lainnya,Nasib Rakyat / Kesejahteraan,Lainnya/Jateng
3281,3,,Instagram,"Lah kalau Januari kemarin udah terlanjur bayar? Bisa dapat cashback min? 😂 kalau gak, yawes to kejadian kyk gini akan berulang lagi hmmm",Negatif,,,2026-02-25 19:46:39.483484+00:00,"Lah kalau Januari kemarin udah terlanjur bayar? Bisa dapat cashback min? 😂 kalau gak, yawes to kejadian kyk gini akan berulang lagi hmmm",Lainnya,Institusi (Bapenda/Samsat),Lainnya/Jateng
3356,3,,Instagram,200 kok dadi 500 iki kon bayar nggo dite sopo 🙌,Negatif,,,2026-02-25 19:46:39.483484+00:00,200 kok dadi 500 iki kon bayar nggo dite sopo 🙌,Lainnya,Institusi (Bapenda/Samsat),Lainnya/Jateng
3282,3,,Instagram,"Oh.. cuci tangan sampai bersih bro, jgn lupa pake sabun",Negatif,,,2026-02-25 19:46:39.483484+00:00,"Oh.. cuci tangan sampai bersih bro, jgn lupa pake sabun",Lainnya,Lainnya,Lainnya/Jateng
3292,3,,Instagram,ra cethow 👎👎,Negatif,,,2026-02-25 19:46:39.483484+00:00,ra cethow 👎👎,Lainnya,Lainnya,Lainnya/Jateng
3295,3,,Instagram,Kebijakan yang enggak bijak,Negatif,,,2026-02-25 19:46:39.483484+00:00,Kebijakan yang enggak bijak,Lainnya,Lainnya,Lainnya/Jateng
3306,3,,Instagram,klise,Negatif,,,2026-02-25 19:46:39.483484+00:00,klise,Lainnya,Lainnya,Lainnya/Jateng
3347,3,,Instagram,"Aplikasi sakpole baru maintenance, rumusnya itung2annya salahkah? Baru dibenerin? Wkwk",Negatif,,,2026-02-25 19:46:39.483484+00:00,"Aplikasi sakpole baru maintenance, rumusnya itung2annya salahkah? Baru dibenerin? Wkwk",Lainnya,Lainnya,Lainnya/Jateng
3361,3,,Instagram,Jiahh pakek AI 😏😏,Negatif,,,2026-02-25 19:46:39.483484+00:00,Jiahh pakek AI 😏😏,Lainnya,Lainnya,Lainnya/Jateng
3366,3,,Instagram,Awalnya kan ada ga mungkin tiba-tiba banget klarifikasi bikin ginian,Negatif,,,2026-02-25 19:46:39.483484+00:00,Awalnya kan ada ga mungkin tiba-tiba banget klarifikasi bikin ginian,Lainnya,Lainnya,Lainnya/Jateng
3367,3,,Instagram,TMBL KNTL !!,Negatif,,,2026-02-25 19:46:39.483484+00:00,TMBL KNTL !!,Lainnya,Lainnya,Lainnya/Jateng
3375,3,,Instagram,"Vario 2018 : 271rb , beat 2023 : 245.500 piye?",Negatif,,,2026-02-25 19:46:39.483484+00:00,"Vario 2018 : 271rb , beat 2023 : 245.500 piye?",Lainnya,Lainnya,Lainnya/Jateng
3380,3,,Instagram,Kangen pak ganjar,Negatif,,,2026-02-25 19:46:39.483484+00:00,Kangen pak ganjar,Lainnya,Lainnya,Lainnya/Jateng
3394,3,,Instagram,BOSOK!!!!!!!!!!!!!!,Negatif,,,2026-02-25 19:46:39.483484+00:00,BOSOK!!!!!!!!!!!!!!,Lainnya,Lainnya,Lainnya/Jateng
3399,3,,Instagram,Buat nutup MBG yah 😂,Negatif,,,2026-02-25 19:46:39.483484+00:00,Buat nutup MBG yah 😂,Lainnya,Lainnya,Lainnya/Jateng
3400,3,,Instagram,KAMI SUDAH MUAK.,Negatif,,,2026-02-25 19:46:39.483484+00:00,KAMI SUDAH MUAK.,Lainnya,Lainnya,Lainnya/Jateng
3403,3,,Instagram,reti taek ora?,Negatif,,,2026-02-25 19:46:39.483484+00:00,reti taek ora?,Lainnya,Lainnya,Lainnya/Jateng
3408,3,,Instagram,Stop lah,Negatif,,,2026-02-25 19:46:39.483484+00:00,Stop lah,Lainnya,Lainnya,Lainnya/Jateng
3425,3,,Instagram,Nitip jejak ah 😂,Negatif,,,2026-02-25 19:46:39.483484+00:00,Nitip jejak ah 😂,Lainnya,Lainnya,Lainnya/Jateng
3433,3,,Instagram,Ngapain dicoret,Negatif,,,2026-02-25 19:46:39.483484+00:00,Ngapain dicoret,Lainnya,Lainnya,Lainnya/Jateng
3434,3,,Instagram,jahaha,Negatif,,,2026-02-25 19:46:39.483484+00:00,jahaha,Lainnya,Lainnya,Lainnya/Jateng
3442,3,,Instagram,Weelehhh😂😂😂,Negatif,,,2026-02-25 19:46:39.483484+00:00,Weelehhh😂😂😂,Lainnya,Lainnya,Lainnya/Jateng
3449,3,,Instagram,Mkmkmkmkmk,Negatif,,,2026-02-25 19:46:39.483484+00:00,Mkmkmkmkmk,Lainnya,Lainnya,Lainnya/Jateng
3581,3,,Instagram,Mumet ndasku pak,Negatif,,,2026-02-25 19:46:39.483484+00:00,Mumet ndasku pak,Lainnya,Lainnya,Lainnya/Jateng
3464,3,,Instagram,😂😂😂,Negatif,,,2026-02-25 19:46:39.483484+00:00,😂😂😂,Lainnya,Lainnya,Lainnya/Jateng
3468,3,,Instagram,Mencret bosss,Negatif,,,2026-02-25 19:46:39.483484+00:00,Mencret bosss,Lainnya,Lainnya,Lainnya/Jateng
3469,3,,Instagram,Cuci tangan 😂,Negatif,,,2026-02-25 19:46:39.483484+00:00,Cuci tangan 😂,Lainnya,Lainnya,Lainnya/Jateng
3477,3,,Instagram,Kacau,Negatif,,,2026-02-25 19:46:39.483484+00:00,Kacau,Lainnya,Lainnya,Lainnya/Jateng
3479,3,,Instagram,Gara2 MBG mestiii,Negatif,,,2026-02-25 19:46:39.483484+00:00,Gara2 MBG mestiii,Lainnya,Lainnya,Lainnya/Jateng
2972,3,,Instagram,Sah opsen2nan,Negatif,,,2026-02-25 19:46:39.483484+00:00,Sah opsen2nan,Lainnya,Institusi (Bapenda/Samsat),Lainnya/Jateng
3005,3,,Instagram,HAPUSEN PKB OPSEN PAK,Negatif,,,2026-02-25 19:46:39.483484+00:00,HAPUSEN PKB OPSEN PAK,Lainnya,Institusi (Bapenda/Samsat),Lainnya/Jateng
3015,3,,Instagram,"Seharusnya opsen 1.2% bisa di Turunkan toh itu... Kan konteksnya di undanga² ""ditetapkan paling tinggi"" Seharusnya bisa dong di Turunkan, nggak dimaksimalkan 1.2%........",Negatif,,,2026-02-25 19:46:39.483484+00:00,"Seharusnya opsen 1.2% bisa di Turunkan toh itu... Kan konteksnya di undanga² ""ditetapkan paling tinggi"" Seharusnya bisa dong di Turunkan, nggak dimaksimalkan 1.2%........",Lainnya,Institusi (Bapenda/Samsat),Lainnya/Jateng
3340,3,,Instagram,Entuuutttttttt,Negatif,,,2026-02-25 19:46:39.483484+00:00,Entuuutttttttt,Lainnya,Pemerintahan,Lainnya/Jateng
3397,3,,Instagram,Admin kabuur g  bisa jawab di serang warga nitizen Jawa tengah😂,Negatif,,,2026-02-25 19:46:39.483484+00:00,Admin kabuur g  bisa jawab di serang warga nitizen Jawa tengah😂,Lainnya,Pemerintahan,Lainnya/Jateng
3305,3,,Instagram,AWAS LADANG KORUP !!!!!!!!!!!! 🤯🤯🤯🤯🤯🤯🤯,Negatif,,,2026-02-25 19:46:39.483484+00:00,AWAS LADANG KORUP !!!!!!!!!!!! 🤯🤯🤯🤯🤯🤯🤯,Lainnya,Pemerintahan,Lainnya/Jateng
3300,3,,Instagram,"Ganti slogane dadi ""Moroti lan nglakeni jawa tengah""",Negatif,,,2026-02-25 19:46:39.483484+00:00,"Ganti slogane dadi ""Moroti lan nglakeni jawa tengah""",Lainnya,Lainnya,Solo Raya (AD)
3352,3,,Instagram,Provinsi cari aman?,Negatif,,,2026-02-25 19:46:39.483484+00:00,Provinsi cari aman?,Lainnya,Lainnya,Pekalongan/Pantura (G)
3747,3,,Instagram,"Dan***...sing biasa bayar 1,6jt dadi mbayar 2jt",Negatif,,,2026-02-25 19:46:39.483484+00:00,"Dan***...sing biasa bayar 1,6jt dadi mbayar 2jt",Lainnya,Institusi (Bapenda/Samsat),Lainnya/Jateng
3564,3,,Instagram,saya titipkan Jawa tengah....kwaaak😂,Negatif,,,2026-02-25 19:46:39.483484+00:00,saya titipkan Jawa tengah....kwaaak😂,Lainnya,Lainnya,Lainnya/Jateng
3571,3,,Instagram,😂😂😂😂,Negatif,,,2026-02-25 19:46:39.483484+00:00,😂😂😂😂,Lainnya,Lainnya,Lainnya/Jateng
3583,3,,Instagram,💩💩💩,Negatif,,,2026-02-25 19:46:39.483484+00:00,💩💩💩,Lainnya,Lainnya,Lainnya/Jateng
3587,3,,Instagram,MINIMAL NGIKUTI UMR,Negatif,,,2026-02-25 19:46:39.483484+00:00,MINIMAL NGIKUTI UMR,Lainnya,Lainnya,Lainnya/Jateng
3589,3,,Instagram,ADA,Negatif,,,2026-02-25 19:46:39.483484+00:00,ADA,Lainnya,Lainnya,Lainnya/Jateng
3591,3,,Instagram,Blokir kepemilikan kendaraan bisa online gak min,Negatif,,,2026-02-25 19:46:39.483484+00:00,Blokir kepemilikan kendaraan bisa online gak min,Lainnya,Lainnya,Lainnya/Jateng
3615,3,,Instagram,tunggu pemutihan ajalah,Negatif,,,2026-02-25 19:46:39.483484+00:00,tunggu pemutihan ajalah,Lainnya,Lainnya,Lainnya/Jateng
3621,3,,Instagram,Nk dibatalkan kudune duetku bulan 11 dibalekno,Negatif,,,2026-02-25 19:46:39.483484+00:00,Nk dibatalkan kudune duetku bulan 11 dibalekno,Lainnya,Lainnya,Lainnya/Jateng
3622,3,,Instagram,😂😂😂,Negatif,,,2026-02-25 19:46:39.483484+00:00,😂😂😂,Lainnya,Lainnya,Lainnya/Jateng
3634,3,,Instagram,Makin kesini makin kesana bapak bapak Yth 👏,Negatif,,,2026-02-25 19:46:39.483484+00:00,Makin kesini makin kesana bapak bapak Yth 👏,Lainnya,Lainnya,Lainnya/Jateng
3638,3,,Instagram,PRET,Negatif,,,2026-02-25 19:46:39.483484+00:00,PRET,Lainnya,Lainnya,Lainnya/Jateng
3693,3,,Instagram,owalah pi lutpi 😂😂😂,Negatif,,,2026-02-25 19:46:39.483484+00:00,owalah pi lutpi 😂😂😂,Lainnya,Lainnya,Lainnya/Jateng
3690,3,,Instagram,Dibuka aja min NJKB semua type kendaraan Biar kita juga menilai benar tidak itu NJKB,Negatif,,,2026-02-25 19:46:39.483484+00:00,Dibuka aja min NJKB semua type kendaraan Biar kita juga menilai benar tidak itu NJKB,Lainnya,Lainnya,Lainnya/Jateng
3705,3,,Instagram,Pak kapan ada pemutihan lagi ❤️,Negatif,,,2026-02-25 19:46:39.483484+00:00,Pak kapan ada pemutihan lagi ❤️,Lainnya,Lainnya,Lainnya/Jateng
3710,3,,Instagram,Heleh,Negatif,,,2026-02-25 19:46:39.483484+00:00,Heleh,Lainnya,Lainnya,Lainnya/Jateng
3713,3,,Instagram,Mpik,Negatif,,,2026-02-25 19:46:39.483484+00:00,Mpik,Lainnya,Lainnya,Lainnya/Jateng
3714,3,,Instagram,Gatel,Negatif,,,2026-02-25 19:46:39.483484+00:00,Gatel,Lainnya,Lainnya,Lainnya/Jateng
3715,3,,Instagram,Viral baru dikaji 😂😂😂😂,Negatif,,,2026-02-25 19:46:39.483484+00:00,Viral baru dikaji 😂😂😂😂,Lainnya,Lainnya,Lainnya/Jateng
3716,3,,Instagram,Heleh,Negatif,,,2026-02-25 19:46:39.483484+00:00,Heleh,Lainnya,Lainnya,Lainnya/Jateng
3725,3,,Instagram,Ruweet,Negatif,,,2026-02-25 19:46:39.483484+00:00,Ruweet,Lainnya,Lainnya,Lainnya/Jateng
3735,3,,Instagram,Pretttt,Negatif,,,2026-02-25 19:46:39.483484+00:00,Pretttt,Lainnya,Lainnya,Lainnya/Jateng
3738,3,,Instagram,QDQDQVQGAUSVSKSDHDGSJSJDHSVSVAJABGAHWHSH,Negatif,,,2026-02-25 19:46:39.483484+00:00,QDQDQVQGAUSVSKSDHDGSJSJDHSVSVAJABGAHWHSH,Lainnya,Lainnya,Lainnya/Jateng
3753,3,,Instagram,Ospeni nglarani,Negatif,,,2026-02-25 19:46:39.483484+00:00,Ospeni nglarani,Lainnya,Lainnya,Lainnya/Jateng
3760,3,,Instagram,Apa ada akun buzzer disini? 😁,Negatif,,,2026-02-25 19:46:39.483484+00:00,Apa ada akun buzzer disini? 😁,Lainnya,Lainnya,Lainnya/Jateng
3763,3,,Instagram,Nek paham yo didunke,Negatif,,,2026-02-25 19:46:39.483484+00:00,Nek paham yo didunke,Lainnya,Lainnya,Lainnya/Jateng
3766,3,,Instagram,🙈🙈🙈,Negatif,,,2026-02-25 19:46:39.483484+00:00,🙈🙈🙈,Lainnya,Lainnya,Lainnya/Jateng
3585,3,,Instagram,"Tetap ora setuju., kok ora tunjangan pejabat wae dipotong",Negatif,,,2026-02-25 19:46:39.483484+00:00,"Tetap ora setuju., kok ora tunjangan pejabat wae dipotong",Lainnya,Gubernur,Lainnya/Jateng
3688,3,,Instagram,"NGLAKONI,NGOPENI,NGLAKENI,NGGATELI😩",Negatif,,,2026-02-25 19:46:39.483484+00:00,"NGLAKONI,NGOPENI,NGLAKENI,NGGATELI😩",Lainnya,Gubernur,Lainnya/Jateng
3759,3,,Instagram,"Ngopeni, mateni",Negatif,,,2026-02-25 19:46:39.483484+00:00,"Ngopeni, mateni",Lainnya,Gubernur,Lainnya/Jateng
3764,3,,Instagram,Ngopeni tp nyakiti,Negatif,,,2026-02-25 19:46:39.483484+00:00,Ngopeni tp nyakiti,Lainnya,Gubernur,Lainnya/Jateng
3032,3,,Instagram,Mnka nya jgn pake opsen2 jadi salah pada ngerti nya,Negatif,,,2026-02-25 19:46:39.483484+00:00,Mnka nya jgn pake opsen2 jadi salah pada ngerti nya,Lainnya,Institusi (Bapenda/Samsat),Lainnya/Jateng
3582,3,,Instagram,Kn sudah diduga pke g uu aja yg sifatnya nasional,Negatif,,,2026-02-25 19:46:39.483484+00:00,Kn sudah diduga pke g uu aja yg sifatnya nasional,Lainnya,Pemerintahan,Lainnya/Jateng
3592,3,,Instagram,keuntungan buat rakyat apa?,Negatif,,,2026-02-25 19:46:39.483484+00:00,keuntungan buat rakyat apa?,Beban Ekonomi,Nasib Rakyat / Kesejahteraan,Lainnya/Jateng
3844,3,,Instagram,Celengg tenann rakyat mok tekek,Negatif,,,2026-02-25 19:46:39.483484+00:00,Celengg tenann rakyat mok tekek,Beban Ekonomi,Nasib Rakyat / Kesejahteraan,Lainnya/Jateng
3720,3,,Instagram,Emang go golek pulihan kok lur 🔥🔥🔥,Negatif,,,2026-02-25 19:46:39.483484+00:00,Emang go golek pulihan kok lur 🔥🔥🔥,Lainnya,Lainnya,Pekalongan/Pantura (G)
3695,3,,Instagram,"Ora melu milih, melu apes e😢",Negatif,,,2026-02-25 19:46:39.483484+00:00,"Ora melu milih, melu apes e😢",Lainnya,Gubernur,Lainnya/Jateng
3142,3,,Instagram,seg wes kadung mbayar tahun sesuk kudu hapus opsen to boss,Negatif,,,2026-02-25 19:46:39.483484+00:00,seg wes kadung mbayar tahun sesuk kudu hapus opsen to boss,Lainnya,Institusi (Bapenda/Samsat),Pekalongan/Pantura (G)
3127,3,,Instagram,Hapus opsen,Negatif,,,2026-02-25 19:46:39.483484+00:00,Hapus opsen,Lainnya,Institusi (Bapenda/Samsat),Lainnya/Jateng
3349,3,,Instagram,Ngopseni lan ngundaki,Negatif,,,2026-02-25 19:46:39.483484+00:00,Ngopseni lan ngundaki,Lainnya,Institusi (Bapenda/Samsat),Lainnya/Jateng
1770,1,,TikTok,mundak neh.... koyokno Pati wae..NK no...,Negatif,,,2026-02-25 19:46:39.483484+00:00,2-12,Beban Ekonomi,Lainnya,Pati/Muria (K)
173,1,,TikTok,plat AA Rep tak dol ganti plat B OPO plat f,Negatif,,,2026-02-25 19:46:39.483484+00:00,2-12,Lainnya,Lainnya,Kedu (AA)
628,1,,TikTok,mayo demo Wonosobo hadir,Negatif,,,2026-02-25 19:46:39.483484+00:00,2-12,Lainnya,Lainnya,Kedu (AA)
3501,3,,Instagram,Minimal lampu pju nyala dan jalanan aspal ga pd ngelupas secara musim hujan kalo malam2 jd horror dan rawan kecelakaan pdhl hidup di kota berasa di alam gaib. Gelap gulita. Cerita fakta penduduk penghuni jalan sunan giri kelurahan berkoh kecamatan purwokerto selatan kabupaten banyumas. Ngadu bola bali jawabanya gada anggaran 👏hebat sekali. 🙌  ngadu biar berasa punya gubernur. Mungkin salah karena ini jalan kabupaten. Tapi apa salahnya mengadu meski tak terdengar krena kami kaum rakyat kecil.,Negatif,,,2026-02-25 19:46:39.483484+00:00,Minimal lampu pju nyala dan jalanan aspal ga pd ngelupas secara musim hujan kalo malam2 jd horror dan rawan kecelakaan pdhl hidup di kota berasa di alam gaib. Gelap gulita. Cerita fakta penduduk penghuni jalan sunan giri kelurahan berkoh kecamatan purwokerto selatan kabupaten banyumas. Ngadu bola bali jawabanya gada anggaran 👏hebat sekali. 🙌  ngadu biar berasa punya gubernur. Mungkin salah karena ini jalan kabupaten. Tapi apa salahnya mengadu meski tak terdengar krena kami kaum rakyat kecil.,Infrastruktur,Gubernur,Banyumas/Barat (R)
3278,3,,Instagram,Kalo memahami itu ya ambil tindakan utk menurunkan atau menmbatalkan opsen,Negatif,,,2026-02-25 19:46:39.483484+00:00,Kalo memahami itu ya ambil tindakan utk menurunkan atau menmbatalkan opsen,Lainnya,Institusi (Bapenda/Samsat),Lainnya/Jateng
3269,3,,Instagram,Harusnya dipikir juga bagi yang udah bayar nasibnya gimana? Mau taat tapi kalau gak ada kompensasi karena ada penyesuaian opsen ya rugi,Negatif,,,2026-02-25 19:46:39.483484+00:00,Harusnya dipikir juga bagi yang udah bayar nasibnya gimana? Mau taat tapi kalau gak ada kompensasi karena ada penyesuaian opsen ya rugi,Lainnya,Institusi (Bapenda/Samsat),Pekalongan/Pantura (G)
272,1,,TikTok,hidup gubernur jawa barat KDM..MAU TUKER NGAK SAMA GUBERNUS JABAR.SAYA ORANG TEGAL ISTRI SUKU SUNDA..BANGGA SAMA BAPAK AING..WASALAM,Negatif,,,2026-02-25 19:46:39.483484+00:00,4 h yang lalu,Lainnya,Gubernur,Pekalongan/Pantura (G)
23,1,,TikTok,pajak di wajibkan sedangkan jln mbatang limpung malah pada hancur,Negatif,,,2026-02-25 19:46:39.483484+00:00,3 h yang lalu,Lainnya,Institusi (Bapenda/Samsat),Pekalongan/Pantura (G)
1800,1,,TikTok,pak pemalang tegal kae lho dibantu gawekke omah sementara kok gething akuu,Negatif,,,2026-02-25 19:46:39.483484+00:00,2-12,Lainnya,Pemerintahan,Pekalongan/Pantura (G)
3390,3,,Instagram,Di tegal naik min thn 2025  dr tahun 2025 pajak kendaraan bermotor roda 4,Negatif,,,2026-02-25 19:46:39.483484+00:00,Di tegal naik min thn 2025  dr tahun 2025 pajak kendaraan bermotor roda 4,Beban Ekonomi,Institusi (Bapenda/Samsat),Pekalongan/Pantura (G)
2689,2,,TikTok,"Pajak MANEHHHH...!!! Pajak TEROOSSSSS..!!!
Dalane BUOSOOKKKK TAMBALAN TOK...JALUR PANTURA SEMARANG-BATANG.. urong sg ngulon² tekan brebes
JANE MELEK PORAK TO..!!!",Negatif,,,2026-02-25 19:46:39.483484+00:00,18 j yang lalu,Infrastruktur,Institusi (Bapenda/Samsat),Pekalongan/Pantura (G)
1042,1,,TikTok,ya Allah ini gubernur Jawa Tengah ya aq orang Wonosobo kok baru tahu klu ini gubernur nya,Negatif,,,2026-02-25 19:46:39.483484+00:00,1 m yang lalu,Lainnya,Gubernur,Kedu (AA)
2524,2,,TikTok,"Jawa barat umr duwur 5 juta punjul tapi pajek motor murah, Jawa tengah umre 2,8 tapi pajek luweh larang. Rencana arep mutasi motor seko jabar nang Magelang tapi larang Magelang yo mending ora sido tak mutasi",Negatif,,,2026-02-25 19:46:39.483484+00:00,1 h yang lalu,Beban Ekonomi,Institusi (Bapenda/Samsat),Kedu (AA)
2733,2,,TikTok,masyarakat pun mboten percoyo Gus🙏🙏,Negatif,,,2026-02-25 19:46:39.483484+00:00,20 j yang lalu,Lainnya,Wakil Gubernur,Lainnya/Jateng
3065,3,,Instagram,"PAJAK TAPI JALAN MASIH BANYAK YG BERLUBANG, LAPOR BUPATI LAMA BGT DI TINDAKNYA ,LOK DAERAH GATAK, SUKOHARJO",Negatif,,,2026-02-25 19:46:39.483484+00:00,"PAJAK TAPI JALAN MASIH BANYAK YG BERLUBANG, LAPOR BUPATI LAMA BGT DI TINDAKNYA ,LOK DAERAH GATAK, SUKOHARJO",Infrastruktur,Institusi (Bapenda/Samsat),Pati/Muria (K)
3079,3,,Instagram,"PAJAK TAPI JALAN MASIH BANYAK YG BERLUBANG, LAPOR BUPATI LAMA BGT DI TINDAKNYA ,LOK DAERAH GATAK, SUKOHARJO",Negatif,,,2026-02-25 19:46:39.483484+00:00,"PAJAK TAPI JALAN MASIH BANYAK YG BERLUBANG, LAPOR BUPATI LAMA BGT DI TINDAKNYA ,LOK DAERAH GATAK, SUKOHARJO",Infrastruktur,Institusi (Bapenda/Samsat),Pati/Muria (K)
3200,3,,Instagram,"PAJAK TAPI JALAN MASIH BANYAK YG BERLUBANG, LAPOR BUPATI LAMA BGT DI TINDAKNYA ,LOK DAERAH GATAK, SUKOHARJO",Negatif,,,2026-02-25 19:46:39.483484+00:00,"PAJAK TAPI JALAN MASIH BANYAK YG BERLUBANG, LAPOR BUPATI LAMA BGT DI TINDAKNYA ,LOK DAERAH GATAK, SUKOHARJO",Infrastruktur,Institusi (Bapenda/Samsat),Pati/Muria (K)
121,1,,TikTok,berati bupati dan walikota ikut menyetujui,Negatif,,,2026-02-25 19:46:39.483484+00:00,1 m yang lalu,Lainnya,Lainnya,Pati/Muria (K)
404,1,,TikTok,pati season 2,Negatif,,,2026-02-25 19:46:39.483484+00:00,6 h yang lalu,Lainnya,Lainnya,Pati/Muria (K)
507,1,,TikTok,di gawe Podo Pati looor...,Negatif,,,2026-02-25 19:46:39.483484+00:00,2-12,Lainnya,Lainnya,Pati/Muria (K)
702,1,,TikTok,di model sepeti pati aja,Negatif,,,2026-02-25 19:46:39.483484+00:00,2-12,Lainnya,Lainnya,Pati/Muria (K)
758,1,,TikTok,pengen koyok pati,Negatif,,,2026-02-25 19:46:39.483484+00:00,2-12,Lainnya,Lainnya,Pati/Muria (K)
850,1,,TikTok,waduh jgn sampai sepeeti pati,Negatif,,,2026-02-25 19:46:39.483484+00:00,2-13,Lainnya,Lainnya,Pati/Muria (K)
875,1,,TikTok,warisane pati,Negatif,,,2026-02-25 19:46:39.483484+00:00,2-13,Lainnya,Lainnya,Pati/Muria (K)
1155,1,,TikTok,pati jilid II,Negatif,,,2026-02-25 19:46:39.483484+00:00,1 m yang lalu,Lainnya,Lainnya,Pati/Muria (K)
1367,1,,TikTok,ini bakalan demo lebih besar dari pati,Negatif,,,2026-02-25 19:46:39.483484+00:00,2-12,Lainnya,Lainnya,Pati/Muria (K)
1390,1,,TikTok,demo kaya pati donk,Negatif,,,2026-02-25 19:46:39.483484+00:00,2-12,Lainnya,Lainnya,Pati/Muria (K)
1414,1,,TikTok,"Demo ae,pati jilid 2",Negatif,,,2026-02-25 19:46:39.483484+00:00,2-12,Lainnya,Lainnya,Pati/Muria (K)
1427,1,,TikTok,semua bupati?,Negatif,,,2026-02-25 19:46:39.483484+00:00,2-12,Lainnya,Lainnya,Pati/Muria (K)
1596,1,,TikTok,kaya bupati PATI..😥,Negatif,,,2026-02-25 19:46:39.483484+00:00,2-12,Lainnya,Lainnya,Pati/Muria (K)
1798,1,,TikTok,demo wis eben kaya nang pati,Negatif,,,2026-02-25 19:46:39.483484+00:00,2-12,Lainnya,Lainnya,Pati/Muria (K)
1846,1,,TikTok,berarti nt byr nya naek krn th 26 ini sy sdh pindah pati,Negatif,,,2026-02-25 19:46:39.483484+00:00,2-12,Lainnya,Lainnya,Pati/Muria (K)
1912,1,,TikTok,ayo demo koyok pati,Negatif,,,2026-02-25 19:46:39.483484+00:00,2-12,Lainnya,Lainnya,Pati/Muria (K)
1933,1,,TikTok,bupati nya ap masih ada,Negatif,,,2026-02-25 19:46:39.483484+00:00,2-12,Lainnya,Lainnya,Pati/Muria (K)
1983,1,,TikTok,"berawal dari Pati, Jawa Tengah berikutnya",Negatif,,,2026-02-25 19:46:39.483484+00:00,2-12,Lainnya,Lainnya,Pati/Muria (K)
1989,1,,TikTok,ingat pak pengalaman kabupaten pati,Negatif,,,2026-02-25 19:46:39.483484+00:00,2-12,Lainnya,Lainnya,Pati/Muria (K)
2021,1,,TikTok,kudue ngaca ke bupati pati nk g pengen didemo,Negatif,,,2026-02-25 19:46:39.483484+00:00,2-12,Lainnya,Lainnya,Pati/Muria (K)
2427,1,,TikTok,pati jilid jildlid,Negatif,,,2026-02-25 19:46:39.483484+00:00,2-12,Lainnya,Lainnya,Pati/Muria (K)
2860,2,,TikTok,demo AE gen .niru sudewo pati,Negatif,,,2026-02-25 19:46:39.483484+00:00,1 h yang lalu,Lainnya,Lainnya,Pati/Muria (K)
585,1,,TikTok,"ganti Bupati, kebanyakan karaoke an y gini, mending gubernur konten pak 😅😅",Negatif,,,2026-02-25 19:46:39.483484+00:00,2-12,Lainnya,Gubernur,Pati/Muria (K)
1183,1,,TikTok,kota pati wes ngajari 1 indonesia..ki mlh gubernur e baleni🤣🤣,Negatif,,,2026-02-25 19:46:39.483484+00:00,2-12,Lainnya,Gubernur,Pati/Muria (K)
1988,1,,TikTok,diem aja nih jawa tengah gak kaya pati turunin tuh gub nya,Negatif,,,2026-02-25 19:46:39.483484+00:00,2-12,Lainnya,Gubernur,Pati/Muria (K)
2042,1,,TikTok,pengen koyo gubernur pati po iki,Negatif,,,2026-02-25 19:46:39.483484+00:00,2-12,Lainnya,Gubernur,Pati/Muria (K)
2289,1,,TikTok,pingin kaya Pati gubernur e,Negatif,,,2026-02-25 19:46:39.483484+00:00,2-12,Lainnya,Gubernur,Pati/Muria (K)
2600,2,,TikTok,munggo ora ono wakil iki ora mgkin wong plat k milih lutfi,Negatif,,,2026-02-25 19:46:39.483484+00:00,3 j yang lalu,Lainnya,Wakil Gubernur,Pati/Muria (K)
1067,1,,TikTok,apaan ternyata buat bayar insentif gubernur . wakil gubernur.... bupati.... buset....,Negatif,,,2026-02-25 19:46:39.483484+00:00,1 m yang lalu,Lainnya,Wakil Gubernur,Pati/Muria (K)
401,1,,TikTok,beliau gx belajar dari pati☺️,Negatif,,,2026-02-25 19:46:39.483484+00:00,6 h yang lalu,Lainnya,Gubernur,Pati/Muria (K)
1216,1,,TikTok,kaya sadewo pati ik judule,Negatif,,,2026-02-25 19:46:39.483484+00:00,2-12,Lainnya,Gubernur,Pati/Muria (K)
1990,1,,TikTok,demo gedheeeeennnnn... pati harus di tiruuuu....,Negatif,,,2026-02-25 19:46:39.483484+00:00,2-12,Lainnya,Pemerintahan,Pati/Muria (K)
455,1,,TikTok,pati meredam muncul jateng😂,Negatif,,,2026-02-25 19:46:39.483484+00:00,2-12,Lainnya,Pemerintahan,Pati/Muria (K)
842,1,,TikTok,berawal dari kab Pati. lanjut ke prov Jateng,Negatif,,,2026-02-25 19:46:39.483484+00:00,2-13,Lainnya,Pemerintahan,Pati/Muria (K)
3594,3,,Instagram,Woooo teeekkkk eee wis bayar pajek dalane do bolong2 JL Rembang - Pamotan ajuurrrrr,Negatif,,,2026-02-25 19:46:39.483484+00:00,Woooo teeekkkk eee wis bayar pajek dalane do bolong2 JL Rembang - Pamotan ajuurrrrr,Infrastruktur,Institusi (Bapenda/Samsat),Pati/Muria (K)
3409,3,,Instagram,"Kalau tidak membawa KTP Asli dan Hanya membawa Foto Copy KTP Karena KTP An.Pemilik kendaraan orangnya merantau Keluar Negeri kok ada biaya pengganti KTP Sebesar Rp.40.000,- Uangnya Masuk Kemana. Masyarakat sudah berupaya Taat Pajak, Dibebani Opsen PKB kenapa masih harus bayar biaya pengganti KTP dan Tidak ada Kwitansi itu terjadi Di Samsat Maupun Samsat Keliling di kabupaten Jepara.",Negatif,,,2026-02-25 19:46:39.483484+00:00,"Kalau tidak membawa KTP Asli dan Hanya membawa Foto Copy KTP Karena KTP An.Pemilik kendaraan orangnya merantau Keluar Negeri kok ada biaya pengganti KTP Sebesar Rp.40.000,- Uangnya Masuk Kemana. Masyarakat sudah berupaya Taat Pajak, Dibebani Opsen PKB kenapa masih harus bayar biaya pengganti KTP dan Tidak ada Kwitansi itu terjadi Di Samsat Maupun Samsat Keliling di kabupaten Jepara.",Beban Ekonomi,Institusi (Bapenda/Samsat),Pati/Muria (K)
2065,1,,TikTok,"mengajak walikota/bupati untuk ramai2 ambil uang rakyat...
kepala daerah gemuk, rakyat makin kurus.. sebagian dr pajak yg kita bayar mengalir ke kantong² para kepala daerah..",Negatif,,,2026-02-25 19:46:39.483484+00:00,2-12,Beban Ekonomi,Institusi (Bapenda/Samsat),Pati/Muria (K)
1966,1,,TikTok,"prestasi naikan pajak boss😅
lapangan kerja kok gk antum rapatkan dengan bupati wali kota dan jajaran😂
capek po???",Negatif,,,2026-02-25 19:46:39.483484+00:00,2-12,Beban Ekonomi,Institusi (Bapenda/Samsat),Pati/Muria (K)
1882,1,,TikTok,ini gubenur kan satu partai sama sudewo bupati Pati yg korup dan menaikan pajak yg mencekek rakyat,Negatif,,,2026-02-25 19:46:39.483484+00:00,2-12,Beban Ekonomi,Institusi (Bapenda/Samsat),Pati/Muria (K)
3072,3,,Instagram,"2023 mobilku plat B pajak 2jt, 2024 tak balik nama jadi plat K pajaknya naik 2,5, 2025 aku bayar pajak jadi 2,9. Gak ada kenaikan???? 😂😂😂",Negatif,,,2026-02-25 19:46:39.483484+00:00,"2023 mobilku plat B pajak 2jt, 2024 tak balik nama jadi plat K pajaknya naik 2,5, 2025 aku bayar pajak jadi 2,9. Gak ada kenaikan???? 😂😂😂",Beban Ekonomi,Institusi (Bapenda/Samsat),Pati/Muria (K)
1971,1,,TikTok,"perasaan kemarin pajak di pati naik langsung didemo kok sekarang ga demo"" ya🤔",Negatif,,,2026-02-25 19:46:39.483484+00:00,2-12,Beban Ekonomi,Institusi (Bapenda/Samsat),Pati/Muria (K)
2941,3,,Instagram,perekonomian mayoritas masyarakat lagi susah malah pajak kendaraan naik ini pemerintah gak punya empati apa ya,Negatif,,,2026-02-25 19:46:39.483484+00:00,perekonomian mayoritas masyarakat lagi susah malah pajak kendaraan naik ini pemerintah gak punya empati apa ya,Beban Ekonomi,Pemerintahan,Pati/Muria (K)
3415,3,,Instagram,"YA ALLAH DEMO 🔥🔥🔥, GAJI GAK SEPIRO PAJAK NAIK TRUS ... Bukannya mempermudah masyarakat mendapatkan hak nya... Zolim pemerintah Jawa Tengah.. PO jalok di dem* koyo bupati Jepara... Mudahkanlah warganya ringankan beban warga masyarakat nya, memberikan hal positif.. ini awal tahun pajak motor naik adeh 🔥",Negatif,,,2026-02-25 19:46:39.483484+00:00,"YA ALLAH DEMO 🔥🔥🔥, GAJI GAK SEPIRO PAJAK NAIK TRUS ... Bukannya mempermudah masyarakat mendapatkan hak nya... Zolim pemerintah Jawa Tengah.. PO jalok di dem* koyo bupati Jepara... Mudahkanlah warganya ringankan beban warga masyarakat nya, memberikan hal positif.. ini awal tahun pajak motor naik adeh 🔥",Beban Ekonomi,Pemerintahan,Pati/Muria (K)
3453,3,,Instagram,Pajak naik tapi dalam pating jeglong ya min  . JALAN PROVINSI TERUTAMA,Negatif,,,2026-02-25 19:46:39.483484+00:00,Pajak naik tapi dalam pating jeglong ya min  . JALAN PROVINSI TERUTAMA,Beban Ekonomi,Institusi (Bapenda/Samsat),Pati/Muria (K)
1806,1,,TikTok,kemaren Pati naikan pajak sekarang gubernurnya Jawa tengahnya..cocok lah..,Negatif,,,2026-02-25 19:46:39.483484+00:00,2-12,Beban Ekonomi,Institusi (Bapenda/Samsat),Pati/Muria (K)
27,1,,TikTok,"standartnya gubernur mengelola structure dibawahnya utk memaksimalkan masyarakat dgn bentuk BUMDES atau usaha micro yg terarah..baru disitu kelihatan pendapatan propinsinya..bukan melakukan penekanan hanya disektor pajak saja.biar jelas tugas dan key levelnya..
kenapa dbentuk gubernur,bupati,camat,lurah,RW dan RT ???
biar jelas dulu pondasi dan mainset dalam pengelolaan wilayahnya..",Negatif,,,2026-02-25 19:46:39.483484+00:00,2-12,Kekecewaan Politik,Institusi (Bapenda/Samsat),Pati/Muria (K)
2522,1,,TikTok,klo pejabat bisanya cuma mengandalkan pajak trus menaikan pajak anak kecil saja bisa tidak usah pilihan gubernur/bupati,Negatif,,,2026-02-25 19:46:39.483484+00:00,2-12,Kekecewaan Politik,Institusi (Bapenda/Samsat),Pati/Muria (K)
1801,1,,TikTok,turun aja jendral KLO ngk mampu urus Jateng jendral bupati turun aja KLO ngk mampu jangan rakyat aja yg jdi korban,Negatif,,,2026-02-25 19:46:39.483484+00:00,2-12,Beban Ekonomi,Pemerintahan,Pati/Muria (K)
430,1,,TikTok,pajek semakin tinggi itensif gubernur bupati kan besar...maka pajak semakin dikemplang rakyat menjerit pejabat yang enak. bangunan nol....di jateng,Negatif,,,2026-02-25 19:46:39.483484+00:00,1 m yang lalu,Beban Ekonomi,Pemerintahan,Pati/Muria (K)
3457,3,,Instagram,"Pas isih plat B mung bayar 2juta, mutasi plat K dadi 2,5 🥴🤣. Mobil selot tuo ora tambah murah malah tambah larang ki pie pak",Negatif,,,2026-02-25 19:46:39.483484+00:00,"Pas isih plat B mung bayar 2juta, mutasi plat K dadi 2,5 🥴🤣. Mobil selot tuo ora tambah murah malah tambah larang ki pie pak",Beban Ekonomi,Institusi (Bapenda/Samsat),Pati/Muria (K)
546,1,,TikTok,"hbis di PATI, ganti di semarang",Negatif,,,2026-02-25 19:46:39.483484+00:00,2-12,Lainnya,Lainnya,Pati/Muria (K)
3174,3,,Instagram,"“Tetangga Bisa Murah, Kenapa Jawa Tengah Tidak?Mari kita bedah secara jernih: Mengapa Jawa Tengah menjadi salah satu provinsi dengan beban pajak kendaraan bermotor paling tinggi, dan siapa yang sebenarnya memegang kendali dan bertanggung jawab atas kebijakan ini?​Logikanya begini,​Berdasarkan UU HKPD Tahun 2022, terdapat aturan baru mengenai Opsen Pajak sebesar 66% yang langsung masuk ke kas Kabupaten/Kota. Angka ini bersifat statis—artinya, Gubernur maupun Bupati tidak punya kuasa untuk mengubah persentase ini karena sudah ketetapan Pemerintah Pusat.Namun, ada satu variabel yang bisa dikontrol penuh oleh Pemerintah Provinsi.​Agar total pajak yang dibayar rakyat tidak meroket, Pemerintah Pusat memberikan ruang bagi Gubernur untuk menyesuaikan Tarif Pajak Kendaraan Bermotor (PKB) dalam rentang 0% hingga 1,2% dari Nilai Jual Beli Kendaraan (NJKB)Alih-alih meringankan beban rakyat dengan menurunkan tarif PKB, Gubernur Jateng justru memilih mempertahankan tarif di angka maksimal, yaitu 1,2%. Karena tarif dasarnya sudah berada di angka tertinggi, maka tambahan Opsen 66% tersebut otomatis membuat nominal yang harus dibayar warga Jateng menjadi sangat mencekik.Mari kita bandingkan dengan provinsi tetangga:​Jawa Barat: Meski pembangunan infrastrukturnya masif, mereka menurunkan PKB ke angka 1,1%.​Jawa Timur: menekan tarif PKB di angka 1,0%.​DIY Menunjukkan keberpihakan nyata dengan tarif sangat rendah, yakni 0,6%.Dosa politik Ahmad Luthfi sangat nyata: Ia memiliki 3 tetangga (Timur, Barat dan Selatan) yang membuktikan bahwa pajak bisa dimurahkan, namun ia tetap memilih jalan yang paling memberatkan warganya. Tidak ada alasan teknis yang bisa membenarkan kenapa warga Jateng harus membayar lebih mahal daripada warga Jatim, Jabar dan Jogja selain karena keengganan pemimpinnya untuk menurunkan ego pendapatan daerah.​Rakyat dipaksa bayar pajak 'jor-joran', tapi apakah infrastruktur Jateng akan ikut melesat? Sulit rasanya untuk tidak melirik ke barat, di mana keberpihakan Gubernur tetangga terhadap masyarakat jauh lebih nyata. Perbandingan ini bukan soal rasa iri, melainkan soal standar kinerja & keberpihakan pada rakyat.",Negatif,,,2026-02-25 19:46:39.483484+00:00,"“Tetangga Bisa Murah, Kenapa Jawa Tengah Tidak?Mari kita bedah secara jernih: Mengapa Jawa Tengah menjadi salah satu provinsi dengan beban pajak kendaraan bermotor paling tinggi, dan siapa yang sebenarnya memegang kendali dan bertanggung jawab atas kebijakan ini?​Logikanya begini,​Berdasarkan UU HKPD Tahun 2022, terdapat aturan baru mengenai Opsen Pajak sebesar 66% yang langsung masuk ke kas Kabupaten/Kota. Angka ini bersifat statis—artinya, Gubernur maupun Bupati tidak punya kuasa untuk mengubah persentase ini karena sudah ketetapan Pemerintah Pusat.Namun, ada satu variabel yang bisa dikontrol penuh oleh Pemerintah Provinsi.​Agar total pajak yang dibayar rakyat tidak meroket, Pemerintah Pusat memberikan ruang bagi Gubernur untuk menyesuaikan Tarif Pajak Kendaraan Bermotor (PKB) dalam rentang 0% hingga 1,2% dari Nilai Jual Beli Kendaraan (NJKB)Alih-alih meringankan beban rakyat dengan menurunkan tarif PKB, Gubernur Jateng justru memilih mempertahankan tarif di angka maksimal, yaitu 1,2%. Karena tarif dasarnya sudah berada di angka tertinggi, maka tambahan Opsen 66% tersebut otomatis membuat nominal yang harus dibayar warga Jateng menjadi sangat mencekik.Mari kita bandingkan dengan provinsi tetangga:​Jawa Barat: Meski pembangunan infrastrukturnya masif, mereka menurunkan PKB ke angka 1,1%.​Jawa Timur: menekan tarif PKB di angka 1,0%.​DIY Menunjukkan keberpihakan nyata dengan tarif sangat rendah, yakni 0,6%.Dosa politik Ahmad Luthfi sangat nyata: Ia memiliki 3 tetangga (Timur, Barat dan Selatan) yang membuktikan bahwa pajak bisa dimurahkan, namun ia tetap memilih jalan yang paling memberatkan warganya. Tidak ada alasan teknis yang bisa membenarkan kenapa warga Jateng harus membayar lebih mahal daripada warga Jatim, Jabar dan Jogja selain karena keengganan pemimpinnya untuk menurunkan ego pendapatan daerah.​Rakyat dipaksa bayar pajak 'jor-joran', tapi apakah infrastruktur Jateng akan ikut melesat? Sulit rasanya untuk tidak melirik ke barat, di mana keberpihakan Gubernur tetangga terhadap masyarakat jauh lebih nyata. Perbandingan ini bukan soal rasa iri, melainkan soal standar kinerja & keberpihakan pada rakyat.",Beban Ekonomi,Pemerintahan,Pati/Muria (K)
3250,3,,Instagram,"Kenapa ya bayar pajak kendaraan ""musti menyertakan KTP sesuai STNK"".Kenapa ga dipermudah aja ""jika tidak ada KTP sesuai STNK,bisa diganti dengan menyertakan BPKB sesuai STNK saja"" atau opsi lain apa gitu yg sifat nya mempermudah.Jujur sih,mau ""balik nama dan mutasi kendaraan bekas itu biaya nya ga murah"",dan bagi beberapa orang terasa berat nominal nya,belum lagi musti effort wara-wiri ke Samsat nya.Saya yakin,masih banyak warga pengguna kendaraan bekas yg kepengen berkontribusi untuk taat pajak,tpi terkendala/jadi malas,gara² aturan ""wajib menyertakan KTP sesuai STNK""Klo aturan nya masih begitu, ya rasanya/kesannya seperti ""mau bayar aja dipersulit""Saya KTP kota,motor seken plat kabupaten ,tpi tetap taat pajak kok,walau musti ""effort dulu sowan ke rumah tangan pertama nih kendaraan buat minjem KTP nya dulu"" 😌",Negatif,,,2026-02-25 19:46:39.483484+00:00,"Kenapa ya bayar pajak kendaraan ""musti menyertakan KTP sesuai STNK"".Kenapa ga dipermudah aja ""jika tidak ada KTP sesuai STNK,bisa diganti dengan menyertakan BPKB sesuai STNK saja"" atau opsi lain apa gitu yg sifat nya mempermudah.Jujur sih,mau ""balik nama dan mutasi kendaraan bekas itu biaya nya ga murah"",dan bagi beberapa orang terasa berat nominal nya,belum lagi musti effort wara-wiri ke Samsat nya.Saya yakin,masih banyak warga pengguna kendaraan bekas yg kepengen berkontribusi untuk taat pajak,tpi terkendala/jadi malas,gara² aturan ""wajib menyertakan KTP sesuai STNK""Klo aturan nya masih begitu, ya rasanya/kesannya seperti ""mau bayar aja dipersulit""Saya KTP kota,motor seken plat kabupaten ,tpi tetap taat pajak kok,walau musti ""effort dulu sowan ke rumah tangan pertama nih kendaraan buat minjem KTP nya dulu"" 😌",Kekecewaan Politik,Institusi (Bapenda/Samsat),Pati/Muria (K)
3238,3,,Instagram,"PAJAK TAPI JALAN MASIH BANYAK YG BERLUBANG, LAPOR BUPATI LAMA BGT DI TINDAKNYA ,LOK DAERAH GATAK, SUKOHARJO",Negatif,,,2026-02-25 19:46:39.483484+00:00,"PAJAK TAPI JALAN MASIH BANYAK YG BERLUBANG, LAPOR BUPATI LAMA BGT DI TINDAKNYA ,LOK DAERAH GATAK, SUKOHARJO",Infrastruktur,Institusi (Bapenda/Samsat),Pati/Muria (K)
1691,1,,TikTok,pajak naik jalan di kabupaten Tegal hancur banyak berlubang.mikir bupati Ju matanya g lihat kok,Negatif,,,2026-02-25 19:46:39.483484+00:00,2-12,Beban Ekonomi,Institusi (Bapenda/Samsat),Pekalongan/Pantura (G)
3619,3,,Instagram,"Bisa ngga ya utk menambah pemasukan daerah dg cara menertibkan perpakiran dari pada memungut dr opsen..retribusi parkir bnyk yg menguap, pdhl jumlah luar biasa, pernah baca di ig, saya lupa, di salah satu indo***t yg rame di purwokerto kata tkg parkirnya kalo lg sepi dpt 500rb, sebulan bisa 15jt dari kerja yg cuma gitu2 ajq, coba sistemnya sharin/digaji tkg parkir 5jt perbulan yg 10jt dijadikan pemasukan daerah sepertinya gak perlu ada yg namanya opsen",Negatif,,,2026-02-25 19:46:39.483484+00:00,"Bisa ngga ya utk menambah pemasukan daerah dg cara menertibkan perpakiran dari pada memungut dr opsen..retribusi parkir bnyk yg menguap, pdhl jumlah luar biasa, pernah baca di ig, saya lupa, di salah satu indo***t yg rame di purwokerto kata tkg parkirnya kalo lg sepi dpt 500rb, sebulan bisa 15jt dari kerja yg cuma gitu2 ajq, coba sistemnya sharin/digaji tkg parkir 5jt perbulan yg 10jt dijadikan pemasukan daerah sepertinya gak perlu ada yg namanya opsen",Lainnya,Institusi (Bapenda/Samsat),Banyumas/Barat (R)
3440,3,,Instagram,"Rakyat diperas demi kemewahan pejabat 😢,semoga yg korup jadi penyakit😢",Negatif,,,2026-02-25 19:46:39.483484+00:00,"Rakyat diperas demi kemewahan pejabat 😢,semoga yg korup jadi penyakit😢",Beban Ekonomi,Institusi (Bapenda/Samsat),Lainnya/Jateng
2488,1,,TikTok,palak rakyat jadi jalan pintas,Negatif,,,2026-02-25 19:46:39.483484+00:00,2-12,Infrastruktur,Nasib Rakyat / Kesejahteraan,Lainnya/Jateng
33,1,,TikTok,"mereka mendapat komisi dari setiap pajak yg ditarik dari rakyatnya, makanya pajak naik mereka akan mendapat insentive hasil penarikan pajak yg lebih besar seperti PBB dan pajak pajak lainnya",Negatif,,,2026-02-25 19:46:39.483484+00:00,2-12,Beban Ekonomi,Institusi (Bapenda/Samsat),Banyumas/Barat (R)
2058,1,,TikTok,UU mengamanatkan adanya kebijakan tarif dengan memberikan range sesuai kemampuan ekonomi daerah.Jateng ekonomi menengah ke bawah tapi pajak dimaksimal,Negatif,,,2026-02-25 19:46:39.483484+00:00,2-12,Beban Ekonomi,Pemerintahan,Banyumas/Barat (R)
3628,3,,Instagram,"Saya sudah baca berita dari status pak luthfi, sayangnya saya malah TAMBAH TIDAK PERCAYA, disana ditulis pajak sebenarnya sama cuma tahun 2025 ada diskon dan tahun 2026 ini tidak ada, tapi PAK LHO SAYA BAYAR PAJAK TIAP TAHUN BUKAN TAHUN 2025 SAJA jadi tau dan merasakan kalau tahun ini memang naik pajaknya",Negatif,,,2026-02-25 19:46:39.483484+00:00,"Saya sudah baca berita dari status pak luthfi, sayangnya saya malah TAMBAH TIDAK PERCAYA, disana ditulis pajak sebenarnya sama cuma tahun 2025 ada diskon dan tahun 2026 ini tidak ada, tapi PAK LHO SAYA BAYAR PAJAK TIAP TAHUN BUKAN TAHUN 2025 SAJA jadi tau dan merasakan kalau tahun ini memang naik pajaknya",Beban Ekonomi,Institusi (Bapenda/Samsat),Pekalongan/Pantura (G)
3112,3,,Instagram,"Tidak adakah opsi lain selain opsen.... Ngga yakin juga hasil pajak untuk rakyat.... Ujung2nya untuk pejabat Maruk 😢, jaminan keamanan rakyat juga harus ada, kasus korban malah jadi korban dan di tangkap sangat menyedihkan, pencurian motor dimana2 tanpa tahu pelakunya aaaarrrrgggggggggggghhhhhhh.... Ya Alloh lindungi kami....",Negatif,,,2026-02-25 19:46:39.483484+00:00,"Tidak adakah opsi lain selain opsen.... Ngga yakin juga hasil pajak untuk rakyat.... Ujung2nya untuk pejabat Maruk 😢, jaminan keamanan rakyat juga harus ada, kasus korban malah jadi korban dan di tangkap sangat menyedihkan, pencurian motor dimana2 tanpa tahu pelakunya aaaarrrrgggggggggggghhhhhhh.... Ya Alloh lindungi kami....",Beban Ekonomi,Institusi (Bapenda/Samsat),Pekalongan/Pantura (G)
2931,3,,Instagram,"Mbayar pajak tahunan ndadak nggo KTP asli nopo to jane...? Kene meh ngei duwit kok kene sing repot...,",Negatif,,,2026-02-25 19:46:39.483484+00:00,"Mbayar pajak tahunan ndadak nggo KTP asli nopo to jane...? Kene meh ngei duwit kok kene sing repot...,",Beban Ekonomi,Institusi (Bapenda/Samsat),Pekalongan/Pantura (G)
3199,3,,Instagram,"Mbayar pajak tahunan ndadak nggo KTP asli nopo to jane...? Kene meh ngei duwit kok kene sing repot...,",Negatif,,,2026-02-25 19:46:39.483484+00:00,"Mbayar pajak tahunan ndadak nggo KTP asli nopo to jane...? Kene meh ngei duwit kok kene sing repot...,",Beban Ekonomi,Institusi (Bapenda/Samsat),Pekalongan/Pantura (G)
3432,3,,Instagram,"Mbayar pajak tahunan ndadak nggo KTP asli nopo to jane...? Kene meh ngei duwit kok kene sing repot...,",Negatif,,,2026-02-25 19:46:39.483484+00:00,"Mbayar pajak tahunan ndadak nggo KTP asli nopo to jane...? Kene meh ngei duwit kok kene sing repot...,",Beban Ekonomi,Institusi (Bapenda/Samsat),Pekalongan/Pantura (G)
3732,3,,Instagram,"Mbayar pajak tahunan ndadak nggo KTP asli nopo to jane...? Kene meh ngei duwit kok kene sing repot..., tanpa KTP asli rabisa, tp nek dipermulus biso 🙈😢",Negatif,,,2026-02-25 19:46:39.483484+00:00,"Mbayar pajak tahunan ndadak nggo KTP asli nopo to jane...? Kene meh ngei duwit kok kene sing repot..., tanpa KTP asli rabisa, tp nek dipermulus biso 🙈😢",Beban Ekonomi,Institusi (Bapenda/Samsat),Pekalongan/Pantura (G)
1278,1,,TikTok,Nang luar negri pajeke iso murah mang kene umpak2an,Negatif,,,2026-02-25 19:46:39.483484+00:00,2-12,Lainnya,Institusi (Bapenda/Samsat),Pekalongan/Pantura (G)
1302,1,,TikTok,"mbayar pjak yn dgawe gampang gk ruwet warga pasti taat pajak, po maneh di gawe murah boz",Negatif,,,2026-02-25 19:46:39.483484+00:00,2-12,Lainnya,Institusi (Bapenda/Samsat),Pekalongan/Pantura (G)
1357,1,,TikTok,ya iyalah ga mau bayar pajak pungli dimana2,Negatif,,,2026-02-25 19:46:39.483484+00:00,2-12,Lainnya,Institusi (Bapenda/Samsat),Pekalongan/Pantura (G)
1477,1,,TikTok,kaya jaman penjajahan...masih sibuk ngurus pajak,Negatif,,,2026-02-25 19:46:39.483484+00:00,2-12,Lainnya,Institusi (Bapenda/Samsat),Pekalongan/Pantura (G)
3393,3,,Instagram,"Belasan tahun rutin bayar pajak gak dikasih apresiasi apa apa. Giliran 4 tahun gak bayar pajak dapat apresiasi berupa pemutihan. Wkwkwk.Aturan mah, kalau lima tahun rutin bayar pajak free 1 tahun gitu lho. Hahaha",Negatif,,,2026-02-25 19:46:39.483484+00:00,"Belasan tahun rutin bayar pajak gak dikasih apresiasi apa apa. Giliran 4 tahun gak bayar pajak dapat apresiasi berupa pemutihan. Wkwkwk.Aturan mah, kalau lima tahun rutin bayar pajak free 1 tahun gitu lho. Hahaha",Lainnya,Institusi (Bapenda/Samsat),Pekalongan/Pantura (G)
3455,3,,Instagram,Kendaraan yg tahun tua makin tahun harga jual nya makin turun tapi pajaknya makin melesat,Negatif,,,2026-02-25 19:46:39.483484+00:00,Kendaraan yg tahun tua makin tahun harga jual nya makin turun tapi pajaknya makin melesat,Lainnya,Institusi (Bapenda/Samsat),Pekalongan/Pantura (G)
3384,3,,Instagram,TAU kan.... Gubernur kita mantan polisi,Negatif,,,2026-02-25 19:46:39.483484+00:00,TAU kan.... Gubernur kita mantan polisi,Lainnya,Institusi (Bapenda/Samsat),Pekalongan/Pantura (G)
3736,3,,Instagram,"Hapus opsen, biar meniatkan masyarakat semangat bayar pajak Kendaraan",Negatif,,,2026-02-25 19:46:39.483484+00:00,"Hapus opsen, biar meniatkan masyarakat semangat bayar pajak Kendaraan",Lainnya,Institusi (Bapenda/Samsat),Pekalongan/Pantura (G)
3813,3,,Instagram,Taek pajake mungah duwur msk beat 2025 pajeke 233 jatahe kan ork nganti pkb ne 80 edan,Negatif,,,2026-02-25 19:46:39.483484+00:00,Taek pajake mungah duwur msk beat 2025 pajeke 233 jatahe kan ork nganti pkb ne 80 edan,Lainnya,Institusi (Bapenda/Samsat),Pekalongan/Pantura (G)
3828,3,,Instagram,"😮podox podo lembaga pemerintahan kok cari aman, lempar kesalahan, masalah kebijakannn,,, ngene iki wong pekok kon ngurusi pemerintahan,, blokkk",Negatif,,,2026-02-25 19:46:39.483484+00:00,"😮podox podo lembaga pemerintahan kok cari aman, lempar kesalahan, masalah kebijakannn,,, ngene iki wong pekok kon ngurusi pemerintahan,, blokkk",Lainnya,Pemerintahan,Pekalongan/Pantura (G)
3515,3,,Instagram,rakyat diperas ae terus bos…,Negatif,,,2026-02-25 19:46:39.483484+00:00,rakyat diperas ae terus bos…,Beban Ekonomi,Institusi (Bapenda/Samsat),Lainnya/Jateng
3492,3,,Instagram,"Wkwk emang aneh negeri ku ini. Yg taat ga dpt apa2, malah ada opsen, yg ga taat bisa pemutihan. Ya engko bae bayare.",Negatif,,,2026-02-25 19:46:39.483484+00:00,"Wkwk emang aneh negeri ku ini. Yg taat ga dpt apa2, malah ada opsen, yg ga taat bisa pemutihan. Ya engko bae bayare.",Lainnya,Institusi (Bapenda/Samsat),Pekalongan/Pantura (G)
3550,3,,Instagram,"Koreksi klo salah, setahu saya, memang daerah sudah nerapin opsen, cuman masih ada diskon sehingga Nettnya sama seperti sebelum ada opsen seperti jateng periode jan-mar 2025. Tolong dong program diskonnya diterapkan lagi biar tidak terlalu membebani masyarakat.",Negatif,,,2026-02-25 19:46:39.483484+00:00,"Koreksi klo salah, setahu saya, memang daerah sudah nerapin opsen, cuman masih ada diskon sehingga Nettnya sama seperti sebelum ada opsen seperti jateng periode jan-mar 2025. Tolong dong program diskonnya diterapkan lagi biar tidak terlalu membebani masyarakat.",Lainnya,Pemerintahan,Pekalongan/Pantura (G)
3289,3,,Instagram,"Opsen ditentukan pemerintah pusat, dan opsen langsung masuk kepada pemkab/pemkot, tapi TARIF DASAR PKB sebagai dasar perhitungan itu ditetapkan oleh GUBERNUR.",Negatif,,,2026-02-25 19:46:39.483484+00:00,"Opsen ditentukan pemerintah pusat, dan opsen langsung masuk kepada pemkab/pemkot, tapi TARIF DASAR PKB sebagai dasar perhitungan itu ditetapkan oleh GUBERNUR.",Lainnya,Pemerintahan,Pekalongan/Pantura (G)
3,1,,TikTok,"aturan kl menjajah rakyat itu buat Apa ....
dan pemerintah gak perduli bagaimana rakyat dptkan penghasilan, malah sibuk memajaki rakyat...",Negatif,,,2026-02-25 19:46:39.483484+00:00,17 j yang lalu,Beban Ekonomi,Pemerintahan,Pekalongan/Pantura (G)
3728,3,,Instagram,"Elit globalllllll UMR paling rendah, pajak opesen ditentukan pusat yang tiap daerah samaaaa Woooyy jika kita udah muak bersatu jadi gerakaaannnnn dan jadi konflikkk.....WOY sadarrrrr pemangku kebijakan",Negatif,,,2026-02-25 19:46:39.483484+00:00,"Elit globalllllll UMR paling rendah, pajak opesen ditentukan pusat yang tiap daerah samaaaa Woooyy jika kita udah muak bersatu jadi gerakaaannnnn dan jadi konflikkk.....WOY sadarrrrr pemangku kebijakan",Lainnya,Pemerintahan,Pekalongan/Pantura (G)
2237,1,,TikTok,tidak usah demo dll cukup stop bayar pajak apapun.. biarkan pemerintah mandiri,Negatif,,,2026-02-25 19:46:39.483484+00:00,2-12,Lainnya,Pemerintahan,Pekalongan/Pantura (G)
2838,2,,TikTok,gak usah bayar pajak biar pemerintah bisa mandiri,Negatif,,,2026-02-25 19:46:39.483484+00:00,1 h yang lalu,Lainnya,Pemerintahan,Pekalongan/Pantura (G)
2900,2,,TikTok,"Jawa Tengah pajeke ra masuk akal
KPK mohon sidik pemerintah Jateng.. termasuk adminya",Negatif,,,2026-02-25 19:46:39.483484+00:00,1 h yang lalu,Lainnya,Pemerintahan,Pekalongan/Pantura (G)
3531,3,,Instagram,NJKB kendaraan disesuaikan dengan harga pasar sebenarnya. Jangan malas untuk update harga NJKB. Walaupun ada Opsen pajak Jatim dan Jabar jatuhnya lebih murah daripada Jateng. Masak saya bayar pajak mobil tahun 2005 kena 3.2 jt. Setelah saya cek d samsat ternyata harga jual mobil saya (NJKB) lebih 90 jt dari harga pasaran sebenarnya.,Negatif,,,2026-02-25 19:46:39.483484+00:00,NJKB kendaraan disesuaikan dengan harga pasar sebenarnya. Jangan malas untuk update harga NJKB. Walaupun ada Opsen pajak Jatim dan Jabar jatuhnya lebih murah daripada Jateng. Masak saya bayar pajak mobil tahun 2005 kena 3.2 jt. Setelah saya cek d samsat ternyata harga jual mobil saya (NJKB) lebih 90 jt dari harga pasaran sebenarnya.,Lainnya,Pemerintahan,Pekalongan/Pantura (G)
2525,2,,TikTok,tulung KDM pindah saja ke Jateng. bukan membangun malah mikir pajak2 trs. kabar oper an gubernur 1 tahun saja KDM jadi gubernur jateng. bikin pusing . untung tak milih Golput aku🙏,Negatif,,,2026-02-25 19:46:39.483484+00:00,12 m yang lalu,Lainnya,Pemerintahan,Pekalongan/Pantura (G)
2433,1,,TikTok,terus jalan gimana pak. kok pajak trs. gelo aku biyen nyoblos😂,Negatif,,,2026-02-25 19:46:39.483484+00:00,2-12,Infrastruktur,Institusi (Bapenda/Samsat),Pekalongan/Pantura (G)
3175,3,,Instagram,INTINYA GAK USAH BAYAR PAJAK TOH PENDAPATAN KABUPATEN KOTA JUGA GAK DI GUNAKAN JALAN MASIH BANYAK YG RUSAK INFRASTRUKTUR MANGKRAK DAN KORUPSI MAKIN BANYAK,Negatif,,,2026-02-25 19:46:39.483484+00:00,INTINYA GAK USAH BAYAR PAJAK TOH PENDAPATAN KABUPATEN KOTA JUGA GAK DI GUNAKAN JALAN MASIH BANYAK YG RUSAK INFRASTRUKTUR MANGKRAK DAN KORUPSI MAKIN BANYAK,Infrastruktur,Institusi (Bapenda/Samsat),Pekalongan/Pantura (G)
3288,3,,Instagram,"Kabupatenku Korupsi ra ngutek. Kasuse ra beres2. Jalan yo ra pernah apik, mulus? Seh mulus kabupaten sebelah. Ngene kok arep bayar pajak. Sek tahun iki tak mrei sek le bayar pajak. 🙌",Negatif,,,2026-02-25 19:46:39.483484+00:00,"Kabupatenku Korupsi ra ngutek. Kasuse ra beres2. Jalan yo ra pernah apik, mulus? Seh mulus kabupaten sebelah. Ngene kok arep bayar pajak. Sek tahun iki tak mrei sek le bayar pajak. 🙌",Infrastruktur,Institusi (Bapenda/Samsat),Pekalongan/Pantura (G)
3532,3,,Instagram,"balik ning transportasi umum wae koyo jaman mbien , sekolah numpak angkot , numpak bis , bange ndwe motor 5 mumet pajake , nik do numpak transportasi umum koyo mbien neh mesti fasilitase yo dibenahi , timbang bayar pajek dalan yo seh akeh sing njlegong gelombang ,",Negatif,,,2026-02-25 19:46:39.483484+00:00,"balik ning transportasi umum wae koyo jaman mbien , sekolah numpak angkot , numpak bis , bange ndwe motor 5 mumet pajake , nik do numpak transportasi umum koyo mbien neh mesti fasilitase yo dibenahi , timbang bayar pajek dalan yo seh akeh sing njlegong gelombang ,",Infrastruktur,Institusi (Bapenda/Samsat),Pekalongan/Pantura (G)
3900,3,,Instagram,"Bisanya cuman meres rakyat anjg, UMR rendah jalan ancur, provinsi paling miskin, pajak selangit, kalo kerja cuman meres rakyat doang mah gw juga bisa mnyet",Negatif,,,2026-02-25 19:46:39.483484+00:00,"Bisanya cuman meres rakyat anjg, UMR rendah jalan ancur, provinsi paling miskin, pajak selangit, kalo kerja cuman meres rakyat doang mah gw juga bisa mnyet",Infrastruktur,Institusi (Bapenda/Samsat),Pekalongan/Pantura (G)
3372,3,,Instagram,Hai... kalian itu goblok atau gak ngerti etung2an. Jelas ada perbedaan nilai dari tahun2 sebelumnya koq masih aja bilang nggak naik. Jane karepmu piye to,Negatif,,,2026-02-25 19:46:39.483484+00:00,Hai... kalian itu goblok atau gak ngerti etung2an. Jelas ada perbedaan nilai dari tahun2 sebelumnya koq masih aja bilang nggak naik. Jane karepmu piye to,Beban Ekonomi,Lainnya,Pekalongan/Pantura (G)
3624,3,,Instagram,perbaikan seperti apa yg sudah dilakukan?intinya opsen itu memberatkanpaham nggeh bapak ibu,Negatif,,,2026-02-25 19:46:39.483484+00:00,perbaikan seperti apa yg sudah dilakukan?intinya opsen itu memberatkanpaham nggeh bapak ibu,Lainnya,Institusi (Bapenda/Samsat),Lainnya/Jateng
3152,3,,Instagram,"Naiknya banyak lohhh dari tahun 2024 bayar 2.9jt tahun 2025 bukannya turun malah naik jadi 3.3jt.,Rumus ga naiknya dari mana? Kocak",Negatif,,,2026-02-25 19:46:39.483484+00:00,"Naiknya banyak lohhh dari tahun 2024 bayar 2.9jt tahun 2025 bukannya turun malah naik jadi 3.3jt.,Rumus ga naiknya dari mana? Kocak",Beban Ekonomi,Institusi (Bapenda/Samsat),Pekalongan/Pantura (G)
1190,1,,TikTok,"sy punya mobil avansa,2006,plat b,Bekasi,tahun kemaren,kena,dua juta,enam ratus empat belas ribu,tahun ini naik jadi,2,805rb",Negatif,,,2026-02-25 19:46:39.483484+00:00,2-12,Beban Ekonomi,Gubernur,Pekalongan/Pantura (G)
162,1,,TikTok,"urusan pajak naik tampil no 1, dimana saat warganya kena musibah?",Negatif,,,2026-02-25 19:46:39.483484+00:00,2-13,Beban Ekonomi,Institusi (Bapenda/Samsat),Pekalongan/Pantura (G)
337,1,,TikTok,"memang sudah disiapkan bertujuan untuk menaikan pajak
agar para pejabat untung banyak",Negatif,,,2026-02-25 19:46:39.483484+00:00,5 h yang lalu,Beban Ekonomi,Institusi (Bapenda/Samsat),Pekalongan/Pantura (G)
518,1,,TikTok,kalo solusinya cuman naikkan pajak..gak perlu sekolah tinggi tinggi,Negatif,,,2026-02-25 19:46:39.483484+00:00,2-12,Beban Ekonomi,Institusi (Bapenda/Samsat),Pekalongan/Pantura (G)
684,1,,TikTok,"istilahnya begini, semakin kau mengejar semakin susah di dapat, tapi kalo santai nanti dengan sendirinya akan di dapat, kesimpulan, semakin ngejar untuk menutup utang dengn naikan pajak semakin banyak yang ga bayar, trus lebih baik di permudah juga pajaknya, contoh adanya pemutihan banyak kendaraan yang mati beberapa tahun mendadak di pajak, itu brati mau lancar di permudah dan di beri keringanan buat rakyat",Negatif,,,2026-02-25 19:46:39.483484+00:00,2-13,Beban Ekonomi,Institusi (Bapenda/Samsat),Pekalongan/Pantura (G)
734,1,,TikTok,"sebelum dinaikan aja depisit pajak hampir 2,8 triliun gimana klu dinaikin.....? makin devisit",Negatif,,,2026-02-25 19:46:39.483484+00:00,2-12,Beban Ekonomi,Institusi (Bapenda/Samsat),Pekalongan/Pantura (G)
810,1,,TikTok,pajak yg di besarkan... memeras rakyat... cara mudah mendapatkan uang dengan instan ya dari pajak sama seperti preman,Negatif,,,2026-02-25 19:46:39.483484+00:00,6 h yang lalu,Beban Ekonomi,Institusi (Bapenda/Samsat),Pekalongan/Pantura (G)
937,1,,TikTok,"naikkan pajak, naikkan gaji pegawai. mantap sekali.😂",Negatif,,,2026-02-25 19:46:39.483484+00:00,2-13,Beban Ekonomi,Institusi (Bapenda/Samsat),Pekalongan/Pantura (G)
1015,1,,TikTok,rapat bagaimana cara mencekik rakyat dengan pajak... perekonomian lesu pajak kendaraan malah dinaikkan,Negatif,,,2026-02-25 19:46:39.483484+00:00,1 m yang lalu,Beban Ekonomi,Institusi (Bapenda/Samsat),Pekalongan/Pantura (G)
1466,1,,TikTok,"pejabat bisanya cuma naikin pajak ,gak punya solusi yang lain ,pajabat jaman noooo,",Negatif,,,2026-02-25 19:46:39.483484+00:00,2-12,Beban Ekonomi,Institusi (Bapenda/Samsat),Pekalongan/Pantura (G)
1469,1,,TikTok,pak tolong tiap tahun harga kendaraan turun tapi tiap tahun pajak kendaraan naik kasian pak yg ekonominya lg sulit,Negatif,,,2026-02-25 19:46:39.483484+00:00,2-12,Beban Ekonomi,Institusi (Bapenda/Samsat),Pekalongan/Pantura (G)
1661,1,,TikTok,punya utang ya fokus ngelunasin. bukan pajaknya dinaikin. emangnya kalo pajak naik terus utang lunas ? LOL,Negatif,,,2026-02-25 19:46:39.483484+00:00,2-12,Beban Ekonomi,Institusi (Bapenda/Samsat),Pekalongan/Pantura (G)
1729,1,,TikTok,"kalau rakyatnya nda mampu, apa harus di paksakan,
kemana salama ini uang pajaknya,",Negatif,,,2026-02-25 19:46:39.483484+00:00,2-12,Beban Ekonomi,Institusi (Bapenda/Samsat),Pekalongan/Pantura (G)
1875,1,,TikTok,"mohon pencerahan .. hutangnya ke siapa ya
terus klo pjak naik terus semakin bnyak yg gk bayar pajak gimana yaa",Negatif,,,2026-02-25 19:46:39.483484+00:00,2-12,Beban Ekonomi,Institusi (Bapenda/Samsat),Pekalongan/Pantura (G)
1957,1,,TikTok,lha kok bisa sampe utang pajak..kita wajib pajak dah tertip kok bayar pajak..kemana uangnya ..harusnya itu yg di telusuri bukan malah menaikan pajak...,Negatif,,,2026-02-25 19:46:39.483484+00:00,2-12,Beban Ekonomi,Institusi (Bapenda/Samsat),Pekalongan/Pantura (G)
1995,1,,TikTok,"saya taun lalu bayar pajak truk 5250.000 tahun ini menjadi 5950.000 naik 700rb ,",Negatif,,,2026-02-25 19:46:39.483484+00:00,2-12,Beban Ekonomi,Institusi (Bapenda/Samsat),Pekalongan/Pantura (G)
2144,1,,TikTok,banksat emang pajak naik trus.tambah sejahtera juga gak.uang pajak buat bancakan,Negatif,,,2026-02-25 19:46:39.483484+00:00,2-12,Beban Ekonomi,Institusi (Bapenda/Samsat),Pekalongan/Pantura (G)
2402,1,,TikTok,yg taat pajak pas pemutihan ga dpt keringanan apa bonus mangkok opo pie giliran kerja angel pajek mundak koyo ganti Rego,Negatif,,,2026-02-25 19:46:39.483484+00:00,2-12,Beban Ekonomi,Institusi (Bapenda/Samsat),Pekalongan/Pantura (G)
2497,1,,TikTok,ilmu nalar ..sepeda motor n mobil semakin umur tua seharusnya pajek semakin turun tdk naik terus ..dimana nalarnya Hoy...,Negatif,,,2026-02-25 19:46:39.483484+00:00,2-12,Beban Ekonomi,Institusi (Bapenda/Samsat),Pekalongan/Pantura (G)
2539,2,,TikTok,"bener tahun 2026 gak naik tapi naiknya saya rasakan 2025 waktu pajak motor vario,bukankan begitu min ??",Negatif,,,2026-02-25 19:46:39.483484+00:00,1 h yang lalu,Beban Ekonomi,Institusi (Bapenda/Samsat),Pekalongan/Pantura (G)
2549,2,,TikTok,"pajak tidak naik tapi kalo bayar pajak mahal.ini yg bener yg mana🙏🙏🙏🙏
yg bener serentak SETOP bayar pajak🙏🙏🙏😂",Negatif,,,2026-02-25 19:46:39.483484+00:00,11 j yang lalu,Beban Ekonomi,Institusi (Bapenda/Samsat),Pekalongan/Pantura (G)
2721,2,,TikTok,"pajak lahan mas nikel kemana ,
siapa yg pada makan hasil bumi NKRI",Negatif,,,2026-02-25 19:46:39.483484+00:00,20 j yang lalu,Beban Ekonomi,Institusi (Bapenda/Samsat),Pekalongan/Pantura (G)
2812,2,,TikTok,"kalau menaikan PJK kog smangat sekali ya ? tp kalau sama"" biar rakyat tidak terbebani gimana kalau gaji semua pejabat di kurangi sama dgn kenaikan pajak kan berapa persen",Negatif,,,2026-02-25 19:46:39.483484+00:00,1 h yang lalu,Beban Ekonomi,Institusi (Bapenda/Samsat),Pekalongan/Pantura (G)
2937,3,,Instagram,Pajak mobil tahun 2023 habis 2.95 jt. Tahun 2024 turun jadi 2.85 jt. Lah kok 2025 mlejit 3.25 jt nan. Itu nggak ada naik pak ??? Padahal mobil lawas dan bukan mobil mewah.,Negatif,,,2026-02-25 19:46:39.483484+00:00,Pajak mobil tahun 2023 habis 2.95 jt. Tahun 2024 turun jadi 2.85 jt. Lah kok 2025 mlejit 3.25 jt nan. Itu nggak ada naik pak ??? Padahal mobil lawas dan bukan mobil mewah.,Beban Ekonomi,Institusi (Bapenda/Samsat),Pekalongan/Pantura (G)
2939,3,,Instagram,"wkwk ini mah cari aman, ya memang bener pkb ga naik, tapi ada tambahan kutipan lain (opsen) yang akhirnya total kutipan pajak jadi naik, permainan kata doang min min.",Negatif,,,2026-02-25 19:46:39.483484+00:00,"wkwk ini mah cari aman, ya memang bener pkb ga naik, tapi ada tambahan kutipan lain (opsen) yang akhirnya total kutipan pajak jadi naik, permainan kata doang min min.",Beban Ekonomi,Institusi (Bapenda/Samsat),Pekalongan/Pantura (G)
3600,3,,Instagram,Opsenmu ora umum,Negatif,,,2026-02-25 19:46:39.483484+00:00,Opsenmu ora umum,Lainnya,Institusi (Bapenda/Samsat),Lainnya/Jateng
3721,3,,Instagram,Opsen ❌  Opset ✅,Negatif,,,2026-02-25 19:46:39.483484+00:00,Opsen ❌  Opset ✅,Lainnya,Institusi (Bapenda/Samsat),Lainnya/Jateng
2946,3,,Instagram,Pajak mntor tahun 1998 yo pdo wae naik. Nk ngno wegah bayar pajak.. Naikke orak Kiro2.,Negatif,,,2026-02-25 19:46:39.483484+00:00,Pajak mntor tahun 1998 yo pdo wae naik. Nk ngno wegah bayar pajak.. Naikke orak Kiro2.,Beban Ekonomi,Institusi (Bapenda/Samsat),Pekalongan/Pantura (G)
2965,3,,Instagram,"Semua demi Proyek MBG... yang butuh dana ratusan trillyun pertahun.. Bukan Makan Gratis, tp Makan Duit Pajak Rakyat..",Negatif,,,2026-02-25 19:46:39.483484+00:00,"Semua demi Proyek MBG... yang butuh dana ratusan trillyun pertahun.. Bukan Makan Gratis, tp Makan Duit Pajak Rakyat..",Beban Ekonomi,Institusi (Bapenda/Samsat),Pekalongan/Pantura (G)
3029,3,,Instagram,"Dikalkulasi sama tahun sebelumnya itu termasuk naik, Pajak kendaraan memang turun drastis tapi muncul pajak OPSEN. Rakyat tidak sebodoh itu wahai penikmat pajak🥱",Negatif,,,2026-02-25 19:46:39.483484+00:00,"Dikalkulasi sama tahun sebelumnya itu termasuk naik, Pajak kendaraan memang turun drastis tapi muncul pajak OPSEN. Rakyat tidak sebodoh itu wahai penikmat pajak🥱",Beban Ekonomi,Institusi (Bapenda/Samsat),Pekalongan/Pantura (G)
3037,3,,Instagram,Kendaraan beli pakai duit sendiri masih disuruh bayar pajak tiap tahun..... Penjajah Belanda dalam sejarah gak separah in....bukti kalau rakyat dibuat bodoh dan dibuat miskini,Negatif,,,2026-02-25 19:46:39.483484+00:00,Kendaraan beli pakai duit sendiri masih disuruh bayar pajak tiap tahun..... Penjajah Belanda dalam sejarah gak separah in....bukti kalau rakyat dibuat bodoh dan dibuat miskini,Beban Ekonomi,Institusi (Bapenda/Samsat),Pekalongan/Pantura (G)
3042,3,,Instagram,"Tahun 2025 setelah program2 itu, yang nunggak pajak berapa? Berapa % dari keseluruhan wajib pajak? Istilahnya berapa repaymemt rate-nya? Kalo repayment masih tinggi, 90-an%, mungkin agak masuk akal dinaikkan, tapi kalo dibawah itu, apa malah ndak akan menambah potensi para penunggak pajak membesar?",Negatif,,,2026-02-25 19:46:39.483484+00:00,"Tahun 2025 setelah program2 itu, yang nunggak pajak berapa? Berapa % dari keseluruhan wajib pajak? Istilahnya berapa repaymemt rate-nya? Kalo repayment masih tinggi, 90-an%, mungkin agak masuk akal dinaikkan, tapi kalo dibawah itu, apa malah ndak akan menambah potensi para penunggak pajak membesar?",Beban Ekonomi,Institusi (Bapenda/Samsat),Pekalongan/Pantura (G)
3071,3,,Instagram,"Mohon maaf th 2025 pajak mobil saya sudah naik 400 rb bulan Mei 2025 saya taat pajak tpi tidak ada diskon brp persen pun pdhl tahun sebelumnya ada diskon 10% tapi entah lah tahun ini naik berapa lagi, lebih baik th ini saya ngak bayar pajak toh kyk th lalu ada pemutihan",Negatif,,,2026-02-25 19:46:39.483484+00:00,"Mohon maaf th 2025 pajak mobil saya sudah naik 400 rb bulan Mei 2025 saya taat pajak tpi tidak ada diskon brp persen pun pdhl tahun sebelumnya ada diskon 10% tapi entah lah tahun ini naik berapa lagi, lebih baik th ini saya ngak bayar pajak toh kyk th lalu ada pemutihan",Beban Ekonomi,Institusi (Bapenda/Samsat),Pekalongan/Pantura (G)
3089,3,,Instagram,"Kenapa tarif pajak 2026 lebih tinggi dibandingkan tahun sebelumnya?  , Harusnya makin tua umur motor pajaknya makin murah, bukan malah naik. UMR JAWA TENGAH ITU RENDAH.",Negatif,,,2026-02-25 19:46:39.483484+00:00,"Kenapa tarif pajak 2026 lebih tinggi dibandingkan tahun sebelumnya?  , Harusnya makin tua umur motor pajaknya makin murah, bukan malah naik. UMR JAWA TENGAH ITU RENDAH.",Beban Ekonomi,Institusi (Bapenda/Samsat),Pekalongan/Pantura (G)
3114,3,,Instagram,"Pret, tahun wingi bayar pajak be nyatane mundak 20rb, pdhl nganggone motor supra lawas, th 2003, pas ditakoni maring petugase, kok mundak pak, jawabe iya mundak mas.",Negatif,,,2026-02-25 19:46:39.483484+00:00,"Pret, tahun wingi bayar pajak be nyatane mundak 20rb, pdhl nganggone motor supra lawas, th 2003, pas ditakoni maring petugase, kok mundak pak, jawabe iya mundak mas.",Beban Ekonomi,Institusi (Bapenda/Samsat),Pekalongan/Pantura (G)
3214,3,,Instagram,Heh supraku sing tahun 2014 wae maune  pajake 194 saiiki 242 malah soyo larang padahal bayarae rutin.,Negatif,,,2026-02-25 19:46:39.483484+00:00,Heh supraku sing tahun 2014 wae maune  pajake 194 saiiki 242 malah soyo larang padahal bayarae rutin.,Beban Ekonomi,Institusi (Bapenda/Samsat),Pekalongan/Pantura (G)
3215,3,,Instagram,Jangan SIBUK KLARIFIKASI  lebih baik Kembalikan ke TAHUN TAHUN SEBELUMNYA! PAJAK KENDARAAN ITU MAKIN TAMBAH TAHUN Harusnya makin turun bukannya makin naik kocak,Negatif,,,2026-02-25 19:46:39.483484+00:00,Jangan SIBUK KLARIFIKASI  lebih baik Kembalikan ke TAHUN TAHUN SEBELUMNYA! PAJAK KENDARAAN ITU MAKIN TAMBAH TAHUN Harusnya makin turun bukannya makin naik kocak,Beban Ekonomi,Institusi (Bapenda/Samsat),Pekalongan/Pantura (G)
1193,1,,TikTok,salah pilih gubernur maneh.....Jan ......tobat bosku,Negatif,,,2026-02-25 19:46:39.483484+00:00,2-12,Kekecewaan Politik,Gubernur,Pekalongan/Pantura (G)
3287,3,,Instagram,"Yo memang tidak ada kenaikan, di 2025 pun juga sudah ada opsen itu. Tapi nek pajek Supra thn 2011 lebih mahal daripada pajek Mio thn 2022, kui sing ngitung waras po ra?",Negatif,,,2026-02-25 19:46:39.483484+00:00,"Yo memang tidak ada kenaikan, di 2025 pun juga sudah ada opsen itu. Tapi nek pajek Supra thn 2011 lebih mahal daripada pajek Mio thn 2022, kui sing ngitung waras po ra?",Beban Ekonomi,Institusi (Bapenda/Samsat),Pekalongan/Pantura (G)
3333,3,,Instagram,Ra ono kenaikan matamu   iso2 itung2an gak pajek sing 300 dadi tekan arep 400 rumangsamu ra Ono kenaikan,Negatif,,,2026-02-25 19:46:39.483484+00:00,Ra ono kenaikan matamu   iso2 itung2an gak pajek sing 300 dadi tekan arep 400 rumangsamu ra Ono kenaikan,Beban Ekonomi,Institusi (Bapenda/Samsat),Pekalongan/Pantura (G)
3411,3,,Instagram,Oalah ngga naik gaimna mind saya pajak motor vario tahun 2019 pajak tahun 2024 sebesar Rp.210.000 tahun 2025 pajaknya jadi  Rp. 290.000 masa dibilang ngga naik mind ?,Negatif,,,2026-02-25 19:46:39.483484+00:00,Oalah ngga naik gaimna mind saya pajak motor vario tahun 2019 pajak tahun 2024 sebesar Rp.210.000 tahun 2025 pajaknya jadi  Rp. 290.000 masa dibilang ngga naik mind ?,Beban Ekonomi,Institusi (Bapenda/Samsat),Pekalongan/Pantura (G)
3420,3,,Instagram,"Tahun 2023 bayar PKB 168rb, tahun 2024 pkb 163.500 , tahun 2025 pkb 98.500 opsen 65.500 ( kupikir kan memang PKB th 2024 di pecah menjadi  PKB dan Opsen, karna total pembauaran pajak di th 2024 dan 2025 naik 500 perak saja), 2026 PKB naiik hampir 15% opsen juga naik hampir 15%... lhaaaa nek pajak e sek akeh ga mung 100rb an , mesti berasa banget pak naiiiiknya 😢",Negatif,,,2026-02-25 19:46:39.483484+00:00,"Tahun 2023 bayar PKB 168rb, tahun 2024 pkb 163.500 , tahun 2025 pkb 98.500 opsen 65.500 ( kupikir kan memang PKB th 2024 di pecah menjadi  PKB dan Opsen, karna total pembauaran pajak di th 2024 dan 2025 naik 500 perak saja), 2026 PKB naiik hampir 15% opsen juga naik hampir 15%... lhaaaa nek pajak e sek akeh ga mung 100rb an , mesti berasa banget pak naiiiiknya 😢",Beban Ekonomi,Institusi (Bapenda/Samsat),Pekalongan/Pantura (G)
896,1,,TikTok,Gara2 program MBG,Negatif,,,2026-02-25 19:46:39.483484+00:00,2-13,Lainnya,Lainnya,Lainnya/Jateng
3687,3,,Instagram,opsen tai,Negatif,,,2026-02-25 19:46:39.483484+00:00,opsen tai,Lainnya,Institusi (Bapenda/Samsat),Lainnya/Jateng
3697,3,,Instagram,Ben ngerti temok e opsen sakmunu piye cara ngitunge?,Negatif,,,2026-02-25 19:46:39.483484+00:00,Ben ngerti temok e opsen sakmunu piye cara ngitunge?,Lainnya,Institusi (Bapenda/Samsat),Lainnya/Jateng
3708,3,,Instagram,wkwkkwk opsenmu kakean lur,Negatif,,,2026-02-25 19:46:39.483484+00:00,wkwkkwk opsenmu kakean lur,Lainnya,Institusi (Bapenda/Samsat),Lainnya/Jateng
3724,3,,Instagram,Lainnya bisa subsidi non opsen kog,Negatif,,,2026-02-25 19:46:39.483484+00:00,Lainnya bisa subsidi non opsen kog,Lainnya,Institusi (Bapenda/Samsat),Lainnya/Jateng
3422,3,,Instagram,"Motor cb150r Sebelum ada opsen pkb pajak 293,semenjak ada opsen pkb pajak jadi 334,emang harus stop bayar pajak sii,harusnya pajaknya turun tapi ini malah naik😂😂😂😂",Negatif,,,2026-02-25 19:46:39.483484+00:00,"Motor cb150r Sebelum ada opsen pkb pajak 293,semenjak ada opsen pkb pajak jadi 334,emang harus stop bayar pajak sii,harusnya pajaknya turun tapi ini malah naik😂😂😂😂",Beban Ekonomi,Institusi (Bapenda/Samsat),Pekalongan/Pantura (G)
3560,3,,Instagram,"2024 pajak 1,5 , 2025 1,7 , 2026 2,1 , g naik dari mana nya ?????",Negatif,,,2026-02-25 19:46:39.483484+00:00,"2024 pajak 1,5 , 2025 1,7 , 2026 2,1 , g naik dari mana nya ?????",Beban Ekonomi,Institusi (Bapenda/Samsat),Pekalongan/Pantura (G)
3567,3,,Instagram,"Kemarin2 yg pada ga bayar pajak dapet pemutihan , yg tertip pajak dapat apa ? Malah naik tiap tahun ... ORa MUTU blas , umk ra sepiro pajak r kiro2 , Stop bayar pajak kendaraan",Negatif,,,2026-02-25 19:46:39.483484+00:00,"Kemarin2 yg pada ga bayar pajak dapet pemutihan , yg tertip pajak dapat apa ? Malah naik tiap tahun ... ORa MUTU blas , umk ra sepiro pajak r kiro2 , Stop bayar pajak kendaraan",Beban Ekonomi,Institusi (Bapenda/Samsat),Pekalongan/Pantura (G)
3641,3,,Instagram,"Pajek kendaraanku mundak 14 % hlo... tahun lalu ws mundak iki mundak maneh.. logika ne Pye..rega ne kendaraan saben taun hlo mudun..pajek e munggah...😢😢,",Negatif,,,2026-02-25 19:46:39.483484+00:00,"Pajek kendaraanku mundak 14 % hlo... tahun lalu ws mundak iki mundak maneh.. logika ne Pye..rega ne kendaraan saben taun hlo mudun..pajek e munggah...😢😢,",Beban Ekonomi,Institusi (Bapenda/Samsat),Pekalongan/Pantura (G)
3645,3,,Instagram,"Ya kalau gak naik masak pajak 2024 1,7jt, 2025 1,9jt 2026 2,3 jt? Itu namanya naik gak? Padahal kendaraan tambah tua malah pajak tambah mahal",Negatif,,,2026-02-25 19:46:39.483484+00:00,"Ya kalau gak naik masak pajak 2024 1,7jt, 2025 1,9jt 2026 2,3 jt? Itu namanya naik gak? Padahal kendaraan tambah tua malah pajak tambah mahal",Beban Ekonomi,Institusi (Bapenda/Samsat),Pekalongan/Pantura (G)
2933,3,,Instagram,"Mau pajak harus ada KTP, tapi kalo bayar 50rb boleh.... Trus duit 50rb larinya kemana, harus diusut tuntas ini",Negatif,,,2026-02-25 19:46:39.483484+00:00,"Mau pajak harus ada KTP, tapi kalo bayar 50rb boleh.... Trus duit 50rb larinya kemana, harus diusut tuntas ini",Beban Ekonomi,Institusi (Bapenda/Samsat),Pekalongan/Pantura (G)
3774,3,,Instagram,Mending dihapus aja. Daripada dibully. Nyatanya pajak itu naik. Wong salah ora gelem ngaku salah. Suwe suwe sopo wonge sing betah.,Negatif,,,2026-02-25 19:46:39.483484+00:00,Mending dihapus aja. Daripada dibully. Nyatanya pajak itu naik. Wong salah ora gelem ngaku salah. Suwe suwe sopo wonge sing betah.,Beban Ekonomi,Institusi (Bapenda/Samsat),Pekalongan/Pantura (G)
3861,3,,Instagram,"Slide 3, bajingan loe pada  pajak tahunan ane naik cookkk!!!",Negatif,,,2026-02-25 19:46:39.483484+00:00,"Slide 3, bajingan loe pada  pajak tahunan ane naik cookkk!!!",Beban Ekonomi,Institusi (Bapenda/Samsat),Pekalongan/Pantura (G)
1932,1,,TikTok,"nilai kendaraan tiap tahun menyusut, tapi pajak tiap tahun naik, sudah ngurus pajaknya ribet apalagi klo beli second bukan atas nama, mau tertib pajak malah di persulit klo ga punya ktp pemilik lama,",Negatif,,,2026-02-25 19:46:39.483484+00:00,2-12,Beban Ekonomi,Institusi (Bapenda/Samsat),Pekalongan/Pantura (G)
1062,1,,TikTok,katanya langkah mereka ada dasarnya yaitu pergub tentang piutang daerah makanya pajak kendaraan dinaikan..kan kan elu gubernurnya..bikin lah manuver lain..bukan malah naikin pajak kendaraan,Negatif,,,2026-02-25 19:46:39.483484+00:00,1 m yang lalu,Beban Ekonomi,Institusi (Bapenda/Samsat),Pekalongan/Pantura (G)
1535,1,,TikTok,"untuk menutup tunggakan pajak 2,8T , ko mlh d naik an pajaknya, logika nya d mana bos..
duhh masih harus banyak belajar dg gubenur jabar kang dedy ..",Negatif,,,2026-02-25 19:46:39.483484+00:00,2-12,Beban Ekonomi,Institusi (Bapenda/Samsat),Pekalongan/Pantura (G)
1953,1,,TikTok,"Pergub = peraturan yg di bikin dan diputuskan gubernur
jadi netizen bisa tahu bahwa kenaikan pajak diputuskan oleh beliau.... jadi monggo yg kemarin milih beliau🤣🤣🤣",Negatif,,,2026-02-25 19:46:39.483484+00:00,2-12,Beban Ekonomi,Institusi (Bapenda/Samsat),Pekalongan/Pantura (G)
308,1,,TikTok,"emangnya situ udah mensejahterakan rakyatmu,kok berani"" naikan pajak,dgn dalih pergub,",Negatif,,,2026-02-25 19:46:39.483484+00:00,5 h yang lalu,Beban Ekonomi,Institusi (Bapenda/Samsat),Pekalongan/Pantura (G)
356,1,,TikTok,"andaikan saja jika bisa kok periksa korup atau TDK gubernur ini, kita mau bayar pajak, tapi KLO KPK GK bisa periksa, MENDING GK USAH BAYAR LAH. UANG PAJAK KITA PASTI LARI NYA KMN KITA JUGA GK AKAN TAHU SECARA TRANSPARAN.",Negatif,,,2026-02-25 19:46:39.483484+00:00,6 h yang lalu,Beban Ekonomi,Institusi (Bapenda/Samsat),Pekalongan/Pantura (G)
2550,2,,TikTok,"maaf Gus, masalah potongan, diskon, pemutihan itu kan bagian untuk menambah objek pajak....lah yg krasa banget itu tentunya yg SDH aktif pajak to Gus, opopun jenenge.....kita kan mbayar pake duit dan totalnya bertambah drastis. (UMR bedo-pajak disamakno = nalarnya dimana ?)",Negatif,,,2026-02-25 19:46:39.483484+00:00,1 h yang lalu,Beban Ekonomi,Institusi (Bapenda/Samsat),Pekalongan/Pantura (G)
3502,3,,Instagram,Mobil makin turun nilainya tapi pajaknya makin naik itu gimana?,Negatif,,,2026-02-25 19:46:39.483484+00:00,Mobil makin turun nilainya tapi pajaknya makin naik itu gimana?,Beban Ekonomi,Institusi (Bapenda/Samsat),Pekalongan/Pantura (G)
605,1,,TikTok,"dg adanya blm atau tdk bayar pajak di karenakan UMR nya kecil,sdh berusaha mau bayar pajak tanpa KTP asli di persulit,giliran tdk bayar malah di cekik naikan pajak,di bilang ada kerugian darimana yah, tiap hari kantor SAMSAT penuh trs yg sering saya lihat,apalagi kl mau liburan panjang,Kantor SANSAT ngantrinya seperti mau dapat gratisan padahal mau bayar.",Negatif,,,2026-02-25 19:46:39.483484+00:00,2-12,Beban Ekonomi,Institusi (Bapenda/Samsat),Pekalongan/Pantura (G)
611,1,,TikTok,menaikan pajak koq mengatas nama kan ofsen per STNK Link truk aj sampai ada nambah Nya 1 jt LBH woy mau' di ke manakan Nanti hasil ofsen / lampiran kertas setiap STNK,Negatif,,,2026-02-25 19:46:39.483484+00:00,2-13,Beban Ekonomi,Institusi (Bapenda/Samsat),Pekalongan/Pantura (G)
3756,3,,Instagram,"Usul nek bayare gasik mbok didiskon, opsen dihapus aja.",Negatif,,,2026-02-25 19:46:39.483484+00:00,"Usul nek bayare gasik mbok didiskon, opsen dihapus aja.",Lainnya,Institusi (Bapenda/Samsat),Solo Raya (AD)
3758,3,,Instagram,seharusnya opsen pkb jangan terlalu tinggi,Negatif,,,2026-02-25 19:46:39.483484+00:00,seharusnya opsen pkb jangan terlalu tinggi,Lainnya,Institusi (Bapenda/Samsat),Lainnya/Jateng
3794,3,,Instagram,Parah.. meras rakyate gak kiro2.. dzolim,Negatif,,,2026-02-25 19:46:39.483484+00:00,Parah.. meras rakyate gak kiro2.. dzolim,Beban Ekonomi,Nasib Rakyat / Kesejahteraan,Lainnya/Jateng
3398,3,,Instagram,"Selama pajak motor masih pakai KTP asli, gak bakal rajin tu rakyat bayar pajak wlpn di bilang in gak naik. 😂 LOGIKAnya dimana? Yg bawa motor mau pajak gak bisa tapi kalo CALO kok bisa? 😂😂 cb di pikir secara logika.",Negatif,,,2026-02-25 19:46:39.483484+00:00,"Selama pajak motor masih pakai KTP asli, gak bakal rajin tu rakyat bayar pajak wlpn di bilang in gak naik. 😂 LOGIKAnya dimana? Yg bawa motor mau pajak gak bisa tapi kalo CALO kok bisa? 😂😂 cb di pikir secara logika.",Beban Ekonomi,Institusi (Bapenda/Samsat),Pekalongan/Pantura (G)
641,1,,TikTok,pajak naik disaat kesejahteraan masyarakat menurun dan peningkatan perekonomian dari pemerintah untuk masyarakat masih belum terasa oleh sebagian besar masyarakat ekonomi menengah kebawah,Negatif,,,2026-02-25 19:46:39.483484+00:00,2-12,Beban Ekonomi,Pemerintahan,Pekalongan/Pantura (G)
654,1,,TikTok,menaikan pajak adalah bukan solusi cerdas dari pemerintah.,Negatif,,,2026-02-25 19:46:39.483484+00:00,2-13,Beban Ekonomi,Pemerintahan,Pekalongan/Pantura (G)
783,1,,TikTok,"Jd inget jargon pemerintah ""mensejahterakan mehidupan rakyat"" 😀😀
Lha wong apbn aja hampir 90% dibiayai dr pajak rakyat, trs mau memakmurkan rakyatnya....ya gak mgkinlah🤣🤣",Negatif,,,2026-02-25 19:46:39.483484+00:00,1 m yang lalu,Beban Ekonomi,Pemerintahan,Pekalongan/Pantura (G)
894,1,,TikTok,"pemerintahnya haya bisanya menaikan pajak , kenapa nggak cari sumber yg lain .",Negatif,,,2026-02-25 19:46:39.483484+00:00,2-13,Beban Ekonomi,Pemerintahan,Pekalongan/Pantura (G)
1140,1,,TikTok,"Ora meh bayar pakak,gaji ora mundak mundak malah kadang mudun pajek e malah dinundake,opsen gendeng pemerintah gendeng",Negatif,,,2026-02-25 19:46:39.483484+00:00,1 m yang lalu,Beban Ekonomi,Pemerintahan,Pekalongan/Pantura (G)
1323,1,,TikTok,"pinter y pemerintah sekarang pajak naik,, BPJS banyak yg di non aktifkan masyarakat kecil yg d ulek""",Negatif,,,2026-02-25 19:46:39.483484+00:00,2-12,Beban Ekonomi,Pemerintahan,Pekalongan/Pantura (G)
1561,1,,TikTok,saya bayar pajak kendaraan dan bayar listrik TDK smpe utang..kesss... Koh pemerintah byk utang...lah drmana uangnya...byr pajak kess..byr listrik kes..koh piutang???????????????,Negatif,,,2026-02-25 19:46:39.483484+00:00,2-12,Beban Ekonomi,Pemerintahan,Pekalongan/Pantura (G)
1602,1,,TikTok,"pemerintah semakin gila sama pajak,soalnya tanpa pajak pemerintah tidak bisa kaya dan tidak bisa makan enak ataupun makan mewah,lagi Pak Haji Roma sudah terbukti,yg kaya semakin kaya,yg miskin semakin miskin,karena pajak pemerintah bisa semakin kaya,",Negatif,,,2026-02-25 19:46:39.483484+00:00,2-12,Beban Ekonomi,Pemerintahan,Pekalongan/Pantura (G)
2178,1,,TikTok,"pajek naik.langsung rapat cepat. upah buruh...paling rendah.dinjateng.dr jaman fir,un. g pernah naik upah buruh😁",Negatif,,,2026-02-25 19:46:39.483484+00:00,2-12,Beban Ekonomi,Pemerintahan,Pekalongan/Pantura (G)
3382,3,,Instagram,"Naikkk woyy naikk  akui saajaa..... pemerintah Jateng tidak punya perasaan kepada masyarakatnya sendiri..... Yang Jelasss naikkkk.....!!!! Pajak yang sebelumnya hanya 2.2 menjadi 2.6, apa itu gak naik namanya??????? Kocakkkkkm",Negatif,,,2026-02-25 19:46:39.483484+00:00,"Naikkk woyy naikk  akui saajaa..... pemerintah Jateng tidak punya perasaan kepada masyarakatnya sendiri..... Yang Jelasss naikkkk.....!!!! Pajak yang sebelumnya hanya 2.2 menjadi 2.6, apa itu gak naik namanya??????? Kocakkkkkm",Beban Ekonomi,Pemerintahan,Pekalongan/Pantura (G)
357,1,,TikTok,"Kalau cuma ngelola pemerintahan dari uang pajak, berenti aja jadi gubernur.",Negatif,,,2026-02-25 19:46:39.483484+00:00,6 h yang lalu,Beban Ekonomi,Pemerintahan,Pekalongan/Pantura (G)
3878,3,,Instagram,YANG TERHORMAT BAPENDA JATENG. MOHON DIKAJI ULANG. KALIAN GA MIKIRIN RAKYAT NYA APA GIMANA. KALIAN  DAPAT INSENTIF DARI PAJAK DAERAH KALAU PEMBAYARAN LANCAR TAPI TIDAK MIKIRI NOMINAL PAJAK OPSEN NYA. KALIAN BILANG NANTI TERBIASA. KALIAN GA MIKIR YANG PUNYA KENDARAAN ITU PENGUSAHA UMKM ATAU ORANG BIASA ATAU BURUH YANG GAJINYA DIBAWAH UMR? KALIAN ENAK GAJIAN BULANAN DARI PEMERINTAH. MEREKA2 YANG USAHA KECIL DEMI INGIN MEMBAYAR PAJAK SAMPAI RELA JUALAN PAKAI MOTOR DAN MOBIL UNTUK MEMBAYAR. TOLONG PAKAI HATI NURANI. ATURAN YA ATURAN TAPI KENAIKAN JANGAN SAMPAI 66% ITU UDAH GA PUNYA HATI.,Negatif,,,2026-02-25 19:46:39.483484+00:00,YANG TERHORMAT BAPENDA JATENG. MOHON DIKAJI ULANG. KALIAN GA MIKIRIN RAKYAT NYA APA GIMANA. KALIAN  DAPAT INSENTIF DARI PAJAK DAERAH KALAU PEMBAYARAN LANCAR TAPI TIDAK MIKIRI NOMINAL PAJAK OPSEN NYA. KALIAN BILANG NANTI TERBIASA. KALIAN GA MIKIR YANG PUNYA KENDARAAN ITU PENGUSAHA UMKM ATAU ORANG BIASA ATAU BURUH YANG GAJINYA DIBAWAH UMR? KALIAN ENAK GAJIAN BULANAN DARI PEMERINTAH. MEREKA2 YANG USAHA KECIL DEMI INGIN MEMBAYAR PAJAK SAMPAI RELA JUALAN PAKAI MOTOR DAN MOBIL UNTUK MEMBAYAR. TOLONG PAKAI HATI NURANI. ATURAN YA ATURAN TAPI KENAIKAN JANGAN SAMPAI 66% ITU UDAH GA PUNYA HATI.,Beban Ekonomi,Pemerintahan,Pekalongan/Pantura (G)
2874,2,,TikTok,Pak Yasin... panjenengan kyai.. lebih paham masalah kemaslahatan umat... ingat pak ini Amanah anda sebagai pemimpin... anda tau Kondisi rakyat JATENG saat ini kondisi bagaimana.... layak gak pajak naik,Negatif,,,2026-02-25 19:46:39.483484+00:00,1 h yang lalu,Beban Ekonomi,Pemerintahan,Pekalongan/Pantura (G)
2552,2,,TikTok,Solusi senyap dan damai agar pemerintah mandiri . STOP BAYAR PAJAK 👍👍👍👍👍 uang kita aman tidak dibadog tuan BERDASI 😁😁😁,Negatif,,,2026-02-25 19:46:39.483484+00:00,19 j yang lalu,Beban Ekonomi,Pemerintahan,Pekalongan/Pantura (G)
2748,2,,TikTok,"meringankan masyarakat apane, memberatkan yo. tambah suwe d jajah ro pemerintahe dewe. intine pajeke mundak akeh.",Negatif,,,2026-02-25 19:46:39.483484+00:00,21 j yang lalu,Beban Ekonomi,Pemerintahan,Pekalongan/Pantura (G)
2876,2,,TikTok,"Intinya pemprof gak becus nnyari duit selain pajak, pembangunan jg ga beres, gak ada yg signifikan di jateng! Mandeg cenderung mundur!",Negatif,,,2026-02-25 19:46:39.483484+00:00,1 h yang lalu,Beban Ekonomi,Pemerintahan,Pekalongan/Pantura (G)
2947,3,,Instagram,"Nyata nya memang naik kok, beda jauh sama jabar. Di jabar 2,8 masuk jateng jd 3,6. Niat hati balik nama ke domisil biar mudah ngurus nya, jd malah naik pajak nya😢",Negatif,,,2026-02-25 19:46:39.483484+00:00,"Nyata nya memang naik kok, beda jauh sama jabar. Di jabar 2,8 masuk jateng jd 3,6. Niat hati balik nama ke domisil biar mudah ngurus nya, jd malah naik pajak nya😢",Beban Ekonomi,Pemerintahan,Pekalongan/Pantura (G)
3855,3,,Instagram,SELAMA PERHITUNGAN PKB DAN OPSEN TIDK MASUK AKAL,Negatif,,,2026-02-25 19:46:39.483484+00:00,SELAMA PERHITUNGAN PKB DAN OPSEN TIDK MASUK AKAL,Lainnya,Institusi (Bapenda/Samsat),Lainnya/Jateng
3809,3,,Instagram,"Hapus Opsen woy, 60% kue uteke dienggo apa ora?",Negatif,,,2026-02-25 19:46:39.483484+00:00,"Hapus Opsen woy, 60% kue uteke dienggo apa ora?",Lainnya,Institusi (Bapenda/Samsat),Kedu (AA)
3818,3,,Instagram,Woooiii.... Utek e nggo mikir.... Trus sing wis bacut bayar piyeeeee??? Ojo dadi pemangku kebijakan eca eco..... NGOMPENI NGOPSENI....!!!!,Negatif,,,2026-02-25 19:46:39.483484+00:00,Woooiii.... Utek e nggo mikir.... Trus sing wis bacut bayar piyeeeee??? Ojo dadi pemangku kebijakan eca eco..... NGOMPENI NGOPSENI....!!!!,Lainnya,Institusi (Bapenda/Samsat),Pekalongan/Pantura (G)
3535,3,,Instagram,"min jelaskan semua pendapatan daerah min .dr pajak tanah , pajak rumah , pajak kendaraan bermotor dan pajak lain lain , terus alokasinya kemana saja , apakah Jateng ini kebanyakan aparatur pemerintahan kok penghasilan dr pajak masih kurang dan harus menaikkan pajak , karna tidak semua masyarakat tahu alokasi dana pendapatan Jateng buat apa saja , apalagi orang orang sepuh  dan orang yang tidak tau media sosial , taunya ngeluh saja pas dapat kitir pajak , apalagi orange manutan Trimo nggeh nggeh mawon to ??",Negatif,,,2026-02-25 19:46:39.483484+00:00,"min jelaskan semua pendapatan daerah min .dr pajak tanah , pajak rumah , pajak kendaraan bermotor dan pajak lain lain , terus alokasinya kemana saja , apakah Jateng ini kebanyakan aparatur pemerintahan kok penghasilan dr pajak masih kurang dan harus menaikkan pajak , karna tidak semua masyarakat tahu alokasi dana pendapatan Jateng buat apa saja , apalagi orang orang sepuh  dan orang yang tidak tau media sosial , taunya ngeluh saja pas dapat kitir pajak , apalagi orange manutan Trimo nggeh nggeh mawon to ??",Beban Ekonomi,Pemerintahan,Pekalongan/Pantura (G)
2542,2,,TikTok,agak licik sih pemprov ini 2025 naik tinggi 60% tp di diskon 16.5% tidak diberi tahu tp begitu masuk 2026 diskon dicabut diam2 begitu banyak protes langsung sebutkan aja 2026 gak naik kok cuma 2025 diskonnya dicabut 🤣🤣,Negatif,,,2026-02-25 19:46:39.483484+00:00,1 h yang lalu,Beban Ekonomi,Pemerintahan,Pekalongan/Pantura (G)
2530,2,,TikTok,"mbok d hapus wae opsen pajak Ki..yen d rasakne pemerintah daerah kab tekan provinsi kok mungut upeti terus nggo rakyat
mbok d balekne aturan ky jaman mbiyen..",Negatif,,,2026-02-25 19:46:39.483484+00:00,1 h yang lalu,Beban Ekonomi,Pemerintahan,Pekalongan/Pantura (G)
2889,2,,TikTok,"pak.. pendapatan/ UMR dinaikin ! ..golet mangan be angel... lapangan pekerjaan kosong... katanya mensejahterakan rakyat...manaa ??
jalan provinsi di daerah selatan aj banyak yg berlubang",Negatif,,,2026-02-25 19:46:39.483484+00:00,1 h yang lalu,Beban Ekonomi,Nasib Rakyat / Kesejahteraan,Pekalongan/Pantura (G)
1421,1,,TikTok,pjk naek uangnya rk kemanakn pk ko.jln rusak seluruh.jtng😅😅,Negatif,,,2026-02-25 19:46:39.483484+00:00,2-12,Beban Ekonomi,Lainnya,Pekalongan/Pantura (G)
649,1,,TikTok,"pajak naik tapi jln rusak di mana"" gak di perbaiki buat apa duit pajak kendaraan",Negatif,,,2026-02-25 19:46:39.483484+00:00,2-13,Beban Ekonomi,Institusi (Bapenda/Samsat),Pekalongan/Pantura (G)
764,1,,TikTok,"pajak naik , tapi fasilitas tidak ada yg nambah baik .. jalan dimana"" ancur ..
di perbaiki kadang cuman tambal sulam aja ... uang nya buat apa coba ???",Negatif,,,2026-02-25 19:46:39.483484+00:00,2-12,Beban Ekonomi,Institusi (Bapenda/Samsat),Pekalongan/Pantura (G)
988,1,,TikTok,pajak kendaraan di naik kan teros tapi jalanya tidak terurus/ ke mana larinya uang pajak kendaraan,Negatif,,,2026-02-25 19:46:39.483484+00:00,2-13,Beban Ekonomi,Institusi (Bapenda/Samsat),Pekalongan/Pantura (G)
1176,1,,TikTok,"jalan bobrok pajak naik,lihat tu jln raya Limpung Banyuputih dampak Dum truk sudah banyak telan korban,lagi pula jembatan kali belo putus sejak th kemarin masih belum di bangun",Negatif,,,2026-02-25 19:46:39.483484+00:00,2-12,Beban Ekonomi,Institusi (Bapenda/Samsat),Pekalongan/Pantura (G)
1395,1,,TikTok,"pajak naik pembangunan 0...gunung slamet di gali bencana banjir dimana""",Negatif,,,2026-02-25 19:46:39.483484+00:00,2-12,Beban Ekonomi,Institusi (Bapenda/Samsat),Pekalongan/Pantura (G)
1486,1,,TikTok,"kenaikan opsen pajak 66%, gaji naik 6,5% tahun 2026
Membayar pajak harus sesuai pemilik kendaraan, knpa gal d permudah aja, yg penting pajak jalan",Negatif,,,2026-02-25 19:46:39.483484+00:00,2-12,Beban Ekonomi,Institusi (Bapenda/Samsat),Pekalongan/Pantura (G)
1492,1,,TikTok,"pajak naik jalan"" pd hanjur kemana duitnya",Negatif,,,2026-02-25 19:46:39.483484+00:00,2-12,Beban Ekonomi,Institusi (Bapenda/Samsat),Pekalongan/Pantura (G)
2998,3,,Instagram,"umr rendah, pajak larang, dalan e remuk bunyuk, mantap",Negatif,,,2026-02-25 19:46:39.483484+00:00,"umr rendah, pajak larang, dalan e remuk bunyuk, mantap",Beban Ekonomi,Institusi (Bapenda/Samsat),Pekalongan/Pantura (G)
3054,3,,Instagram,"Kak, perbaiki kualitas jalan biar awet dan nyaman bagi pengendara bukan sekali tambal hancur, pajak naik tapi jalan burik itu kemana uang yg bayar pajak🗿",Negatif,,,2026-02-25 19:46:39.483484+00:00,"Kak, perbaiki kualitas jalan biar awet dan nyaman bagi pengendara bukan sekali tambal hancur, pajak naik tapi jalan burik itu kemana uang yg bayar pajak🗿",Beban Ekonomi,Institusi (Bapenda/Samsat),Pekalongan/Pantura (G)
3192,3,,Instagram,"mending kalo bayar pajak mahal tiap tahun, jalan rusak di benerin la ini di biarkan bertahun2 la apa ngga gedek, uangnya kemana larinya??",Negatif,,,2026-02-25 19:46:39.483484+00:00,"mending kalo bayar pajak mahal tiap tahun, jalan rusak di benerin la ini di biarkan bertahun2 la apa ngga gedek, uangnya kemana larinya??",Beban Ekonomi,Institusi (Bapenda/Samsat),Pekalongan/Pantura (G)
3554,3,,Instagram,"wulan iki bayar pajak, nek tak cek luwih larang seko tahun wingi, sepurane pak aku mulai tahun iki arep ra bayar pajak kendaraan, ben dadi bodong rapopo kendaraanku, kadaran semenjak duwe kendaraan tak pajeki terus tapi ra ono feedback'e, dalan bodol kabeh, malah gawe sugih PNS thok",Negatif,,,2026-02-25 19:46:39.483484+00:00,"wulan iki bayar pajak, nek tak cek luwih larang seko tahun wingi, sepurane pak aku mulai tahun iki arep ra bayar pajak kendaraan, ben dadi bodong rapopo kendaraanku, kadaran semenjak duwe kendaraan tak pajeki terus tapi ra ono feedback'e, dalan bodol kabeh, malah gawe sugih PNS thok",Beban Ekonomi,Institusi (Bapenda/Samsat),Pekalongan/Pantura (G)
898,1,,TikTok,😂😂😂😂,Negatif,,,2026-02-25 19:46:39.483484+00:00,2-13,Lainnya,Lainnya,Lainnya/Jateng
3889,3,,Instagram,Opsen wae mobil anyar yo keno. Bedone iso 10jt seko provinsi sebelah seng monarki,Negatif,,,2026-02-25 19:46:39.483484+00:00,Opsen wae mobil anyar yo keno. Bedone iso 10jt seko provinsi sebelah seng monarki,Lainnya,Institusi (Bapenda/Samsat),Lainnya/Jateng
3876,3,,Instagram,"Umr 2,5 di cak2ke tekan ngendi? Rumangsamu kabeh uwong ora butuh . Gaji 60 juta perbulan rpp le mbok kei opsen!",Negatif,,,2026-02-25 19:46:39.483484+00:00,"Umr 2,5 di cak2ke tekan ngendi? Rumangsamu kabeh uwong ora butuh . Gaji 60 juta perbulan rpp le mbok kei opsen!",Lainnya,Institusi (Bapenda/Samsat),Pekalongan/Pantura (G)
3751,3,,Instagram,Infrastruktur jalan ga ada peningkatan maen naek aja pajaknya. Uangnya dialokasikan kemana sih,Negatif,,,2026-02-25 19:46:39.483484+00:00,Infrastruktur jalan ga ada peningkatan maen naek aja pajaknya. Uangnya dialokasikan kemana sih,Beban Ekonomi,Institusi (Bapenda/Samsat),Pekalongan/Pantura (G)
3011,3,,Instagram,PAJEK TOK LARANG.. DALANE BOSOK KOYO PEMERINTAH,Negatif,,,2026-02-25 19:46:39.483484+00:00,PAJEK TOK LARANG.. DALANE BOSOK KOYO PEMERINTAH,Beban Ekonomi,Pemerintahan,Pekalongan/Pantura (G)
3606,3,,Instagram,"PAJAK KENDARAAN SI NEGARA INI PADAHAL UDAH JADI YANG TERMAHAL DI ASEAN TAPI TIAP TAHUN MASIH NAIK AJA MASIH KURANG PUAS AJA KAH？ RAKUS AMAT BRO, PAJAK MAHAL KALO NYATA HASILNYA KAYA DI NEGARA MAJU SIH RAKYAT JUGA SENENG BAYAR PAJAK, INI UDAH PAJAK NYA MAHAL TAPI DAERAH NYA TIAP TAHUN GAK ADA PERUBAHAN DAN TIAP TAHUN MAYORITAS JALANAN RUSAK 😂😂😂",Negatif,,,2026-02-25 19:46:39.483484+00:00,"PAJAK KENDARAAN SI NEGARA INI PADAHAL UDAH JADI YANG TERMAHAL DI ASEAN TAPI TIAP TAHUN MASIH NAIK AJA MASIH KURANG PUAS AJA KAH？ RAKUS AMAT BRO, PAJAK MAHAL KALO NYATA HASILNYA KAYA DI NEGARA MAJU SIH RAKYAT JUGA SENENG BAYAR PAJAK, INI UDAH PAJAK NYA MAHAL TAPI DAERAH NYA TIAP TAHUN GAK ADA PERUBAHAN DAN TIAP TAHUN MAYORITAS JALANAN RUSAK 😂😂😂",Beban Ekonomi,Pemerintahan,Pekalongan/Pantura (G)
3607,3,,Instagram,"PAJAK KENDARAAN SI NEGARA INI PADAHAL UDAH JADI YANG TERMAHAL DI ASEAN TAPI TIAP TAHUN MASIH NAIK AJA MASIH KURANG PUAS AJA KAH？ RAKUS AMAT BRO, PAJAK MAHAL KALO NYATA HASILNYA KAYA DI NEGARA MAJU SIH RAKYAT JUGA SENENG BAYAR PAJAK, INI UDAH PAJAK NYA MAHAL TAPI DAERAH NYA TIAP TAHUN GAK ADA PERUBAHAN DAN TIAP TAHUN MAYORITAS JALANAN RUSAK 😂😂😂",Negatif,,,2026-02-25 19:46:39.483484+00:00,"PAJAK KENDARAAN SI NEGARA INI PADAHAL UDAH JADI YANG TERMAHAL DI ASEAN TAPI TIAP TAHUN MASIH NAIK AJA MASIH KURANG PUAS AJA KAH？ RAKUS AMAT BRO, PAJAK MAHAL KALO NYATA HASILNYA KAYA DI NEGARA MAJU SIH RAKYAT JUGA SENENG BAYAR PAJAK, INI UDAH PAJAK NYA MAHAL TAPI DAERAH NYA TIAP TAHUN GAK ADA PERUBAHAN DAN TIAP TAHUN MAYORITAS JALANAN RUSAK 😂😂😂",Beban Ekonomi,Pemerintahan,Pekalongan/Pantura (G)
3312,3,,Instagram,"Gak ada gunanya, coba kalo mau adil, buka semua data kendaraan aparat negara! Yg gonta ganti plat merah sama item banyak, yg nunggak ternyata banyak, rekam jejak kan gak hilang kalo ga Ditakedown, pajak melejit jalan ancur, pelayanan semua minta uang rokok, calo bertebaran dimana-mana, bahkan terang2an di sosmed buka jasa 😂 gini amat negara yaak",Negatif,,,2026-02-25 19:46:39.483484+00:00,"Gak ada gunanya, coba kalo mau adil, buka semua data kendaraan aparat negara! Yg gonta ganti plat merah sama item banyak, yg nunggak ternyata banyak, rekam jejak kan gak hilang kalo ga Ditakedown, pajak melejit jalan ancur, pelayanan semua minta uang rokok, calo bertebaran dimana-mana, bahkan terang2an di sosmed buka jasa 😂 gini amat negara yaak",Beban Ekonomi,Pemerintahan,Pekalongan/Pantura (G)
3795,3,,Instagram,Ora sumbut bos.. ekonomi lagi sulit Opsen naik.. fasilitas sarana prasana masih buruk.. jalan bosok… heraannn… senamengnya memancing amarah rakyat…,Negatif,,,2026-02-25 19:46:39.483484+00:00,Ora sumbut bos.. ekonomi lagi sulit Opsen naik.. fasilitas sarana prasana masih buruk.. jalan bosok… heraannn… senamengnya memancing amarah rakyat…,Beban Ekonomi,Institusi (Bapenda/Samsat),Pekalongan/Pantura (G)
3812,3,,Instagram,"Enek sing ngomong ""RAKYAT AKAN TERBIASA""  RUMANGSAMU RAKYAT OWA ISO LORO ATI PO PIYE ???? MALAYSIA KAE LHOO PAJEK MURAHH, ORA KUDU GANTI PLAT 5 TAHUN PISAN. SENENGANE KOK GAWE RAME KARO ISIN.  CONTONE TONGGO JABAR KUI LHOO.  TRANSPARAN KARO TEPAT SASARAN.😂😂😂",Negatif,,,2026-02-25 19:46:39.483484+00:00,"Enek sing ngomong ""RAKYAT AKAN TERBIASA""  RUMANGSAMU RAKYAT OWA ISO LORO ATI PO PIYE ???? MALAYSIA KAE LHOO PAJEK MURAHH, ORA KUDU GANTI PLAT 5 TAHUN PISAN. SENENGANE KOK GAWE RAME KARO ISIN.  CONTONE TONGGO JABAR KUI LHOO.  TRANSPARAN KARO TEPAT SASARAN.😂😂😂",Kekecewaan Politik,Institusi (Bapenda/Samsat),Pekalongan/Pantura (G)
3430,3,,Instagram,Dulu 100% . 70% ke Propinsi. 30% ke Daerah. Opsen minta dana langsung ke daerah. Lah selisih 30% nya kemana??? Aturan pusat jelas. Propinsi bagi pajak ke daerah lewat opsen. Harusnya PKB turun . Agar supaya komposisi 70 dan 30 % tepat.,Negatif,,,2026-02-25 19:46:39.483484+00:00,Dulu 100% . 70% ke Propinsi. 30% ke Daerah. Opsen minta dana langsung ke daerah. Lah selisih 30% nya kemana??? Aturan pusat jelas. Propinsi bagi pajak ke daerah lewat opsen. Harusnya PKB turun . Agar supaya komposisi 70 dan 30 % tepat.,Kekecewaan Politik,Pemerintahan,Pekalongan/Pantura (G)
2957,3,,Instagram,"Naik kok,ada biaya tambahan ini dan itu di STNK yg dulunya kosong/rendah sekarang tertulis angka yg lumayan tinggi dan bervariasi tergantung jenis dan tahun kendaraan. udah gitu pelayanan samsat berbelit belit dan menyusahkan yg taat pajak,di haruskan pajak menggunakan KTP pemilik yg tertera di STNK dan mau balik nama pun harus di lampirkan foto copy pemilik lama,jika tidak di sertakan KTP/foto copy pemilik Lama tidak bisa bayar pajak atau balik nama,akan tetapi ketika di sodorkan sejumlah uang kok ya BISA bayar pajak/pun balik nama,,,loh piyeee ini aturan yg di tetapkan UUD atau aturan yg di buat2 dan di ada2kan oleh oknum???",Negatif,,,2026-02-25 19:46:39.483484+00:00,"Naik kok,ada biaya tambahan ini dan itu di STNK yg dulunya kosong/rendah sekarang tertulis angka yg lumayan tinggi dan bervariasi tergantung jenis dan tahun kendaraan. udah gitu pelayanan samsat berbelit belit dan menyusahkan yg taat pajak,di haruskan pajak menggunakan KTP pemilik yg tertera di STNK dan mau balik nama pun harus di lampirkan foto copy pemilik lama,jika tidak di sertakan KTP/foto copy pemilik Lama tidak bisa bayar pajak atau balik nama,akan tetapi ketika di sodorkan sejumlah uang kok ya BISA bayar pajak/pun balik nama,,,loh piyeee ini aturan yg di tetapkan UUD atau aturan yg di buat2 dan di ada2kan oleh oknum???",Kekecewaan Politik,Institusi (Bapenda/Samsat),Pekalongan/Pantura (G)
901,1,,TikTok,termul,Negatif,,,2026-02-25 19:46:39.483484+00:00,2-13,Lainnya,Lainnya,Lainnya/Jateng
3077,3,,Instagram,"Lha wong wes jelas2 mundak kok iso ngomong ora mundak i lho. Iyo bener tahun iki ora mundak, tapi wes diputuske tahun wingi. Lha tapi kan saiki aku bayare pajek. Piye to miiiin min.",Negatif,,,2026-02-25 19:46:39.483484+00:00,"Lha wong wes jelas2 mundak kok iso ngomong ora mundak i lho. Iyo bener tahun iki ora mundak, tapi wes diputuske tahun wingi. Lha tapi kan saiki aku bayare pajek. Piye to miiiin min.",Kekecewaan Politik,Institusi (Bapenda/Samsat),Pekalongan/Pantura (G)
40,1,,TikTok,brdsr aturan apaan? dr dulu kndraan mkin tua ya makin turun pajaknya ..br kali malah naik. knp cuman jateng. gubernur dodol!,Negatif,,,2026-02-25 19:46:39.483484+00:00,6 h yang lalu,Kekecewaan Politik,Pemerintahan,Pekalongan/Pantura (G)
3320,3,,Instagram,PEMBODOHAN!!! Demi Allah..pajak mobil saya (tahun 2012) di tahun 2025 naik 400rb dari tahun sebelumnya. Teman plat AB ada opsen tapi totalnya sama dengan tahun sebelumnya. Bilang 2025 ada diskon?? Lalu 2026 pajak mobil saya mau jadi berapa?? Kalau motor selisih 50rban..lha mobil 400-500rb bisa buat beli susu anak sebulan lho 😢 nyesel dulu mutasi JATENG 👎,Negatif,,,2026-02-25 19:46:39.483484+00:00,PEMBODOHAN!!! Demi Allah..pajak mobil saya (tahun 2012) di tahun 2025 naik 400rb dari tahun sebelumnya. Teman plat AB ada opsen tapi totalnya sama dengan tahun sebelumnya. Bilang 2025 ada diskon?? Lalu 2026 pajak mobil saya mau jadi berapa?? Kalau motor selisih 50rban..lha mobil 400-500rb bisa buat beli susu anak sebulan lho 😢 nyesel dulu mutasi JATENG 👎,Kekecewaan Politik,Pemerintahan,Pekalongan/Pantura (G)
3391,3,,Instagram,"Saya warga Jabar tapi sangat merasakan manfaat dari kompensasi BBN sehingga saya mau untuk BBN tahun ini. Prihatin dengan warga Jateng dan saya pun mungkin akan melakukan hal yang sama kalau pajak kendaraan tiba tiba tidak sesuai dengan yang biasa kita bayar. Wajar kalau warga tidak mau bayar pajak, apalagi pemerintah pusat lebih pilih ompreng dan makan bergizi  subsidi (bukan gratis) jadi sekarang tau kan bosnya siapa kalau warga sipil bersatu? 😂",Negatif,,,2026-02-25 19:46:39.483484+00:00,"Saya warga Jabar tapi sangat merasakan manfaat dari kompensasi BBN sehingga saya mau untuk BBN tahun ini. Prihatin dengan warga Jateng dan saya pun mungkin akan melakukan hal yang sama kalau pajak kendaraan tiba tiba tidak sesuai dengan yang biasa kita bayar. Wajar kalau warga tidak mau bayar pajak, apalagi pemerintah pusat lebih pilih ompreng dan makan bergizi  subsidi (bukan gratis) jadi sekarang tau kan bosnya siapa kalau warga sipil bersatu? 😂",Kekecewaan Politik,Pemerintahan,Pekalongan/Pantura (G)
3389,3,,Instagram,"Sebagai masyarakat awam.yg tidak paham hukum dan kenegaraan. Saya punya Pertanyaan.1. Menurut logika sayaBila suatu barang yg betambah umur harga jualnya menurun kenapa pajaknya naik. Beda kalau seperti tanah harganya setiap tahun naik kalau pajak juga ikut naik itu wajar. Lha kalau motor atau mobil di mana tingkat kewajarannya. 2. Okelah pajak kendaraan naik kalau untuk kendaraan mewah dan untuk no cantik atau pesanan pastinya dari kalangan berpenghasilan di atas rata rata. Lha kalau kehidupan di bawah rata rata gimana.3. Ya Terakhir ini hanya untuk rakyat sipil atau semua rakyat Indonesia termasuk armada pemerintah. Coba cek kendaraan pribadi para aparatur negara dari PNS tingkat kelurahan hingga DPRD,polri,TNI,hingga lembaga pemerintah. Apakah pegawainya dan kendaraan oprasionalnya tertip pajak.Kata orang dulu ( di mana sumber penyakit disitu sumber obat,dimana tidak aman di situ tempat teraman). Mboh lah pak",Negatif,,,2026-02-25 19:46:39.483484+00:00,"Sebagai masyarakat awam.yg tidak paham hukum dan kenegaraan. Saya punya Pertanyaan.1. Menurut logika sayaBila suatu barang yg betambah umur harga jualnya menurun kenapa pajaknya naik. Beda kalau seperti tanah harganya setiap tahun naik kalau pajak juga ikut naik itu wajar. Lha kalau motor atau mobil di mana tingkat kewajarannya. 2. Okelah pajak kendaraan naik kalau untuk kendaraan mewah dan untuk no cantik atau pesanan pastinya dari kalangan berpenghasilan di atas rata rata. Lha kalau kehidupan di bawah rata rata gimana.3. Ya Terakhir ini hanya untuk rakyat sipil atau semua rakyat Indonesia termasuk armada pemerintah. Coba cek kendaraan pribadi para aparatur negara dari PNS tingkat kelurahan hingga DPRD,polri,TNI,hingga lembaga pemerintah. Apakah pegawainya dan kendaraan oprasionalnya tertip pajak.Kata orang dulu ( di mana sumber penyakit disitu sumber obat,dimana tidak aman di situ tempat teraman). Mboh lah pak",Kekecewaan Politik,Pemerintahan,Pekalongan/Pantura (G)
3599,3,,Instagram,"PAJAK KENDARAAN SI NEGARA INI PADAHAL UDAH JADI YANG TERMAHAL DI ASEAN MASIH KURANG PUAS AJA KAH？ PAJAK MAHAL KALO NYATA HASILNYA KAYA DI NEGARA MAJU SIH RAKYAT JUGA SENENG BAYAR PAJAK, INI UDAH PAJAK NYA MAHAL TAPI DAERAH NYA TIAP TAHUN GAK ADA PERUBAHAN DAN TIAP TAHUN MAYORITAS JALANAN RUSAK, JADI JANGAN SALAHKAN MASYARAKAT KALO MALES BAYAR PAJAK LAGI PERBAIKI DIRI KALIAN SENDIRI AJA DULU",Negatif,,,2026-02-25 19:46:39.483484+00:00,"PAJAK KENDARAAN SI NEGARA INI PADAHAL UDAH JADI YANG TERMAHAL DI ASEAN MASIH KURANG PUAS AJA KAH？ PAJAK MAHAL KALO NYATA HASILNYA KAYA DI NEGARA MAJU SIH RAKYAT JUGA SENENG BAYAR PAJAK, INI UDAH PAJAK NYA MAHAL TAPI DAERAH NYA TIAP TAHUN GAK ADA PERUBAHAN DAN TIAP TAHUN MAYORITAS JALANAN RUSAK, JADI JANGAN SALAHKAN MASYARAKAT KALO MALES BAYAR PAJAK LAGI PERBAIKI DIRI KALIAN SENDIRI AJA DULU",Kekecewaan Politik,Pemerintahan,Pekalongan/Pantura (G)
2984,3,,Instagram,"Akuin aja min ada kekeliruan dalam perumusanya..toh jabar, banten n jogja juga nerapin opsen tapi tetep ga ada kenaikan karena tarif dasarmya diturunkan dulu jadi kalau di total sama dengan tahun sebelumnya tidak ada kenaikan..tapi jateng beda min kalau di total tetap ada kenaikan 13.95 % berarti tarif dasarnya ga sepenuhnya di turunkan dlu sperti prov lainya..kasian min rakyat jateng 🙏 semoga ada solusi ya buat warga jateng sehat n sukses buat kalian semua warga jateng 🙏",Negatif,,,2026-02-25 19:46:39.483484+00:00,"Akuin aja min ada kekeliruan dalam perumusanya..toh jabar, banten n jogja juga nerapin opsen tapi tetep ga ada kenaikan karena tarif dasarmya diturunkan dulu jadi kalau di total sama dengan tahun sebelumnya tidak ada kenaikan..tapi jateng beda min kalau di total tetap ada kenaikan 13.95 % berarti tarif dasarnya ga sepenuhnya di turunkan dlu sperti prov lainya..kasian min rakyat jateng 🙏 semoga ada solusi ya buat warga jateng sehat n sukses buat kalian semua warga jateng 🙏",Kekecewaan Politik,Pemerintahan,Pekalongan/Pantura (G)
184,1,,TikTok,aturan yg menjalakan manusia.lihat dulu jawa tengah tingkat kehidupan rakyatnya pak gebenur..utang pemprof ngapain rakyat yg di peras,Negatif,,,2026-02-25 19:46:39.483484+00:00,2-12,Kekecewaan Politik,Institusi (Bapenda/Samsat),Pekalongan/Pantura (G)
3541,3,,Instagram,Rumangsamu golek durt gampang po pye ngomong   tak temonane gur podo menungsone oranek sek tak wedeni,Negatif,,,2026-02-25 19:46:39.483484+00:00,Rumangsamu golek durt gampang po pye ngomong   tak temonane gur podo menungsone oranek sek tak wedeni,Kekecewaan Politik,Lainnya,Pekalongan/Pantura (G)
3001,3,,Instagram,Dulu bayar 200ribu sekarang bayar 300ribu apakah namanya tidak naik?  Bercandyaaaa tyus,Negatif,,,2026-02-25 19:46:39.483484+00:00,Dulu bayar 200ribu sekarang bayar 300ribu apakah namanya tidak naik?  Bercandyaaaa tyus,Kekecewaan Politik,Institusi (Bapenda/Samsat),Pekalongan/Pantura (G)
2565,2,,TikTok,"ngapuntene pak ,koq pajek wae seng di gembar gemborke , banjir Sayung kae Monggo di urusi dalan2 di dandani pak .",Negatif,,,2026-02-25 19:46:39.483484+00:00,1 h yang lalu,Infrastruktur,Institusi (Bapenda/Samsat),Semarang Raya (H)
3056,3,,Instagram,"Udah pake ai, jelek lagi  .",Negatif,,,2026-02-25 19:46:39.483484+00:00,"Udah pake ai, jelek lagi  .",Lainnya,Lainnya,Lainnya/Jateng
74,1,,TikTok,tdk membawa KTP pemilik tdk dilayani tp lewat calo kok bisa ya dilayani,Negatif,,,2026-02-25 19:46:39.483484+00:00,2-12,Lainnya,Lainnya,Lainnya/Jateng
493,1,,TikTok,calo,Negatif,,,2026-02-25 19:46:39.483484+00:00,2-12,Lainnya,Lainnya,Lainnya/Jateng
370,1,,TikTok,knapa harus KTP asli kan,Negatif,,,2026-02-25 19:46:39.483484+00:00,6 h yang lalu,Lainnya,Lainnya,Solo Raya (AD)
716,1,,TikTok,ribet,Negatif,,,2026-02-25 19:46:39.483484+00:00,2-12,Lainnya,Lainnya,Lainnya/Jateng
933,1,,TikTok,beralih kendaraan plat B aja,Negatif,,,2026-02-25 19:46:39.483484+00:00,2-13,Lainnya,Lainnya,Lainnya/Jateng
1043,1,,TikTok,harus ganti plat aj,Negatif,,,2026-02-25 19:46:39.483484+00:00,1 m yang lalu,Lainnya,Lainnya,Lainnya/Jateng
1087,1,,TikTok,KLO harus pakai KTP pemilik seharusnya balik nama gratis,Negatif,,,2026-02-25 19:46:39.483484+00:00,1 m yang lalu,Lainnya,Lainnya,Lainnya/Jateng
1792,1,,TikTok,nembak ktp... 70000,Negatif,,,2026-02-25 19:46:39.483484+00:00,2-12,Lainnya,Lainnya,Lainnya/Jateng
1430,1,,TikTok,ya jangan di beban kan masyarat,Negatif,,,2026-02-25 19:46:39.483484+00:00,2-12,Lainnya,Nasib Rakyat / Kesejahteraan,Lainnya/Jateng
570,1,,TikTok,pengen bayar saja dipersulit,Negatif,,,2026-02-25 19:46:39.483484+00:00,2-12,Lainnya,Institusi (Bapenda/Samsat),Lainnya/Jateng
1195,1,,TikTok,dk bawa KTP aja d suruh bayar 50rb..masuky itu d MN ya,Negatif,,,2026-02-25 19:46:39.483484+00:00,2-12,Lainnya,Institusi (Bapenda/Samsat),Lainnya/Jateng
1307,1,,TikTok,kalau ingin pjaknya lancar tatacara pembayarannya dipermudah pak jgn dipersulit,Negatif,,,2026-02-25 19:46:39.483484+00:00,2-12,Lainnya,Institusi (Bapenda/Samsat),Lainnya/Jateng
387,1,,TikTok,nih ya...di propinsi saya...klu perpanjang harus ada KTP pemilik utama. lah gw beli motor bekas...itu ttp harus ada...klu ga ada nembak katanya...atau calo😂,Negatif,,,2026-02-25 19:46:39.483484+00:00,6 h yang lalu,Lainnya,Gubernur,Lainnya/Jateng
66,1,,TikTok,"jaman udah maju masih aja nanya ktp pemilik pertama,harusnya pake Stnk asli aja cukup",Negatif,,,2026-02-25 19:46:39.483484+00:00,5 h yang lalu,Lainnya,Lainnya,Pekalongan/Pantura (G)
2986,3,,Instagram,Sampean nek di santet weteng e tak iseni kertas stnk purun?,Negatif,,,2026-02-25 19:46:39.483484+00:00,Sampean nek di santet weteng e tak iseni kertas stnk purun?,Lainnya,Gubernur,Lainnya/Jateng
3412,3,,Instagram,Ktp wonge podo wae kudu bayar 100rb mergo alamat omahe wes bedo la kui wonge podo lo aneh tenan,Negatif,,,2026-02-25 19:46:39.483484+00:00,Ktp wonge podo wae kudu bayar 100rb mergo alamat omahe wes bedo la kui wonge podo lo aneh tenan,Lainnya,Gubernur,Lainnya/Jateng
1880,1,,TikTok,termasuk tinggi sy di kapuas hulu sj th 24 perpanjangan STNK byr 250 kurang..,Negatif,,,2026-02-25 19:46:39.483484+00:00,2-12,Lainnya,Lainnya,Lainnya/Jateng
2011,1,,TikTok,"telat pelayanan ada hukumnya ngga pak?
masyarakat diperes wae",Negatif,,,2026-02-25 19:46:39.483484+00:00,2-12,Lainnya,Lainnya,Lainnya/Jateng
2319,1,,TikTok,persyaratan yng sulit kenapa hrus pakai ktp,Negatif,,,2026-02-25 19:46:39.483484+00:00,2-12,Lainnya,Lainnya,Solo Raya (AD)
2247,1,,TikTok,untung motorku plat Jawa barat...😁,Negatif,,,2026-02-25 19:46:39.483484+00:00,2-12,Lainnya,Lainnya,Lainnya/Jateng
2480,1,,TikTok,"Karena Calok sekarang sudah punya ijin resmi, ganti nama biro jasa",Negatif,,,2026-02-25 19:46:39.483484+00:00,2-12,Lainnya,Lainnya,Lainnya/Jateng
3158,3,,Instagram,kualitas pelayanan opo sing wes tok tingkatne?,Negatif,,,2026-02-25 19:46:39.483484+00:00,kualitas pelayanan opo sing wes tok tingkatne?,Lainnya,Lainnya,Lainnya/Jateng
2205,1,,TikTok,kalo bikin rakyat ribet mundur ae ..,Negatif,,,2026-02-25 19:46:39.483484+00:00,2-12,Beban Ekonomi,Nasib Rakyat / Kesejahteraan,Lainnya/Jateng
3417,3,,Instagram,Meh mutasi plat T nang G malah males wkwkwk,Negatif,,,2026-02-25 19:46:39.483484+00:00,Meh mutasi plat T nang G malah males wkwkwk,Lainnya,Lainnya,Lainnya/Jateng
1322,1,,TikTok,ngomong apa kueee ora mikir pembangun tapi mikir pendapatan tok,Negatif,,,2026-02-25 19:46:39.483484+00:00,2-12,Kekecewaan Politik,Lainnya,Lainnya/Jateng
1452,1,,TikTok,"Dobol ,sala em mboh pilih",Negatif,,,2026-02-25 19:46:39.483484+00:00,2-12,Kekecewaan Politik,Gubernur,Lainnya/Jateng
1531,1,,TikTok,ngertio ndisik ora tak pilih. . .😏,Negatif,,,2026-02-25 19:46:39.483484+00:00,2-12,Kekecewaan Politik,Gubernur,Lainnya/Jateng
2897,2,,TikTok,yg jelas masarakat pengin sejahtra kaya janji lutfi waktu kampanya😇😇😇,Negatif,,,2026-02-25 19:46:39.483484+00:00,1 h yang lalu,Kekecewaan Politik,Gubernur,Lainnya/Jateng
511,1,,TikTok,untung ga milih dia udah ga enakk duluan udah piling..,Negatif,,,2026-02-25 19:46:39.483484+00:00,2-12,Kekecewaan Politik,Gubernur,Lainnya/Jateng
1109,1,,TikTok,kecewa milih bpak,Negatif,,,2026-02-25 19:46:39.483484+00:00,2-13,Kekecewaan Politik,Gubernur,Lainnya/Jateng
69,1,,TikTok,korban salah coblos pilkada,Negatif,,,2026-02-25 19:46:39.483484+00:00,2-12,Kekecewaan Politik,Gubernur,Lainnya/Jateng
1318,1,,TikTok,selamat menikmati pilihanmu,Negatif,,,2026-02-25 19:46:39.483484+00:00,2-12,Kekecewaan Politik,Gubernur,Lainnya/Jateng
2461,1,,TikTok,Meg Bayar Malah DperSulit...Harus bw KTP tngn prtma.😇😇😇,Negatif,,,2026-02-25 19:46:39.483484+00:00,2-12,Lainnya,Institusi (Bapenda/Samsat),Lainnya/Jateng
2942,3,,Instagram,MINTA TOLONG SATU AJA.  KALAU MASYARAKAT GAK BISA BAYAR TANPA KTP ASLI PEMILIK YG TERCATAT DI SURAT MOTOR. HARUSNYA CALO JUGA GAK BISA.............,Negatif,,,2026-02-25 19:46:39.483484+00:00,MINTA TOLONG SATU AJA.  KALAU MASYARAKAT GAK BISA BAYAR TANPA KTP ASLI PEMILIK YG TERCATAT DI SURAT MOTOR. HARUSNYA CALO JUGA GAK BISA.............,Lainnya,Institusi (Bapenda/Samsat),Lainnya/Jateng
3140,3,,Instagram,Kalau plastik tempat STNK gratis apa bayar?,Negatif,,,2026-02-25 19:46:39.483484+00:00,Kalau plastik tempat STNK gratis apa bayar?,Lainnya,Institusi (Bapenda/Samsat),Lainnya/Jateng
3676,3,,Instagram,"Pokok.e ora tak bayar, meh mbuk persulit urusan yo elah. Suk kuwe2 do dipersulit wayah hisab 😂",Negatif,,,2026-02-25 19:46:39.483484+00:00,"Pokok.e ora tak bayar, meh mbuk persulit urusan yo elah. Suk kuwe2 do dipersulit wayah hisab 😂",Lainnya,Institusi (Bapenda/Samsat),Lainnya/Jateng
3452,3,,Instagram,Ubtung gue motor plat jabar😂,Negatif,,,2026-02-25 19:46:39.483484+00:00,Ubtung gue motor plat jabar😂,Lainnya,Pemerintahan,Lainnya/Jateng
2412,1,,TikTok,sy punya motor Plat B Mau mbayar di purwodadi harus bawa ktp asli.,Negatif,,,2026-02-25 19:46:39.483484+00:00,2-12,Lainnya,Institusi (Bapenda/Samsat),Pati/Muria (K)
1276,1,,TikTok,"yo mugo2 wae iso bayar pak,,, yen ra iso, sepura ne yo,,, luwih pilih tak nggo mangan ro anak bojo ku,,,",Negatif,,,2026-02-25 19:46:39.483484+00:00,2-12,Kekecewaan Politik,Gubernur,Pekalongan/Pantura (G)
2976,3,,Instagram,Heleh,Negatif,,,2026-02-25 19:46:39.483484+00:00,Heleh,Lainnya,Lainnya,Lainnya/Jateng
3013,3,,Instagram,Bosok,Negatif,,,2026-02-25 19:46:39.483484+00:00,Bosok,Lainnya,Lainnya,Lainnya/Jateng
3060,3,,Instagram,Prek,Negatif,,,2026-02-25 19:46:39.483484+00:00,Prek,Lainnya,Lainnya,Lainnya/Jateng
3322,3,,Instagram,Kacau,Negatif,,,2026-02-25 19:46:39.483484+00:00,Kacau,Lainnya,Lainnya,Lainnya/Jateng
3513,3,,Instagram,Tau ah..,Negatif,,,2026-02-25 19:46:39.483484+00:00,Tau ah..,Lainnya,Lainnya,Lainnya/Jateng
1378,1,,TikTok,preeet lah,Negatif,,,2026-02-25 19:46:39.483484+00:00,2-12,Lainnya,Lainnya,Lainnya/Jateng
57,1,,TikTok,dapt insetip milyaran bolo,Negatif,,,2026-02-25 19:46:39.483484+00:00,4 h yang lalu,Lainnya,Lainnya,Lainnya/Jateng
1022,1,,TikTok,di demo wae,Negatif,,,2026-02-25 19:46:39.483484+00:00,1 m yang lalu,Lainnya,Lainnya,Lainnya/Jateng
1143,1,,TikTok,"ngopeni, nglakoni ........?",Negatif,,,2026-02-25 19:46:39.483484+00:00,1 m yang lalu,Lainnya,Gubernur,Lainnya/Jateng
1023,1,,TikTok,"aturane ganti pak,",Negatif,,,2026-02-25 19:46:39.483484+00:00,1 m yang lalu,Lainnya,Pemerintahan,Lainnya/Jateng
208,1,,TikTok,"wkwkwkwk yang taat di sikat...
yang gak bayar ketawa2",Negatif,,,2026-02-25 19:46:39.483484+00:00,2 h yang lalu,Lainnya,Institusi (Bapenda/Samsat),Lainnya/Jateng
3291,3,,Instagram,tolong di audit,Negatif,,,2026-02-25 19:46:39.483484+00:00,tolong di audit,Lainnya,Pemerintahan,Lainnya/Jateng
500,1,,TikTok,ternyata salah pilih.,Negatif,,,2026-02-25 19:46:39.483484+00:00,2-12,Kekecewaan Politik,Gubernur,Lainnya/Jateng
523,1,,TikTok,gw waktu itu pilih pak andika,Negatif,,,2026-02-25 19:46:39.483484+00:00,2-12,Kekecewaan Politik,Gubernur,Lainnya/Jateng
24,1,,TikTok,"Karepmu pakk ,, penting akuu gelo milehh koe ,,😭😭",Negatif,,,2026-02-25 19:46:39.483484+00:00,2-12,Lainnya,Gubernur,Lainnya/Jateng
39,1,,TikTok,. aku gelo milih koe.. satu perode sdh kelamaan. ..,Negatif,,,2026-02-25 19:46:39.483484+00:00,2-12,Lainnya,Gubernur,Lainnya/Jateng
20,1,,TikTok,Aku ora milih tapi kena dampaknya,Negatif,,,2026-02-25 19:46:39.483484+00:00,2-12,Lainnya,Gubernur,Lainnya/Jateng
76,1,,TikTok,kok yo do milih yo. rung do reti po pie kwalitas kerjane coklat,Negatif,,,2026-02-25 19:46:39.483484+00:00,6 h yang lalu,Lainnya,Gubernur,Lainnya/Jateng
16,1,,TikTok,kesejahteraan masyarakat itu harus lebih tinggi di atas aturan,Negatif,,,2026-02-25 19:46:39.483484+00:00,2 h yang lalu,Lainnya,Pemerintahan,Lainnya/Jateng
22,1,,TikTok,aturan kan bisa dirubah!!!,Negatif,,,2026-02-25 19:46:39.483484+00:00,2 h yang lalu,Lainnya,Pemerintahan,Lainnya/Jateng
34,1,,TikTok,aturan hanya memberatkan ratyat..,Negatif,,,2026-02-25 19:46:39.483484+00:00,2 h yang lalu,Lainnya,Pemerintahan,Lainnya/Jateng
83,1,,TikTok,ura sudi mbayar,Negatif,,,2026-02-25 19:46:39.483484+00:00,2-12,Lainnya,Institusi (Bapenda/Samsat),Lainnya/Jateng
36,1,,TikTok,TUNGGU WAKTU DI DEMO BESAR BESARAN,Negatif,,,2026-02-25 19:46:39.483484+00:00,2-12,Lainnya,Lainnya,Lainnya/Jateng
11,1,,TikTok,kapan demo,Negatif,,,2026-02-25 19:46:39.483484+00:00,2-12,Lainnya,Lainnya,Lainnya/Jateng
32,1,,TikTok,"ora mikiri pajeg, mikir ndas be mumet",Negatif,,,2026-02-25 19:46:39.483484+00:00,4 h yang lalu,Lainnya,Lainnya,Lainnya/Jateng
71,1,,TikTok,busettt,Negatif,,,2026-02-25 19:46:39.483484+00:00,2 h yang lalu,Lainnya,Lainnya,Lainnya/Jateng
81,1,,TikTok,prettt.. dadi melarate wargane..,Negatif,,,2026-02-25 19:46:39.483484+00:00,2-12,Lainnya,Lainnya,Lainnya/Jateng
88,1,,TikTok,pak jenengan masih punya tanggungan pas pemilu,Negatif,,,2026-02-25 19:46:39.483484+00:00,1 h yang lalu,Lainnya,Lainnya,Lainnya/Jateng
89,1,,TikTok,T4ek..... T4ek.....,Negatif,,,2026-02-25 19:46:39.483484+00:00,20 j yang lalu,Lainnya,Lainnya,Lainnya/Jateng
92,1,,TikTok,turunkan itu gaji2 anggota DPR,Negatif,,,2026-02-25 19:46:39.483484+00:00,18 j yang lalu,Lainnya,Lainnya,Lainnya/Jateng
93,1,,TikTok,untunge q ora nyoblos kw,Negatif,,,2026-02-25 19:46:39.483484+00:00,1 h yang lalu,Lainnya,Lainnya,Lainnya/Jateng
102,1,,TikTok,kapan demo iki,Negatif,,,2026-02-25 19:46:39.483484+00:00,2-12,Lainnya,Lainnya,Lainnya/Jateng
107,1,,TikTok,gedabrus tok jebule,Negatif,,,2026-02-25 19:46:39.483484+00:00,2-12,Lainnya,Lainnya,Lainnya/Jateng
110,1,,TikTok,Demo yuk bareng..,Negatif,,,2026-02-25 19:46:39.483484+00:00,2-12,Lainnya,Lainnya,Lainnya/Jateng
114,1,,TikTok,"wes hoppp ,,
cukup 1 periode wae bos.",Negatif,,,2026-02-25 19:46:39.483484+00:00,1 m yang lalu,Lainnya,Lainnya,Lainnya/Jateng
127,1,,TikTok,ENDONESA BEGINI AMAT🤣,Negatif,,,2026-02-25 19:46:39.483484+00:00,2-13,Lainnya,Lainnya,Lainnya/Jateng
129,1,,TikTok,pinter omng 😂😂 krjo ne ra ono,Negatif,,,2026-02-25 19:46:39.483484+00:00,2-12,Lainnya,Lainnya,Lainnya/Jateng
95,1,,TikTok,aturan buatmu sendiri aja,Negatif,,,2026-02-25 19:46:39.483484+00:00,1 h yang lalu,Lainnya,Pemerintahan,Lainnya/Jateng
136,1,,TikTok,"preeettt
nggedabruss waeee🤣",Negatif,,,2026-02-25 19:46:39.483484+00:00,2-12,Lainnya,Lainnya,Lainnya/Jateng
137,1,,TikTok,fungsi peraturan di persulit biar memuluskan praktik pungli,Negatif,,,2026-02-25 19:46:39.483484+00:00,2-12,Lainnya,Pemerintahan,Lainnya/Jateng
139,1,,TikTok,dampak nya kita semua di bodohi,Negatif,,,2026-02-25 19:46:39.483484+00:00,2-12,Lainnya,Lainnya,Lainnya/Jateng
153,1,,TikTok,contoh Jawa barat blokkk,Negatif,,,2026-02-25 19:46:39.483484+00:00,1 m yang lalu,Lainnya,Lainnya,Lainnya/Jateng
134,1,,TikTok,Coba sekali kali bikin kebijakan yang menguntungkan rakyat pak itu baru pemimpin yang 👍,Negatif,,,2026-02-25 19:46:39.483484+00:00,2-12,Beban Ekonomi,Nasib Rakyat / Kesejahteraan,Lainnya/Jateng
150,1,,TikTok,"habis kemana aja bapak ☺️☺️☺️AFK mulu, sekali online bikin kebijakan gk pro sama rakyat",Negatif,,,2026-02-25 19:46:39.483484+00:00,6 h yang lalu,Beban Ekonomi,Nasib Rakyat / Kesejahteraan,Pekalongan/Pantura (G)
155,1,,TikTok,dasarnya sekolah dasar.. dasarnya yo nurani dan kebijakan apalagi mau lebaran,Negatif,,,2026-02-25 19:46:39.483484+00:00,1 m yang lalu,Lainnya,Lainnya,Lainnya/Jateng
156,1,,TikTok,berkah tidaknya gajimu akan kembali ke anak2mu....,Negatif,,,2026-02-25 19:46:39.483484+00:00,2-13,Lainnya,Lainnya,Lainnya/Jateng
157,1,,TikTok,"kakean teori, praktek nol besar",Negatif,,,2026-02-25 19:46:39.483484+00:00,2-13,Lainnya,Lainnya,Lainnya/Jateng
242,1,,TikTok,UU harus disesuaikan keadaan rakyat.....,Negatif,,,2026-02-25 19:46:39.483484+00:00,3 h yang lalu,Beban Ekonomi,Nasib Rakyat / Kesejahteraan,Lainnya/Jateng
244,1,,TikTok,kalo blm bs nyenengin rakyat y minimal jgn nyekek rkyat nya dong pak 😏,Negatif,,,2026-02-25 19:46:39.483484+00:00,3 h yang lalu,Beban Ekonomi,Nasib Rakyat / Kesejahteraan,Lainnya/Jateng
220,1,,TikTok,yg di hitung cuma piutang daerah saja??coba di hitung yg di koropsi para petinggi to pak??jgan masyarakat trus yg jd korbanya,Negatif,,,2026-02-25 19:46:39.483484+00:00,2 h yang lalu,Lainnya,Nasib Rakyat / Kesejahteraan,Lainnya/Jateng
236,1,,TikTok,hidup andika perkasa,Negatif,,,2026-02-25 19:46:39.483484+00:00,3 h yang lalu,Lainnya,Nasib Rakyat / Kesejahteraan,Lainnya/Jateng
240,1,,TikTok,yang seperti itu harus turun kalau bisa paksa enggak ada gunanya malah nyusahin beda sama jabar sekarang sudah keren,Negatif,,,2026-02-25 19:46:39.483484+00:00,3 h yang lalu,Lainnya,Pemerintahan,Lainnya/Jateng
221,1,,TikTok,dasar insentif po ijehbkurang,Negatif,,,2026-02-25 19:46:39.483484+00:00,2 h yang lalu,Lainnya,Lainnya,Lainnya/Jateng
222,1,,TikTok,blas Ra Nyeni blas,Negatif,,,2026-02-25 19:46:39.483484+00:00,2 h yang lalu,Lainnya,Lainnya,Lainnya/Jateng
223,1,,TikTok,bisa di ganti GK sih orang ini?,Negatif,,,2026-02-25 19:46:39.483484+00:00,2 h yang lalu,Lainnya,Lainnya,Lainnya/Jateng
227,1,,TikTok,bapak bapak ini siapa sih ?,Negatif,,,2026-02-25 19:46:39.483484+00:00,2 h yang lalu,Lainnya,Lainnya,Lainnya/Jateng
243,1,,TikTok,anak buah Konoha,Negatif,,,2026-02-25 19:46:39.483484+00:00,3 h yang lalu,Lainnya,Lainnya,Lainnya/Jateng
245,1,,TikTok,ngapain di dengerin 😏😏,Negatif,,,2026-02-25 19:46:39.483484+00:00,3 h yang lalu,Lainnya,Lainnya,Lainnya/Jateng
382,1,,TikTok,aku sg ra mileh melu keno dampak e🗿🗿,Negatif,,,2026-02-25 19:46:39.483484+00:00,6 h yang lalu,Lainnya,Gubernur,Lainnya/Jateng
325,1,,TikTok,ini siapa sih yang milih..? heran gw,Negatif,,,2026-02-25 19:46:39.483484+00:00,5 h yang lalu,Lainnya,Gubernur,Lainnya/Jateng
350,1,,TikTok,ra milih kui,Negatif,,,2026-02-25 19:46:39.483484+00:00,6 h yang lalu,Lainnya,Gubernur,Lainnya/Jateng
299,1,,TikTok,darsarnya morotin rakyat,Negatif,,,2026-02-25 19:46:39.483484+00:00,4 h yang lalu,Beban Ekonomi,Nasib Rakyat / Kesejahteraan,Lainnya/Jateng
320,1,,TikTok,DASAR AKAN KORUPSI bos,Negatif,,,2026-02-25 19:46:39.483484+00:00,5 h yang lalu,Lainnya,Pemerintahan,Lainnya/Jateng
294,1,,TikTok,Edan,Negatif,,,2026-02-25 19:46:39.483484+00:00,4 h yang lalu,Lainnya,Lainnya,Lainnya/Jateng
298,1,,TikTok,Terlalu Banyak... Prettt,Negatif,,,2026-02-25 19:46:39.483484+00:00,4 h yang lalu,Lainnya,Lainnya,Lainnya/Jateng
301,1,,TikTok,pak sekalian di undakke 1000% nanggung mung 66% tok.,Negatif,,,2026-02-25 19:46:39.483484+00:00,4 h yang lalu,Lainnya,Lainnya,Lainnya/Jateng
312,1,,TikTok,cilor mau cilor,Negatif,,,2026-02-25 19:46:39.483484+00:00,5 h yang lalu,Lainnya,Lainnya,Lainnya/Jateng
313,1,,TikTok,Aturen pak aturen,Negatif,,,2026-02-25 19:46:39.483484+00:00,5 h yang lalu,Lainnya,Lainnya,Lainnya/Jateng
315,1,,TikTok,hama,Negatif,,,2026-02-25 19:46:39.483484+00:00,5 h yang lalu,Lainnya,Lainnya,Lainnya/Jateng
317,1,,TikTok,raiso kerjo,Negatif,,,2026-02-25 19:46:39.483484+00:00,5 h yang lalu,Lainnya,Lainnya,Lainnya/Jateng
324,1,,TikTok,Termul,Negatif,,,2026-02-25 19:46:39.483484+00:00,5 h yang lalu,Lainnya,Lainnya,Lainnya/Jateng
329,1,,TikTok,"Jawa Tengah harus di pecah jadi 2 , Jawa Utara dan Jawa Selatan",Negatif,,,2026-02-25 19:46:39.483484+00:00,5 h yang lalu,Lainnya,Lainnya,Lainnya/Jateng
335,1,,TikTok,dacuk kmeran aku pjk cb ku aj cma tlt 11bln smpy 1jt850rb,Negatif,,,2026-02-25 19:46:39.483484+00:00,5 h yang lalu,Lainnya,Lainnya,Lainnya/Jateng
410,1,,TikTok,masih mau milih ini lagi kah yo😁😁,Negatif,,,2026-02-25 19:46:39.483484+00:00,6 h yang lalu,Lainnya,Gubernur,Lainnya/Jateng
420,1,,TikTok,aku gak milih tp terdampak,Negatif,,,2026-02-25 19:46:39.483484+00:00,6 h yang lalu,Lainnya,Gubernur,Lainnya/Jateng
413,1,,TikTok,"jangan bayar, tidak pro rakyat
tidak mensejahterakan, malah memberatkan rakyat",Negatif,,,2026-02-25 19:46:39.483484+00:00,6 h yang lalu,Beban Ekonomi,Nasib Rakyat / Kesejahteraan,Lainnya/Jateng
445,1,,TikTok,tapi rakyate sengsara pak ?. nyontoh Jabar ki lo .,Negatif,,,2026-02-25 19:46:39.483484+00:00,2-12,Beban Ekonomi,Nasib Rakyat / Kesejahteraan,Lainnya/Jateng
425,1,,TikTok,hidup.KDM,Negatif,,,2026-02-25 19:46:39.483484+00:00,6 h yang lalu,Lainnya,Nasib Rakyat / Kesejahteraan,Lainnya/Jateng
434,1,,TikTok,dalene Ora Alus Wek kalah Karo jabar,Negatif,,,2026-02-25 19:46:39.483484+00:00,2-13,Lainnya,Pemerintahan,Lainnya/Jateng
440,1,,TikTok,titipan Mulyono 😂😂😂,Negatif,,,2026-02-25 19:46:39.483484+00:00,2-12,Lainnya,Lainnya,Lainnya/Jateng
446,1,,TikTok,siap demo sambo,Negatif,,,2026-02-25 19:46:39.483484+00:00,2-12,Lainnya,Lainnya,Lainnya/Jateng
418,1,,TikTok,kangen kerjone pak ganjar,Negatif,,,2026-02-25 19:46:39.483484+00:00,6 h yang lalu,Lainnya,Lainnya,Lainnya/Jateng
423,1,,TikTok,demo mn demo lesu🤣🤣🤣🤣🤣,Negatif,,,2026-02-25 19:46:39.483484+00:00,6 h yang lalu,Lainnya,Lainnya,Lainnya/Jateng
452,1,,TikTok,sambo,Negatif,,,2026-02-25 19:46:39.483484+00:00,2-12,Lainnya,Lainnya,Lainnya/Jateng
422,1,,TikTok,karepmu. sing gawe aturan ya Rika lik,Negatif,,,2026-02-25 19:46:39.483484+00:00,6 h yang lalu,Lainnya,Pemerintahan,Banyumas/Barat (R)
442,1,,TikTok,gedabrus Ganjar egak,Negatif,,,2026-02-25 19:46:39.483484+00:00,2-12,Lainnya,Lainnya,Lainnya/Jateng
456,1,,TikTok,huammmm nyam nyam,Negatif,,,2026-02-25 19:46:39.483484+00:00,2-12,Lainnya,Lainnya,Lainnya/Jateng
508,1,,TikTok,Aturan gk jelas,Negatif,,,2026-02-25 19:46:39.483484+00:00,2-12,Lainnya,Pemerintahan,Lainnya/Jateng
612,1,,TikTok,d kasih Rambo milih sambohhh,Negatif,,,2026-02-25 19:46:39.483484+00:00,2-13,Lainnya,Gubernur,Lainnya/Jateng
521,1,,TikTok,pak bayar wae angel men ah,Negatif,,,2026-02-25 19:46:39.483484+00:00,2-12,Lainnya,Institusi (Bapenda/Samsat),Lainnya/Jateng
505,1,,TikTok,sng mbok pletet kok masyarakat wae..,Negatif,,,2026-02-25 19:46:39.483484+00:00,2-12,Lainnya,Lainnya,Solo Raya (AD)
514,1,,TikTok,piye seng do milih gelo po rak kie..,Negatif,,,2026-02-25 19:46:39.483484+00:00,2-12,Lainnya,Gubernur,Lainnya/Jateng
501,1,,TikTok,voc versi..?,Negatif,,,2026-02-25 19:46:39.483484+00:00,2-12,Lainnya,Lainnya,Lainnya/Jateng
509,1,,TikTok,ngrepoti ngruweti,Negatif,,,2026-02-25 19:46:39.483484+00:00,2-12,Lainnya,Lainnya,Lainnya/Jateng
510,1,,TikTok,mlah raceto,Negatif,,,2026-02-25 19:46:39.483484+00:00,2-12,Lainnya,Lainnya,Lainnya/Jateng
512,1,,TikTok,GE sangu karaoke gaes,Negatif,,,2026-02-25 19:46:39.483484+00:00,2-12,Lainnya,Lainnya,Lainnya/Jateng
517,1,,TikTok,😂😂😂,Negatif,,,2026-02-25 19:46:39.483484+00:00,2-12,Lainnya,Lainnya,Lainnya/Jateng
519,1,,TikTok,nunggu pemutihan,Negatif,,,2026-02-25 19:46:39.483484+00:00,2-12,Lainnya,Lainnya,Lainnya/Jateng
527,1,,TikTok,Karepmu pak,Negatif,,,2026-02-25 19:46:39.483484+00:00,2-12,Lainnya,Lainnya,Lainnya/Jateng
614,1,,TikTok,karepmu😁sing penting pejabatnya senang,Negatif,,,2026-02-25 19:46:39.483484+00:00,2-13,Lainnya,Pemerintahan,Lainnya/Jateng
620,1,,TikTok,ganti pak dedi mulyadi Jawa Tengah makmur😂,Negatif,,,2026-02-25 19:46:39.483484+00:00,2-13,Lainnya,Lainnya,Lainnya/Jateng
696,1,,TikTok,untung aku ra mileh wong iki,Negatif,,,2026-02-25 19:46:39.483484+00:00,2-12,Lainnya,Gubernur,Lainnya/Jateng
619,1,,TikTok,sing gawe aturan sopo,Negatif,,,2026-02-25 19:46:39.483484+00:00,2-12,Lainnya,Pemerintahan,Lainnya/Jateng
615,1,,TikTok,seng utang sopo seng kon bayar sopo😂,Negatif,,,2026-02-25 19:46:39.483484+00:00,2-13,Lainnya,Nasib Rakyat / Kesejahteraan,Lainnya/Jateng
644,1,,TikTok,maaf pak ente tau arti piutang gak pak ?,Negatif,,,2026-02-25 19:46:39.483484+00:00,2-12,Lainnya,Nasib Rakyat / Kesejahteraan,Lainnya/Jateng
626,1,,TikTok,pimpine seprti itu gk bkln maju jawa tengah,Negatif,,,2026-02-25 19:46:39.483484+00:00,2-13,Lainnya,Lainnya,Lainnya/Jateng
627,1,,TikTok,bad government,Negatif,,,2026-02-25 19:46:39.483484+00:00,2-13,Lainnya,Lainnya,Lainnya/Jateng
755,1,,TikTok,diomngi kon abang,Negatif,,,2026-02-25 19:46:39.483484+00:00,2-12,Lainnya,Lainnya,Lainnya/Jateng
631,1,,TikTok,do you no kofet?,Negatif,,,2026-02-25 19:46:39.483484+00:00,2-12,Lainnya,Lainnya,Lainnya/Jateng
633,1,,TikTok,horeeeeee😅😅😅,Negatif,,,2026-02-25 19:46:39.483484+00:00,2-12,Lainnya,Lainnya,Lainnya/Jateng
635,1,,TikTok,dasar opo rek terusno dewe???,Negatif,,,2026-02-25 19:46:39.483484+00:00,2-12,Lainnya,Lainnya,Lainnya/Jateng
638,1,,TikTok,"setuju bngt rame""turunkan",Negatif,,,2026-02-25 19:46:39.483484+00:00,2-12,Lainnya,Lainnya,Lainnya/Jateng
744,1,,TikTok,piee kabare sek mileh wongee ?? 😂😂,Negatif,,,2026-02-25 19:46:39.483484+00:00,2-12,Lainnya,Gubernur,Lainnya/Jateng
790,1,,TikTok,seng mileh raine sopo gek’an,Negatif,,,2026-02-25 19:46:39.483484+00:00,6 h yang lalu,Lainnya,Gubernur,Lainnya/Jateng
752,1,,TikTok,"la nek do rak mampu mbayar, kan Yo mumet to pak jajaran..",Negatif,,,2026-02-25 19:46:39.483484+00:00,2-12,Lainnya,Institusi (Bapenda/Samsat),Lainnya/Jateng
767,1,,TikTok,ogah bayar,Negatif,,,2026-02-25 19:46:39.483484+00:00,2-12,Lainnya,Institusi (Bapenda/Samsat),Lainnya/Jateng
737,1,,TikTok,Loos mogok byr pkb.,Negatif,,,2026-02-25 19:46:39.483484+00:00,2-12,Lainnya,Lainnya,Lainnya/Jateng
738,1,,TikTok,hallo gaes😂,Negatif,,,2026-02-25 19:46:39.483484+00:00,2-12,Lainnya,Lainnya,Lainnya/Jateng
741,1,,TikTok,ikut demo,Negatif,,,2026-02-25 19:46:39.483484+00:00,2-12,Lainnya,Lainnya,Lainnya/Jateng
746,1,,TikTok,salahe di persulit,Negatif,,,2026-02-25 19:46:39.483484+00:00,2-12,Lainnya,Lainnya,Lainnya/Jateng
748,1,,TikTok,terburuk dalam sejarah,Negatif,,,2026-02-25 19:46:39.483484+00:00,2-12,Lainnya,Lainnya,Lainnya/Jateng
749,1,,TikTok,Podo ruwet,Negatif,,,2026-02-25 19:46:39.483484+00:00,2-12,Lainnya,Lainnya,Lainnya/Jateng
759,1,,TikTok,preeet lh,Negatif,,,2026-02-25 19:46:39.483484+00:00,2-12,Lainnya,Lainnya,Lainnya/Jateng
766,1,,TikTok,miris,Negatif,,,2026-02-25 19:46:39.483484+00:00,2-12,Lainnya,Lainnya,Lainnya/Jateng
840,1,,TikTok,aku ura mileh keno dampak e,Negatif,,,2026-02-25 19:46:39.483484+00:00,2-13,Lainnya,Gubernur,Lainnya/Jateng
965,1,,TikTok,lha Yo maune sing mileh sopo .. wong kulino nyekel bedel dikon mimpin rakyat,Negatif,,,2026-02-25 19:46:39.483484+00:00,2-13,Beban Ekonomi,Gubernur,Lainnya/Jateng
852,1,,TikTok,anak buah buk sri,Negatif,,,2026-02-25 19:46:39.483484+00:00,2-13,Lainnya,Lainnya,Lainnya/Jateng
857,1,,TikTok,"sadewo jilid 2 wkwkw
para pendukung ya cb donk berteriak mau tau aj apakah kebijakan ini untuk anda semuanya baik atau tidak nya",Negatif,,,2026-02-25 19:46:39.483484+00:00,2-13,Lainnya,Gubernur,Lainnya/Jateng
868,1,,TikTok,"GAGAL PIMPIN MNDING GANTI AJA,,RAKYAT SMAKIN MNDERITA",Negatif,,,2026-02-25 19:46:39.483484+00:00,2-13,Beban Ekonomi,Nasib Rakyat / Kesejahteraan,Lainnya/Jateng
861,1,,TikTok,nyenyenyeeeeeee,Negatif,,,2026-02-25 19:46:39.483484+00:00,2-13,Lainnya,Lainnya,Lainnya/Jateng
962,1,,TikTok,cukup sekali saja pak.....getun tenan!!!!!,Negatif,,,2026-02-25 19:46:39.483484+00:00,2-13,Lainnya,Gubernur,Lainnya/Jateng
865,1,,TikTok,"Aku ora mileh njenengan beh jengkel, opo maneh sing mileh ya😂😭",Negatif,,,2026-02-25 19:46:39.483484+00:00,2-13,Lainnya,Gubernur,Pekalongan/Pantura (G)
862,1,,TikTok,demo wae lh ra ksuenn,Negatif,,,2026-02-25 19:46:39.483484+00:00,2-13,Lainnya,Lainnya,Lainnya/Jateng
870,1,,TikTok,gedablus,Negatif,,,2026-02-25 19:46:39.483484+00:00,2-13,Lainnya,Lainnya,Lainnya/Jateng
872,1,,TikTok,golek pulihan .....,Negatif,,,2026-02-25 19:46:39.483484+00:00,2-13,Lainnya,Lainnya,Lainnya/Jateng
883,1,,TikTok,Garong..,Negatif,,,2026-02-25 19:46:39.483484+00:00,2-13,Lainnya,Lainnya,Lainnya/Jateng
885,1,,TikTok,wuoopooo kui..,Negatif,,,2026-02-25 19:46:39.483484+00:00,2-13,Lainnya,Lainnya,Lainnya/Jateng
889,1,,TikTok,pakk😭,Negatif,,,2026-02-25 19:46:39.483484+00:00,2-13,Lainnya,Lainnya,Lainnya/Jateng
891,1,,TikTok,Nekek,Negatif,,,2026-02-25 19:46:39.483484+00:00,2-13,Lainnya,Lainnya,Lainnya/Jateng
975,1,,TikTok,ancen meres rakyat iki,Negatif,,,2026-02-25 19:46:39.483484+00:00,2-13,Beban Ekonomi,Nasib Rakyat / Kesejahteraan,Lainnya/Jateng
978,1,,TikTok,utang ke siapa?,Negatif,,,2026-02-25 19:46:39.483484+00:00,2-13,Lainnya,Nasib Rakyat / Kesejahteraan,Lainnya/Jateng
976,1,,TikTok,"alesan
padahal di korup",Negatif,,,2026-02-25 19:46:39.483484+00:00,2-13,Lainnya,Pemerintahan,Lainnya/Jateng
987,1,,TikTok,kangen jamane pak Ganjar 🥺,Negatif,,,2026-02-25 19:46:39.483484+00:00,2-13,Lainnya,Lainnya,Pekalongan/Pantura (G)
973,1,,TikTok,nek weruh wong kui,Negatif,,,2026-02-25 19:46:39.483484+00:00,2-13,Lainnya,Lainnya,Lainnya/Jateng
977,1,,TikTok,"dasare di gawe² Dewe PK
wong buruh ngene Iki yo GK mau tau pk",Negatif,,,2026-02-25 19:46:39.483484+00:00,2-13,Lainnya,Lainnya,Lainnya/Jateng
981,1,,TikTok,AJUR WARGANE,Negatif,,,2026-02-25 19:46:39.483484+00:00,2-13,Lainnya,Lainnya,Lainnya/Jateng
983,1,,TikTok,aswa aswa,Negatif,,,2026-02-25 19:46:39.483484+00:00,2-13,Lainnya,Lainnya,Lainnya/Jateng
985,1,,TikTok,hayo,Negatif,,,2026-02-25 19:46:39.483484+00:00,2-13,Lainnya,Lainnya,Lainnya/Jateng
986,1,,TikTok,"lawak lawak ya,,,",Negatif,,,2026-02-25 19:46:39.483484+00:00,2-13,Lainnya,Lainnya,Lainnya/Jateng
996,1,,TikTok,kancane sudewo,Negatif,,,2026-02-25 19:46:39.483484+00:00,2-13,Lainnya,Lainnya,Lainnya/Jateng
1177,1,,TikTok,pak sampean turun wae👍,Negatif,,,2026-02-25 19:46:39.483484+00:00,2-12,Lainnya,Gubernur,Lainnya/Jateng
1119,1,,TikTok,salah memilih,Negatif,,,2026-02-25 19:46:39.483484+00:00,1 m yang lalu,Lainnya,Gubernur,Lainnya/Jateng
1116,1,,TikTok,iku ta SG mbiyen jare ngopeni lan ngayomi,Negatif,,,2026-02-25 19:46:39.483484+00:00,1 m yang lalu,Lainnya,Gubernur,Lainnya/Jateng
1094,1,,TikTok,aturan bisa di bayar pk,Negatif,,,2026-02-25 19:46:39.483484+00:00,1 m yang lalu,Lainnya,Pemerintahan,Lainnya/Jateng
1083,1,,TikTok,vt A1 apa reallestet😂😂😂 kok gini y,Negatif,,,2026-02-25 19:46:39.483484+00:00,2-13,Lainnya,Lainnya,Lainnya/Jateng
1090,1,,TikTok,"Trobosan nya bukan menyenangkan
Tp Malah Memberatkan...
#MelekPolitikPenting",Negatif,,,2026-02-25 19:46:39.483484+00:00,1 m yang lalu,Lainnya,Lainnya,Lainnya/Jateng
1092,1,,TikTok,"rak tak piker,wong koe io rak miker q",Negatif,,,2026-02-25 19:46:39.483484+00:00,1 m yang lalu,Lainnya,Lainnya,Lainnya/Jateng
1099,1,,TikTok,dasar gawe sengsoro rakyat,Negatif,,,2026-02-25 19:46:39.483484+00:00,2-13,Beban Ekonomi,Nasib Rakyat / Kesejahteraan,Lainnya/Jateng
1097,1,,TikTok,banyak di koropsi,Negatif,,,2026-02-25 19:46:39.483484+00:00,2-13,Lainnya,Lainnya,Lainnya/Jateng
1100,1,,TikTok,bubar bubar!!!,Negatif,,,2026-02-25 19:46:39.483484+00:00,2-13,Lainnya,Lainnya,Lainnya/Jateng
1105,1,,TikTok,[stiker],Negatif,,,2026-02-25 19:46:39.483484+00:00,2-13,Lainnya,Lainnya,Lainnya/Jateng
1108,1,,TikTok,mundur ajsk gsk usah mikir,Negatif,,,2026-02-25 19:46:39.483484+00:00,2-13,Lainnya,Lainnya,Lainnya/Jateng
1125,1,,TikTok,gas demo,Negatif,,,2026-02-25 19:46:39.483484+00:00,1 m yang lalu,Lainnya,Lainnya,Lainnya/Jateng
1196,1,,TikTok,"naek no trus,,,,sak karep2 mu dewe,",Negatif,,,2026-02-25 19:46:39.483484+00:00,2-12,Lainnya,Lainnya,Lainnya/Jateng
1199,1,,TikTok,aturan bok gawe dewe kanggo nekek rakyat cilek...,Negatif,,,2026-02-25 19:46:39.483484+00:00,2-12,Beban Ekonomi,Pemerintahan,Lainnya/Jateng
1198,1,,TikTok,ujung ujung nya rakyat kecil yg bayar hutang,Negatif,,,2026-02-25 19:46:39.483484+00:00,2-12,Beban Ekonomi,Nasib Rakyat / Kesejahteraan,Lainnya/Jateng
1210,1,,TikTok,rakyat juga punya dasar,Negatif,,,2026-02-25 19:46:39.483484+00:00,2-12,Beban Ekonomi,Nasib Rakyat / Kesejahteraan,Lainnya/Jateng
1202,1,,TikTok,sarate d gawe anggel kok Kon bayar py.,Negatif,,,2026-02-25 19:46:39.483484+00:00,2-12,Lainnya,Institusi (Bapenda/Samsat),Lainnya/Jateng
1212,1,,TikTok,"tahun depan g sah byar pjak, ruwet pkoky",Negatif,,,2026-02-25 19:46:39.483484+00:00,2-12,Lainnya,Lainnya,Pekalongan/Pantura (G)
1200,1,,TikTok,wayae golek pulihan,Negatif,,,2026-02-25 19:46:39.483484+00:00,2-12,Lainnya,Lainnya,Lainnya/Jateng
1207,1,,TikTok,endorse nya jokodok,Negatif,,,2026-02-25 19:46:39.483484+00:00,2-12,Lainnya,Lainnya,Lainnya/Jateng
1211,1,,TikTok,ora iso kerjo,Negatif,,,2026-02-25 19:46:39.483484+00:00,2-12,Lainnya,Lainnya,Lainnya/Jateng
1213,1,,TikTok,aku ga melu nyoblosss kok keno dampake. cok,Negatif,,,2026-02-25 19:46:39.483484+00:00,2-12,Lainnya,Lainnya,Lainnya/Jateng
1214,1,,TikTok,yg cerdas dong,Negatif,,,2026-02-25 19:46:39.483484+00:00,2-12,Lainnya,Lainnya,Lainnya/Jateng
1298,1,,TikTok,cocoteeeee,Negatif,,,2026-02-25 19:46:39.483484+00:00,2-12,Lainnya,Lainnya,Lainnya/Jateng
1299,1,,TikTok,partai coklat niii,Negatif,,,2026-02-25 19:46:39.483484+00:00,2-12,Lainnya,Lainnya,Lainnya/Jateng
1301,1,,TikTok,halo gaaisss...😇😇😇🤣🤣🤣🤣,Negatif,,,2026-02-25 19:46:39.483484+00:00,2-12,Lainnya,Lainnya,Lainnya/Jateng
1314,1,,TikTok,untung e ra mileh iki,Negatif,,,2026-02-25 19:46:39.483484+00:00,2-12,Lainnya,Gubernur,Lainnya/Jateng
1303,1,,TikTok,gaji mundane 10 persen pakek mundane okok okolan,Negatif,,,2026-02-25 19:46:39.483484+00:00,2-12,Lainnya,Lainnya,Lainnya/Jateng
1326,1,,TikTok,Kita rakyat jg punya dasar pak,Negatif,,,2026-02-25 19:46:39.483484+00:00,2-12,Beban Ekonomi,Nasib Rakyat / Kesejahteraan,Lainnya/Jateng
1319,1,,TikTok,nga usah bayar,Negatif,,,2026-02-25 19:46:39.483484+00:00,2-12,Lainnya,Institusi (Bapenda/Samsat),Lainnya/Jateng
1327,1,,TikTok,Rasah mbayar. Bayar Yo angel.,Negatif,,,2026-02-25 19:46:39.483484+00:00,2-12,Lainnya,Institusi (Bapenda/Samsat),Lainnya/Jateng
1308,1,,TikTok,gok nan,Negatif,,,2026-02-25 19:46:39.483484+00:00,2-12,Lainnya,Lainnya,Lainnya/Jateng
1310,1,,TikTok,😂😂😂,Negatif,,,2026-02-25 19:46:39.483484+00:00,2-12,Lainnya,Lainnya,Lainnya/Jateng
1311,1,,TikTok,tukang nilang,Negatif,,,2026-02-25 19:46:39.483484+00:00,2-12,Lainnya,Lainnya,Lainnya/Jateng
1315,1,,TikTok,😅😅😅😅,Negatif,,,2026-02-25 19:46:39.483484+00:00,2-12,Lainnya,Lainnya,Lainnya/Jateng
1325,1,,TikTok,ISo opo,Negatif,,,2026-02-25 19:46:39.483484+00:00,2-12,Lainnya,Lainnya,Lainnya/Jateng
1331,1,,TikTok,winggi winggi ngilang....pas akeh bencana....sekaline metu gawe gebrakan .😁😁,Negatif,,,2026-02-25 19:46:39.483484+00:00,2-12,Lainnya,Lainnya,Lainnya/Jateng
1336,1,,TikTok,Pak,Negatif,,,2026-02-25 19:46:39.483484+00:00,2-12,Lainnya,Lainnya,Lainnya/Jateng
1337,1,,TikTok,ayo demo,Negatif,,,2026-02-25 19:46:39.483484+00:00,2-12,Lainnya,Lainnya,Lainnya/Jateng
1440,1,,TikTok,ini klu besok nyalon lg ada yg milih betarti o on...🗿,Negatif,,,2026-02-25 19:46:39.483484+00:00,2-12,Lainnya,Gubernur,Lainnya/Jateng
1474,1,,TikTok,untung wae AQ Ra milih kuwi,Negatif,,,2026-02-25 19:46:39.483484+00:00,2-12,Lainnya,Gubernur,Lainnya/Jateng
1405,1,,TikTok,"dprd dan pemda, buatlah aturan yg sebisa mungkin untuk mencari pemasukan banyak2 dan mempersulit rakyat, dan cuma pejabat yg cerdas yg adil terhadap rakyatlah yg mampu melakukan,",Negatif,,,2026-02-25 19:46:39.483484+00:00,2-12,Beban Ekonomi,Pemerintahan,Lainnya/Jateng
1429,1,,TikTok,proponsi termiskin,Negatif,,,2026-02-25 19:46:39.483484+00:00,2-12,Lainnya,Nasib Rakyat / Kesejahteraan,Lainnya/Jateng
1399,1,,TikTok,"mumet
tinggal turu wae",Negatif,,,2026-02-25 19:46:39.483484+00:00,2-12,Lainnya,Lainnya,Lainnya/Jateng
1401,1,,TikTok,lolll,Negatif,,,2026-02-25 19:46:39.483484+00:00,2-12,Lainnya,Lainnya,Lainnya/Jateng
1402,1,,TikTok,turunkan,Negatif,,,2026-02-25 19:46:39.483484+00:00,2-12,Lainnya,Lainnya,Lainnya/Jateng
1403,1,,TikTok,gas mas,Negatif,,,2026-02-25 19:46:39.483484+00:00,2-12,Lainnya,Lainnya,Lainnya/Jateng
1404,1,,TikTok,ayo gas,Negatif,,,2026-02-25 19:46:39.483484+00:00,2-12,Lainnya,Lainnya,Lainnya/Jateng
1407,1,,TikTok,waktunya balik modal 😁,Negatif,,,2026-02-25 19:46:39.483484+00:00,2-12,Lainnya,Lainnya,Lainnya/Jateng
1412,1,,TikTok,MUAAKKK,Negatif,,,2026-02-25 19:46:39.483484+00:00,2-12,Lainnya,Lainnya,Lainnya/Jateng
1418,1,,TikTok,boikot aja..,Negatif,,,2026-02-25 19:46:39.483484+00:00,2-12,Lainnya,Lainnya,Lainnya/Jateng
1422,1,,TikTok,"dasar"" karepmu dwe lek",Negatif,,,2026-02-25 19:46:39.483484+00:00,2-12,Lainnya,Lainnya,Lainnya/Jateng
1508,1,,TikTok,preeettt..preeeet..preeeet..,Negatif,,,2026-02-25 19:46:39.483484+00:00,2-12,Lainnya,Lainnya,Lainnya/Jateng
1514,1,,TikTok,ngopeni mateni,Negatif,,,2026-02-25 19:46:39.483484+00:00,2-12,Lainnya,Gubernur,Lainnya/Jateng
1528,1,,TikTok,😂😂😂😂😂😂 Rakyat lagi yang suruh bayar utang,Negatif,,,2026-02-25 19:46:39.483484+00:00,2-12,Beban Ekonomi,Nasib Rakyat / Kesejahteraan,Lainnya/Jateng
1550,1,,TikTok,rasah mbayar mnak ne wong nduwur,Negatif,,,2026-02-25 19:46:39.483484+00:00,2-12,Lainnya,Institusi (Bapenda/Samsat),Lainnya/Jateng
1513,1,,TikTok,"hancur """,Negatif,,,2026-02-25 19:46:39.483484+00:00,2-12,Lainnya,Lainnya,Lainnya/Jateng
1536,1,,TikTok,dasare kurg gde sing di korupsi,Negatif,,,2026-02-25 19:46:39.483484+00:00,2-12,Lainnya,Pemerintahan,Lainnya/Jateng
1521,1,,TikTok,😂😂😂😂,Negatif,,,2026-02-25 19:46:39.483484+00:00,2-12,Lainnya,Lainnya,Lainnya/Jateng
1525,1,,TikTok,jooohhh Ra umoomm,Negatif,,,2026-02-25 19:46:39.483484+00:00,2-12,Lainnya,Lainnya,Lainnya/Jateng
1532,1,,TikTok,😁😁😁😁😁😁😁😁😁😁😁😁😄😄😄😄😄😄😄😄😄😄😄😄😄😄😄😄😄,Negatif,,,2026-02-25 19:46:39.483484+00:00,2-12,Lainnya,Lainnya,Lainnya/Jateng
1533,1,,TikTok,"𝚊𝚔𝚞 𝚛𝚊 𝚖𝚒𝚕𝚒𝚑 𝚝𝚙 𝚖𝚎𝚕𝚞 𝚙𝚊𝚝𝚞𝚗𝚐𝚊𝚗 𝚖𝚋𝚊𝚢𝚊𝚛 𝚞𝚝𝚊𝚗 2,8𝚃𝚛𝚒𝚕𝚒𝚞𝚗 🤦‍♂️🤦‍♂️",Negatif,,,2026-02-25 19:46:39.483484+00:00,2-12,Lainnya,Lainnya,Lainnya/Jateng
1534,1,,TikTok,ora sudi,Negatif,,,2026-02-25 19:46:39.483484+00:00,2-12,Lainnya,Lainnya,Lainnya/Jateng
1599,1,,TikTok,arahannya mulyono,Negatif,,,2026-02-25 19:46:39.483484+00:00,2-12,Lainnya,Lainnya,Lainnya/Jateng
1551,1,,TikTok,aku nunda byr pjk,Negatif,,,2026-02-25 19:46:39.483484+00:00,2-12,Lainnya,Lainnya,Lainnya/Jateng
1624,1,,TikTok,aturane muloyo,Negatif,,,2026-02-25 19:46:39.483484+00:00,2-12,Lainnya,Pemerintahan,Lainnya/Jateng
1640,1,,TikTok,seharusnya ada juga aturan/undang² mensejahterakan rakyat,Negatif,,,2026-02-25 19:46:39.483484+00:00,2-12,Beban Ekonomi,Pemerintahan,Lainnya/Jateng
1637,1,,TikTok,nyong ora melu milih mlh kena dampake,Negatif,,,2026-02-25 19:46:39.483484+00:00,2-12,Lainnya,Gubernur,Banyumas/Barat (R)
1622,1,,TikTok,dasarnya bar bar,Negatif,,,2026-02-25 19:46:39.483484+00:00,2-12,Lainnya,Lainnya,Lainnya/Jateng
1632,1,,TikTok,Mbulet,Negatif,,,2026-02-25 19:46:39.483484+00:00,2-12,Lainnya,Lainnya,Lainnya/Jateng
1638,1,,TikTok,POKOK NYA BER SEKONGKEL LAH !!!,Negatif,,,2026-02-25 19:46:39.483484+00:00,2-12,Lainnya,Lainnya,Lainnya/Jateng
1643,1,,TikTok,gulingkannn,Negatif,,,2026-02-25 19:46:39.483484+00:00,2-12,Lainnya,Lainnya,Lainnya/Jateng
1645,1,,TikTok,teori tokkk...,Negatif,,,2026-02-25 19:46:39.483484+00:00,2-12,Lainnya,Lainnya,Lainnya/Jateng
1648,1,,TikTok,😂😂😂😂,Negatif,,,2026-02-25 19:46:39.483484+00:00,2-12,Lainnya,Lainnya,Lainnya/Jateng
1746,1,,TikTok,mantap cuuk,Negatif,,,2026-02-25 19:46:39.483484+00:00,2-12,Lainnya,Pemerintahan,Pekalongan/Pantura (G)
1742,1,,TikTok,sakarepmu,Negatif,,,2026-02-25 19:46:39.483484+00:00,2-12,Lainnya,Lainnya,Lainnya/Jateng
1749,1,,TikTok,wayahe,Negatif,,,2026-02-25 19:46:39.483484+00:00,2-12,Lainnya,Lainnya,Lainnya/Jateng
1752,1,,TikTok,sopo to iki ???,Negatif,,,2026-02-25 19:46:39.483484+00:00,2-12,Lainnya,Lainnya,Lainnya/Jateng
1753,1,,TikTok,sherelok OTW banter,Negatif,,,2026-02-25 19:46:39.483484+00:00,2-12,Lainnya,Lainnya,Lainnya/Jateng
1754,1,,TikTok,turun wae boss..,Negatif,,,2026-02-25 19:46:39.483484+00:00,2-12,Lainnya,Lainnya,Lainnya/Jateng
1756,1,,TikTok,oleh ngidoni wong iki pora? 😂,Negatif,,,2026-02-25 19:46:39.483484+00:00,2-12,Lainnya,Lainnya,Lainnya/Jateng
1757,1,,TikTok,kebanyakan rapat gak ada kerjanya,Negatif,,,2026-02-25 19:46:39.483484+00:00,2-12,Lainnya,Lainnya,Lainnya/Jateng
1886,1,,TikTok,tlepong sa tompo,Negatif,,,2026-02-25 19:46:39.483484+00:00,2-12,Lainnya,Lainnya,Lainnya/Jateng
1879,1,,TikTok,"yang utang sapa saya stap thn mbyar ko,",Negatif,,,2026-02-25 19:46:39.483484+00:00,2-12,Lainnya,Nasib Rakyat / Kesejahteraan,Lainnya/Jateng
1881,1,,TikTok,nongol malah bikin sengsara... ada bencana/ sengsara..di gak nongol...apakah dia suka kalo rakyatnya sengsara,Negatif,,,2026-02-25 19:46:39.483484+00:00,2-12,Beban Ekonomi,Nasib Rakyat / Kesejahteraan,Lainnya/Jateng
1887,1,,TikTok,utange kok mlh rakyate sg d cekek,Negatif,,,2026-02-25 19:46:39.483484+00:00,2-12,Beban Ekonomi,Nasib Rakyat / Kesejahteraan,Lainnya/Jateng
1889,1,,TikTok,mantan Kapolda.,Negatif,,,2026-02-25 19:46:39.483484+00:00,2-12,Lainnya,Gubernur,Pekalongan/Pantura (G)
1891,1,,TikTok,info tgl demo👍,Negatif,,,2026-02-25 19:46:39.483484+00:00,2-12,Lainnya,Lainnya,Lainnya/Jateng
1894,1,,TikTok,jarang kerja sekali kerja bikin repot sak jawa tengah,Negatif,,,2026-02-25 19:46:39.483484+00:00,2-12,Lainnya,Lainnya,Lainnya/Jateng
1895,1,,TikTok,penilaian masyarakat negatif ttg anda ternyata satu persatu mulai keliatan pak. dan inovasinya kurang sekali..,Negatif,,,2026-02-25 19:46:39.483484+00:00,2-12,Lainnya,Lainnya,Lainnya/Jateng
1900,1,,TikTok,hayuh demo..,Negatif,,,2026-02-25 19:46:39.483484+00:00,2-12,Lainnya,Lainnya,Lainnya/Jateng
2009,1,,TikTok,"aturan dibuat pejabat, rakyat harus mentaati peraturannya, apakan aturan yg dibuat sudah pro rakyat",Negatif,,,2026-02-25 19:46:39.483484+00:00,2-12,Beban Ekonomi,Pemerintahan,Lainnya/Jateng
1999,1,,TikTok,pak pak katanya akan mensejahterakan rakyat........eeeee malah kebalikannya.,Negatif,,,2026-02-25 19:46:39.483484+00:00,2-12,Beban Ekonomi,Nasib Rakyat / Kesejahteraan,Lainnya/Jateng
2008,1,,TikTok,"aku wegah bayar pak😂
mending tak go jajan😂",Negatif,,,2026-02-25 19:46:39.483484+00:00,2-12,Lainnya,Institusi (Bapenda/Samsat),Lainnya/Jateng
2002,1,,TikTok,korupsine kurang okeh..,Negatif,,,2026-02-25 19:46:39.483484+00:00,2-12,Lainnya,Pemerintahan,Lainnya/Jateng
1992,1,,TikTok,sudewo apa kabar ???,Negatif,,,2026-02-25 19:46:39.483484+00:00,2-12,Lainnya,Lainnya,Lainnya/Jateng
2000,1,,TikTok,Marsose...,Negatif,,,2026-02-25 19:46:39.483484+00:00,2-12,Lainnya,Lainnya,Lainnya/Jateng
2001,1,,TikTok,posennn̈g,Negatif,,,2026-02-25 19:46:39.483484+00:00,2-12,Lainnya,Lainnya,Lainnya/Jateng
2005,1,,TikTok,😁😁😁,Negatif,,,2026-02-25 19:46:39.483484+00:00,2-12,Lainnya,Lainnya,Lainnya/Jateng
2006,1,,TikTok,info demone tanggal piro,Negatif,,,2026-02-25 19:46:39.483484+00:00,2-12,Lainnya,Lainnya,Lainnya/Jateng
2007,1,,TikTok,ikut demo,Negatif,,,2026-02-25 19:46:39.483484+00:00,2-12,Lainnya,Lainnya,Lainnya/Jateng
2118,1,,TikTok,ora milih melu kenek dampake 🗿,Negatif,,,2026-02-25 19:46:39.483484+00:00,2-12,Lainnya,Gubernur,Lainnya/Jateng
2122,1,,TikTok,untunge aku ora milih dadine masa bodoh💃💃💃,Negatif,,,2026-02-25 19:46:39.483484+00:00,2-12,Lainnya,Gubernur,Lainnya/Jateng
2138,1,,TikTok,wkkww kaya ngene kok yo iso menang jal sing milih ki ngelu,Negatif,,,2026-02-25 19:46:39.483484+00:00,2-12,Lainnya,Gubernur,Lainnya/Jateng
2106,1,,TikTok,bubar2,Negatif,,,2026-02-25 19:46:39.483484+00:00,2-12,Lainnya,Lainnya,Lainnya/Jateng
2107,1,,TikTok,kreatif gtu lho jadi pemimpin,Negatif,,,2026-02-25 19:46:39.483484+00:00,2-12,Lainnya,Lainnya,Lainnya/Jateng
2108,1,,TikTok,sudewokan po?,Negatif,,,2026-02-25 19:46:39.483484+00:00,2-12,Lainnya,Lainnya,Lainnya/Jateng
2111,1,,TikTok,sih lucu kau ini,Negatif,,,2026-02-25 19:46:39.483484+00:00,2-12,Lainnya,Lainnya,Lainnya/Jateng
2113,1,,TikTok,sopo to kie sing nyoblos😳,Negatif,,,2026-02-25 19:46:39.483484+00:00,2-12,Lainnya,Lainnya,Lainnya/Jateng
2115,1,,TikTok,anj🗿,Negatif,,,2026-02-25 19:46:39.483484+00:00,2-12,Lainnya,Lainnya,Lainnya/Jateng
2120,1,,TikTok,GUDHAL,Negatif,,,2026-02-25 19:46:39.483484+00:00,2-12,Lainnya,Lainnya,Lainnya/Jateng
2121,1,,TikTok,😁😁😁 sabar...isone mung sabar..,Negatif,,,2026-02-25 19:46:39.483484+00:00,2-12,Lainnya,Lainnya,Lainnya/Jateng
2202,1,,TikTok,akibat bansos wktu pemilihan,Negatif,,,2026-02-25 19:46:39.483484+00:00,2-12,Lainnya,Gubernur,Lainnya/Jateng
2246,1,,TikTok,untung ndisek aku ora melu milih,Negatif,,,2026-02-25 19:46:39.483484+00:00,2-12,Lainnya,Gubernur,Lainnya/Jateng
2200,1,,TikTok,katanya ngopeni...😂😂😂,Negatif,,,2026-02-25 19:46:39.483484+00:00,2-12,Lainnya,Gubernur,Lainnya/Jateng
2222,1,,TikTok,"aturan ya aturan tp jgn mencekik rakyat, rakyat yg jd korban",Negatif,,,2026-02-25 19:46:39.483484+00:00,2-12,Beban Ekonomi,Pemerintahan,Lainnya/Jateng
2217,1,,TikTok,Bintang 3 loh saya,Negatif,,,2026-02-25 19:46:39.483484+00:00,2-12,Lainnya,Gubernur,Lainnya/Jateng
2197,1,,TikTok,iki tunggale dewo kih,Negatif,,,2026-02-25 19:46:39.483484+00:00,2-12,Lainnya,Lainnya,Lainnya/Jateng
2199,1,,TikTok,Aku ora Melu nyoblos kok Iyo Melu keno imbase.....😳😳😳,Negatif,,,2026-02-25 19:46:39.483484+00:00,2-12,Lainnya,Lainnya,Lainnya/Jateng
2228,1,,TikTok,fokus bintang 3 di kerah baju,Negatif,,,2026-02-25 19:46:39.483484+00:00,2-12,Lainnya,Gubernur,Lainnya/Jateng
2201,1,,TikTok,gas polll,Negatif,,,2026-02-25 19:46:39.483484+00:00,2-12,Lainnya,Lainnya,Lainnya/Jateng
2209,1,,TikTok,dobol...,Negatif,,,2026-02-25 19:46:39.483484+00:00,2-12,Lainnya,Lainnya,Lainnya/Jateng
2219,1,,TikTok,mumeti....,Negatif,,,2026-02-25 19:46:39.483484+00:00,2-12,Lainnya,Lainnya,Lainnya/Jateng
2220,1,,TikTok,mau lebaran cari lemburan.,Negatif,,,2026-02-25 19:46:39.483484+00:00,2-12,Lainnya,Lainnya,Lainnya/Jateng
2226,1,,TikTok,au ah,Negatif,,,2026-02-25 19:46:39.483484+00:00,2-12,Lainnya,Lainnya,Lainnya/Jateng
2230,1,,TikTok,semua mu lah pak....,Negatif,,,2026-02-25 19:46:39.483484+00:00,2-12,Lainnya,Lainnya,Lainnya/Jateng
2234,1,,TikTok,wes pak ...Sak karepmu..!!,Negatif,,,2026-02-25 19:46:39.483484+00:00,2-12,Lainnya,Lainnya,Lainnya/Jateng
2290,1,,TikTok,demo,Negatif,,,2026-02-25 19:46:39.483484+00:00,2-12,Lainnya,Lainnya,Lainnya/Jateng
2294,1,,TikTok,kenapa harus di persulit lagi,Negatif,,,2026-02-25 19:46:39.483484+00:00,2-12,Lainnya,Lainnya,Solo Raya (AD)
2297,1,,TikTok,punya pemimpin git ga bisa ngayomi masarakat,Negatif,,,2026-02-25 19:46:39.483484+00:00,2-12,Lainnya,Gubernur,Lainnya/Jateng
2295,1,,TikTok,yg enak pejabat,Negatif,,,2026-02-25 19:46:39.483484+00:00,2-12,Lainnya,Pemerintahan,Lainnya/Jateng
2299,1,,TikTok,rubah aturan,Negatif,,,2026-02-25 19:46:39.483484+00:00,2-12,Lainnya,Pemerintahan,Lainnya/Jateng
2301,1,,TikTok,"bayaren dewe fi,,,aku Yo nduwe utang masing masing,,,utang daerah dibebankan rakyat Yo wegah...",Negatif,,,2026-02-25 19:46:39.483484+00:00,2-12,Beban Ekonomi,Nasib Rakyat / Kesejahteraan,Lainnya/Jateng
2308,1,,TikTok,Rakyak lgi rakyat lgi zg tanggung...,Negatif,,,2026-02-25 19:46:39.483484+00:00,2-12,Beban Ekonomi,Nasib Rakyat / Kesejahteraan,Lainnya/Jateng
2296,1,,TikTok,mantap,Negatif,,,2026-02-25 19:46:39.483484+00:00,2-12,Lainnya,Lainnya,Pekalongan/Pantura (G)
2298,1,,TikTok,lufti turun,Negatif,,,2026-02-25 19:46:39.483484+00:00,2-12,Lainnya,Lainnya,Lainnya/Jateng
2302,1,,TikTok,itu kerah bajunya Masi B 3 🤣🤣,Negatif,,,2026-02-25 19:46:39.483484+00:00,2-12,Lainnya,Lainnya,Lainnya/Jateng
2305,1,,TikTok,umbluk,Negatif,,,2026-02-25 19:46:39.483484+00:00,2-12,Lainnya,Lainnya,Lainnya/Jateng
2309,1,,TikTok,siap bw pendemo yo,Negatif,,,2026-02-25 19:46:39.483484+00:00,2-12,Lainnya,Lainnya,Lainnya/Jateng
2310,1,,TikTok,yen ramudeng gaweane MUNDUR,Negatif,,,2026-02-25 19:46:39.483484+00:00,2-12,Lainnya,Lainnya,Lainnya/Jateng
2386,1,,TikTok,"tak tunda ahhhhhhh,nunggu pemutihan🤣",Negatif,,,2026-02-25 19:46:39.483484+00:00,2-12,Lainnya,Lainnya,Lainnya/Jateng
2395,1,,TikTok,Aturan dibuat unruk memperkaya pejabat,Negatif,,,2026-02-25 19:46:39.483484+00:00,2-12,Lainnya,Pemerintahan,Lainnya/Jateng
2387,1,,TikTok,ayo demo sebelum puasa,Negatif,,,2026-02-25 19:46:39.483484+00:00,2-12,Lainnya,Lainnya,Lainnya/Jateng
2390,1,,TikTok,hasile dikorupsi🤣🤣,Negatif,,,2026-02-25 19:46:39.483484+00:00,2-12,Lainnya,Pemerintahan,Lainnya/Jateng
2401,1,,TikTok,mbok jgn membebani wargamu to pak...,Negatif,,,2026-02-25 19:46:39.483484+00:00,2-12,Lainnya,Nasib Rakyat / Kesejahteraan,Solo Raya (AD)
2388,1,,TikTok,kocak kyk nailong,Negatif,,,2026-02-25 19:46:39.483484+00:00,2-12,Lainnya,Lainnya,Lainnya/Jateng
2391,1,,TikTok,Apakah kejar tayang alias kejar setoran?,Negatif,,,2026-02-25 19:46:39.483484+00:00,2-12,Lainnya,Lainnya,Lainnya/Jateng
2394,1,,TikTok,𝙖𝙥𝙖𝙠𝙖𝙝 𝙞𝙩𝙪 𝙨𝙤𝙡𝙪𝙨𝙞 𝙮𝙜 𝙩𝙚𝙥𝙖𝙩?,Negatif,,,2026-02-25 19:46:39.483484+00:00,2-12,Lainnya,Lainnya,Lainnya/Jateng
2396,1,,TikTok,hahaha mending gk sah byar,Negatif,,,2026-02-25 19:46:39.483484+00:00,2-12,Lainnya,Lainnya,Lainnya/Jateng
2399,1,,TikTok,demo,Negatif,,,2026-02-25 19:46:39.483484+00:00,2-12,Lainnya,Lainnya,Lainnya/Jateng
2405,1,,TikTok,Ktl,Negatif,,,2026-02-25 19:46:39.483484+00:00,2-12,Lainnya,Lainnya,Lainnya/Jateng
2607,2,,TikTok,"rasah di bayar , ben mumet sampean 🤣🤣🤣🤣🤣🤣🤣🤣🤣🤣🤣🤣🤣🤣🤣🤣",Negatif,,,2026-02-25 19:46:39.483484+00:00,2 j yang lalu,Lainnya,Gubernur,Lainnya/Jateng
2502,1,,TikTok,cuk,Negatif,,,2026-02-25 19:46:39.483484+00:00,2-12,Lainnya,Lainnya,Lainnya/Jateng
2509,1,,TikTok,😜😜😜😜😜😜😜,Negatif,,,2026-02-25 19:46:39.483484+00:00,2-12,Lainnya,Lainnya,Lainnya/Jateng
2617,2,,TikTok,ra njmain uplukan,Negatif,,,2026-02-25 19:46:39.483484+00:00,1 j yang lalu,Lainnya,Lainnya,Lainnya/Jateng
2516,1,,TikTok,@Jamaludin Malik,Negatif,,,2026-02-25 19:46:39.483484+00:00,2-12,Lainnya,Lainnya,Lainnya/Jateng
2521,1,,TikTok,1 periode saja cukup,Negatif,,,2026-02-25 19:46:39.483484+00:00,2-12,Lainnya,Lainnya,Lainnya/Jateng
2820,2,,TikTok,halah sakarepmu,Negatif,,,2026-02-25 19:46:39.483484+00:00,1 h yang lalu,Lainnya,Lainnya,Lainnya/Jateng
2526,2,,TikTok,anak e pak ustat lagi ndalillllllll,Negatif,,,2026-02-25 19:46:39.483484+00:00,1 h yang lalu,Lainnya,Lainnya,Lainnya/Jateng
2557,2,,TikTok,oalah siiiiinnn sin😃😃😃,Negatif,,,2026-02-25 19:46:39.483484+00:00,1 h yang lalu,Lainnya,Lainnya,Lainnya/Jateng
2619,2,,TikTok,intinya apa pak?,Negatif,,,2026-02-25 19:46:39.483484+00:00,4 j yang lalu,Lainnya,Lainnya,Lainnya/Jateng
2579,2,,TikTok,info usaha yang halal dan lancarrr😁😁,Negatif,,,2026-02-25 19:46:39.483484+00:00,7 j yang lalu,Lainnya,Lainnya,Lainnya/Jateng
2580,2,,TikTok,iki wong kok ora berdampak blas,Negatif,,,2026-02-25 19:46:39.483484+00:00,1 h yang lalu,Lainnya,Lainnya,Lainnya/Jateng
2536,2,,TikTok,KEDAULATAN ADA DI TANGAN RAKYAT ......RAKYATLAH SEBENARNYA YG PUNYA KEKUASAAN,Negatif,,,2026-02-25 19:46:39.483484+00:00,1 h yang lalu,Beban Ekonomi,Nasib Rakyat / Kesejahteraan,Lainnya/Jateng
2590,2,,TikTok,"abot kang,prei sik mbayare...nunggu pemutihan bae",Negatif,,,2026-02-25 19:46:39.483484+00:00,1 h yang lalu,Lainnya,Institusi (Bapenda/Samsat),Lainnya/Jateng
2618,2,,TikTok,karepmuuuu,Negatif,,,2026-02-25 19:46:39.483484+00:00,3 j yang lalu,Lainnya,Pemerintahan,Lainnya/Jateng
2615,2,,TikTok,pada pindah aja ke jabar,Negatif,,,2026-02-25 19:46:39.483484+00:00,2 j yang lalu,Lainnya,Pemerintahan,Lainnya/Jateng
2609,2,,TikTok,Ah... masyarakat Jawa Tengah Kompak yuk,Negatif,,,2026-02-25 19:46:39.483484+00:00,1 j yang lalu,Lainnya,Lainnya,Lainnya/Jateng
2570,2,,TikTok,"wangsul pondok mawon gua,, luwih kajen ngucak kitab marwah pejabat krg masuk",Negatif,,,2026-02-25 19:46:39.483484+00:00,1 h yang lalu,Lainnya,Pemerintahan,Pekalongan/Pantura (G)
2514,1,,TikTok,utange nganti triliunan harusnya d paparna pak meng publik..supaya rakyate jga pada ngerti gamblang..siki jaman sosmed gampang jane...,Negatif,,,2026-02-25 19:46:39.483484+00:00,2-12,Beban Ekonomi,Nasib Rakyat / Kesejahteraan,Pekalongan/Pantura (G)
2612,2,,TikTok,Gedubrussss 💦💦,Negatif,,,2026-02-25 19:46:39.483484+00:00,4 j yang lalu,Lainnya,Lainnya,Lainnya/Jateng
2620,2,,TikTok,lanyap,Negatif,,,2026-02-25 19:46:39.483484+00:00,5 j yang lalu,Lainnya,Lainnya,Lainnya/Jateng
2715,2,,TikTok,aku getun winggi pas nyalek milih kuwe sin,Negatif,,,2026-02-25 19:46:39.483484+00:00,20 j yang lalu,Lainnya,Gubernur,Lainnya/Jateng
2663,2,,TikTok,pejabat mkin kaya,Negatif,,,2026-02-25 19:46:39.483484+00:00,11 j yang lalu,Lainnya,Pemerintahan,Lainnya/Jateng
2648,2,,TikTok,nggedabruuusss,Negatif,,,2026-02-25 19:46:39.483484+00:00,7 j yang lalu,Lainnya,Pemerintahan,Lainnya/Jateng
2691,2,,TikTok,mending tak nggo mendem pak drpda byar pjak mong arep mbok korupsi,Negatif,,,2026-02-25 19:46:39.483484+00:00,18 j yang lalu,Lainnya,Pemerintahan,Solo Raya (AD)
2649,2,,TikTok,tetap boikot,Negatif,,,2026-02-25 19:46:39.483484+00:00,8 j yang lalu,Lainnya,Lainnya,Lainnya/Jateng
2650,2,,TikTok,siap demo😏,Negatif,,,2026-02-25 19:46:39.483484+00:00,8 j yang lalu,Lainnya,Lainnya,Lainnya/Jateng
2662,2,,TikTok,iki kiayi,Negatif,,,2026-02-25 19:46:39.483484+00:00,11 j yang lalu,Lainnya,Lainnya,Lainnya/Jateng
2666,2,,TikTok,KDM JAUARANYA POKOKNYA...,Negatif,,,2026-02-25 19:46:39.483484+00:00,13 j yang lalu,Lainnya,Lainnya,Lainnya/Jateng
2669,2,,TikTok,Gudal lah,Negatif,,,2026-02-25 19:46:39.483484+00:00,15 j yang lalu,Lainnya,Lainnya,Lainnya/Jateng
2671,2,,TikTok,[stiker],Negatif,,,2026-02-25 19:46:39.483484+00:00,15 j yang lalu,Lainnya,Lainnya,Lainnya/Jateng
2679,2,,TikTok,tenang gua tetap dapat insentip,Negatif,,,2026-02-25 19:46:39.483484+00:00,17 j yang lalu,Lainnya,Lainnya,Lainnya/Jateng
2680,2,,TikTok,asli pinter NGEKES.,Negatif,,,2026-02-25 19:46:39.483484+00:00,17 j yang lalu,Lainnya,Lainnya,Lainnya/Jateng
2686,2,,TikTok,mbelgedes,Negatif,,,2026-02-25 19:46:39.483484+00:00,18 j yang lalu,Lainnya,Lainnya,Lainnya/Jateng
2770,2,,TikTok,"ora sakenake ,begitu barangkali,tidak terkesan ngakali",Negatif,,,2026-02-25 19:46:39.483484+00:00,22 j yang lalu,Lainnya,Lainnya,Lainnya/Jateng
2771,2,,TikTok,sosialisasi menyeluruh itu penting bos,Negatif,,,2026-02-25 19:46:39.483484+00:00,22 j yang lalu,Lainnya,Lainnya,Lainnya/Jateng
2784,2,,TikTok,heleh ngedabrussss,Negatif,,,2026-02-25 19:46:39.483484+00:00,23 j yang lalu,Lainnya,Lainnya,Lainnya/Jateng
2789,2,,TikTok,"panik nggak "" ya panik lah",Negatif,,,2026-02-25 19:46:39.483484+00:00,23 j yang lalu,Lainnya,Lainnya,Lainnya/Jateng
2813,2,,TikTok,gemis2 kerakyat,Negatif,,,2026-02-25 19:46:39.483484+00:00,1 h yang lalu,Beban Ekonomi,Nasib Rakyat / Kesejahteraan,Lainnya/Jateng
2797,2,,TikTok,dzolim ?,Negatif,,,2026-02-25 19:46:39.483484+00:00,1 h yang lalu,Lainnya,Lainnya,Lainnya/Jateng
2800,2,,TikTok,Gedabrus,Negatif,,,2026-02-25 19:46:39.483484+00:00,1 h yang lalu,Lainnya,Lainnya,Lainnya/Jateng
2817,2,,TikTok,kalau rakyat kecil tetap berat karena harga sembako sama penghasilan tidak sesuai,Negatif,,,2026-02-25 19:46:39.483484+00:00,1 h yang lalu,Beban Ekonomi,Nasib Rakyat / Kesejahteraan,Lainnya/Jateng
2791,2,,TikTok,stop.... gedabRuus,Negatif,,,2026-02-25 19:46:39.483484+00:00,23 j yang lalu,Lainnya,Pemerintahan,Lainnya/Jateng
2783,2,,TikTok,"buktinya mana...
gedabrus......",Negatif,,,2026-02-25 19:46:39.483484+00:00,23 j yang lalu,Lainnya,Lainnya,Pekalongan/Pantura (G)
2785,2,,TikTok,pokoe mangan enak ngombe legi.,Negatif,,,2026-02-25 19:46:39.483484+00:00,23 j yang lalu,Lainnya,Lainnya,Pekalongan/Pantura (G)
2805,2,,TikTok,yg penting hidup makmur rakyat cuman alat,Negatif,,,2026-02-25 19:46:39.483484+00:00,1 h yang lalu,Beban Ekonomi,Nasib Rakyat / Kesejahteraan,Pekalongan/Pantura (G)
2801,2,,TikTok,wess sak karepmu,Negatif,,,2026-02-25 19:46:39.483484+00:00,1 h yang lalu,Lainnya,Lainnya,Lainnya/Jateng
2802,2,,TikTok,mikire piye yo,Negatif,,,2026-02-25 19:46:39.483484+00:00,1 h yang lalu,Lainnya,Lainnya,Lainnya/Jateng
2806,2,,TikTok,ta'iii,Negatif,,,2026-02-25 19:46:39.483484+00:00,1 h yang lalu,Lainnya,Lainnya,Lainnya/Jateng
2810,2,,TikTok,yg penting murah gampang jangan di persulit.,Negatif,,,2026-02-25 19:46:39.483484+00:00,1 h yang lalu,Lainnya,Lainnya,Lainnya/Jateng
2814,2,,TikTok,astaghfirullah Hal'adziim,Negatif,,,2026-02-25 19:46:39.483484+00:00,1 h yang lalu,Lainnya,Lainnya,Lainnya/Jateng
2823,2,,TikTok,11 12,Negatif,,,2026-02-25 19:46:39.483484+00:00,1 h yang lalu,Lainnya,Lainnya,Lainnya/Jateng
2828,2,,TikTok,kerja gk pecus,Negatif,,,2026-02-25 19:46:39.483484+00:00,1 h yang lalu,Lainnya,Lainnya,Lainnya/Jateng
2908,2,,TikTok,ganti ganjar bae lur sg biso kerja,Negatif,,,2026-02-25 19:46:39.483484+00:00,1 h yang lalu,Lainnya,Lainnya,Lainnya/Jateng
2911,2,,TikTok,maksud sama niat ga nyambung 😂😂😂😂😂😂,Negatif,,,2026-02-25 19:46:39.483484+00:00,16 j yang lalu,Lainnya,Lainnya,Lainnya/Jateng
2914,2,,TikTok,😝😝😝,Negatif,,,2026-02-25 19:46:39.483484+00:00,7 j yang lalu,Lainnya,Lainnya,Lainnya/Jateng
2915,2,,TikTok,🤣🤣🤣,Negatif,,,2026-02-25 19:46:39.483484+00:00,1 h yang lalu,Lainnya,Lainnya,Lainnya/Jateng
2975,3,,Instagram,Ra mutu,Negatif,,,2026-02-25 19:46:39.483484+00:00,Ra mutu,Lainnya,Lainnya,Lainnya/Jateng
2970,3,,Instagram,FIRAUN !!!!!!!!,Negatif,,,2026-02-25 19:46:39.483484+00:00,FIRAUN !!!!!!!!,Lainnya,Lainnya,Lainnya/Jateng
2971,3,,Instagram,Upp,Negatif,,,2026-02-25 19:46:39.483484+00:00,Upp,Lainnya,Lainnya,Lainnya/Jateng
2974,3,,Instagram,Zolim,Negatif,,,2026-02-25 19:46:39.483484+00:00,Zolim,Lainnya,Lainnya,Lainnya/Jateng
2961,3,,Instagram,Rakyat disuruh patungan unk memperkaya para pejabat😂😂😂,Negatif,,,2026-02-25 19:46:39.483484+00:00,Rakyat disuruh patungan unk memperkaya para pejabat😂😂😂,Beban Ekonomi,Pemerintahan,Lainnya/Jateng
2953,3,,Instagram,Minimal mikir rakyat,Negatif,,,2026-02-25 19:46:39.483484+00:00,Minimal mikir rakyat,Beban Ekonomi,Nasib Rakyat / Kesejahteraan,Lainnya/Jateng
2950,3,,Instagram,beli sendiri 👍nyicil sendiri 👍bayar sendiri 👍yg rugi kok ? 🤣,Negatif,,,2026-02-25 19:46:39.483484+00:00,beli sendiri 👍nyicil sendiri 👍bayar sendiri 👍yg rugi kok ? 🤣,Lainnya,Institusi (Bapenda/Samsat),Lainnya/Jateng
2919,2,,TikTok,preeeert bruuuuuut,Negatif,,,2026-02-25 19:46:39.483484+00:00,1 h yang lalu,Lainnya,Pemerintahan,Lainnya/Jateng
2977,3,,Instagram,viral kih,Negatif,,,2026-02-25 19:46:39.483484+00:00,viral kih,Lainnya,Lainnya,Lainnya/Jateng
2978,3,,Instagram,klarifikasi,Negatif,,,2026-02-25 19:46:39.483484+00:00,klarifikasi,Lainnya,Lainnya,Lainnya/Jateng
2981,3,,Instagram,Kempul kempul.,Negatif,,,2026-02-25 19:46:39.483484+00:00,Kempul kempul.,Lainnya,Lainnya,Lainnya/Jateng
2995,3,,Instagram,Prettt,Negatif,,,2026-02-25 19:46:39.483484+00:00,Prettt,Lainnya,Lainnya,Lainnya/Jateng
3003,3,,Instagram,Halah,Negatif,,,2026-02-25 19:46:39.483484+00:00,Halah,Lainnya,Lainnya,Lainnya/Jateng
3017,3,,Instagram,Narasi ngambang nggo slimuran tok. Intine mundhak.,Negatif,,,2026-02-25 19:46:39.483484+00:00,Narasi ngambang nggo slimuran tok. Intine mundhak.,Lainnya,Lainnya,Lainnya/Jateng
3021,3,,Instagram,Nunggu pemutihan lurd,Negatif,,,2026-02-25 19:46:39.483484+00:00,Nunggu pemutihan lurd,Lainnya,Lainnya,Lainnya/Jateng
3028,3,,Instagram,"Maximal 66%, bukan diterpin 66%😢",Negatif,,,2026-02-25 19:46:39.483484+00:00,"Maximal 66%, bukan diterpin 66%😢",Lainnya,Lainnya,Lainnya/Jateng
3031,3,,Instagram,Perlu diinvestigasi sama  ...siapa tau ada penyimpangan dana,Negatif,,,2026-02-25 19:46:39.483484+00:00,Perlu diinvestigasi sama  ...siapa tau ada penyimpangan dana,Lainnya,Lainnya,Lainnya/Jateng
3020,3,,Instagram,Boleh di kompare dengan jatim juga jabar ? Biar pada tau,Negatif,,,2026-02-25 19:46:39.483484+00:00,Boleh di kompare dengan jatim juga jabar ? Biar pada tau,Lainnya,Pemerintahan,Lainnya/Jateng
3150,3,,Instagram,Sampean mboten cetho,Negatif,,,2026-02-25 19:46:39.483484+00:00,Sampean mboten cetho,Lainnya,Gubernur,Lainnya/Jateng
3078,3,,Instagram,"ORa urusan,penting jik iso glindhing,rasah bayar paling ujunge korupsi",Negatif,,,2026-02-25 19:46:39.483484+00:00,"ORa urusan,penting jik iso glindhing,rasah bayar paling ujunge korupsi",Lainnya,Institusi (Bapenda/Samsat),Lainnya/Jateng
3076,3,,Instagram,Pemutihan maneh kapan iki pak?,Negatif,,,2026-02-25 19:46:39.483484+00:00,Pemutihan maneh kapan iki pak?,Lainnya,Lainnya,Pekalongan/Pantura (G)
3083,3,,Instagram,Ayo  wayahe pahlawan tampil,Negatif,,,2026-02-25 19:46:39.483484+00:00,Ayo  wayahe pahlawan tampil,Lainnya,Lainnya,Lainnya/Jateng
3084,3,,Instagram,🔥🔥🔥🔥,Negatif,,,2026-02-25 19:46:39.483484+00:00,🔥🔥🔥🔥,Lainnya,Lainnya,Lainnya/Jateng
3086,3,,Instagram,PREEEETLAH,Negatif,,,2026-02-25 19:46:39.483484+00:00,PREEEETLAH,Lainnya,Lainnya,Lainnya/Jateng
3332,3,,Instagram,"Pickup 97, 530 gadi 780 😢😢",Negatif,,,2026-02-25 19:46:39.483484+00:00,"Pickup 97, 530 gadi 780 😢😢",Lainnya,Lainnya,Lainnya/Jateng
3093,3,,Instagram,Intine bosok kinerjane   ..,Negatif,,,2026-02-25 19:46:39.483484+00:00,Intine bosok kinerjane   ..,Lainnya,Lainnya,Lainnya/Jateng
3123,3,,Instagram,Halah,Negatif,,,2026-02-25 19:46:39.483484+00:00,Halah,Lainnya,Lainnya,Lainnya/Jateng
3178,3,,Instagram,🔥🔥😢,Negatif,,,2026-02-25 19:46:39.483484+00:00,🔥🔥😢,Lainnya,Lainnya,Lainnya/Jateng
3197,3,,Instagram,Tidak ada jarene. Gaduh duh wong ws akeh bukti e kg yo manggon ae ngeless...!!!,Negatif,,,2026-02-25 19:46:39.483484+00:00,Tidak ada jarene. Gaduh duh wong ws akeh bukti e kg yo manggon ae ngeless...!!!,Lainnya,Gubernur,Pekalongan/Pantura (G)
3182,3,,Instagram,Halah,Negatif,,,2026-02-25 19:46:39.483484+00:00,Halah,Lainnya,Lainnya,Lainnya/Jateng
3184,3,,Instagram,"Kita tunggu pendapatan  saat ada gejolak seperti ini, kira2 sesuai targetkah, atau langsung ada penurunan.....njawil ny  menunggu keteeangan resmi 😂",Negatif,,,2026-02-25 19:46:39.483484+00:00,"Kita tunggu pendapatan  saat ada gejolak seperti ini, kira2 sesuai targetkah, atau langsung ada penurunan.....njawil ny  menunggu keteeangan resmi 😂",Lainnya,Lainnya,Lainnya/Jateng
3185,3,,Instagram,"Paham OPO, taek",Negatif,,,2026-02-25 19:46:39.483484+00:00,"Paham OPO, taek",Lainnya,Lainnya,Lainnya/Jateng
3188,3,,Instagram,Astaghfirullah,Negatif,,,2026-02-25 19:46:39.483484+00:00,Astaghfirullah,Lainnya,Lainnya,Lainnya/Jateng
3246,3,,Instagram,Helleh,Negatif,,,2026-02-25 19:46:39.483484+00:00,Helleh,Lainnya,Lainnya,Lainnya/Jateng
3843,3,,Instagram,Stop Ngapusi,Negatif,,,2026-02-25 19:46:39.483484+00:00,Stop Ngapusi,Kekecewaan Politik/Janji,Lainnya,Lainnya/Jateng
3310,3,,Instagram,"Pak mohon info BONUS POMNAS, KAMI ATLET JAWA TENGAH SUDAH MENUNGGU 5 BULAN BELUM ADA INFO BONUS CAIR, MOHON HARGAI KAMI SBG ATLET PAK MOHONNN, KAMI BUTUH BUAT BAYAR KULIAH 🙏🙏😭😭😭",Negatif,,,2026-02-25 19:46:39.483484+00:00,"Pak mohon info BONUS POMNAS, KAMI ATLET JAWA TENGAH SUDAH MENUNGGU 5 BULAN BELUM ADA INFO BONUS CAIR, MOHON HARGAI KAMI SBG ATLET PAK MOHONNN, KAMI BUTUH BUAT BAYAR KULIAH 🙏🙏😭😭😭",Lainnya,Institusi (Bapenda/Samsat),Lainnya/Jateng
3313,3,,Instagram,Rasah bayar lak wis,Negatif,,,2026-02-25 19:46:39.483484+00:00,Rasah bayar lak wis,Lainnya,Institusi (Bapenda/Samsat),Lainnya/Jateng
3323,3,,Instagram,Biasanya bayar paling ontime...nggak tau th ini mau bayar apa nunggu pemutihan😂😂😂,Negatif,,,2026-02-25 19:46:39.483484+00:00,Biasanya bayar paling ontime...nggak tau th ini mau bayar apa nunggu pemutihan😂😂😂,Lainnya,Institusi (Bapenda/Samsat),Lainnya/Jateng
3325,3,,Instagram,Utekee wes do bodoll,Negatif,,,2026-02-25 19:46:39.483484+00:00,Utekee wes do bodoll,Lainnya,Lainnya,Lainnya/Jateng
3331,3,,Instagram,Bloookkk,Negatif,,,2026-02-25 19:46:39.483484+00:00,Bloookkk,Lainnya,Lainnya,Lainnya/Jateng
3337,3,,Instagram,😂😂😂😂😂,Negatif,,,2026-02-25 19:46:39.483484+00:00,😂😂😂😂😂,Lainnya,Lainnya,Lainnya/Jateng
3379,3,,Instagram,Gatellllll,Negatif,,,2026-02-25 19:46:39.483484+00:00,Gatellllll,Lainnya,Lainnya,Lainnya/Jateng
3588,3,,Instagram,Mari mari suarakan,Negatif,,,2026-02-25 19:46:39.483484+00:00,Mari mari suarakan,Lainnya,Gubernur,Lainnya/Jateng
3487,3,,Instagram,Nyoplok ospenmu kakean boss. Tapi mbok undakne pisan,Negatif,,,2026-02-25 19:46:39.483484+00:00,Nyoplok ospenmu kakean boss. Tapi mbok undakne pisan,Lainnya,Lainnya,Solo Raya (AD)
3529,3,,Instagram,KLO bisa diskon 30 persen bagi yg mau bayar 5  tahun langsung,Negatif,,,2026-02-25 19:46:39.483484+00:00,KLO bisa diskon 30 persen bagi yg mau bayar 5  tahun langsung,Lainnya,Institusi (Bapenda/Samsat),Pekalongan/Pantura (G)
3519,3,,Instagram,intine ae mbok dunke opo ora,Negatif,,,2026-02-25 19:46:39.483484+00:00,intine ae mbok dunke opo ora,Lainnya,Lainnya,Solo Raya (AD)
3498,3,,Instagram,Pemutihan tahun ini ada ngga pak,Negatif,,,2026-02-25 19:46:39.483484+00:00,Pemutihan tahun ini ada ngga pak,Lainnya,Lainnya,Pekalongan/Pantura (G)
3525,3,,Instagram,ealahyong.. semangat min admin.. 😁,Negatif,,,2026-02-25 19:46:39.483484+00:00,ealahyong.. semangat min admin.. 😁,Lainnya,Lainnya,Pekalongan/Pantura (G)
3503,3,,Instagram,👏👏👏,Negatif,,,2026-02-25 19:46:39.483484+00:00,👏👏👏,Lainnya,Lainnya,Lainnya/Jateng
3520,3,,Instagram,"Baru upload,heran dah 😂",Negatif,,,2026-02-25 19:46:39.483484+00:00,"Baru upload,heran dah 😂",Lainnya,Lainnya,Kedu (AA)
3507,3,,Instagram,Tapi yo ojo maksimal to ambile prosentasenya kakak!!!,Negatif,,,2026-02-25 19:46:39.483484+00:00,Tapi yo ojo maksimal to ambile prosentasenya kakak!!!,Lainnya,Lainnya,Lainnya/Jateng
3509,3,,Instagram,"Semua dipukul rata 66%, Provinsi lain kok bisa lebih murah ???",Negatif,,,2026-02-25 19:46:39.483484+00:00,"Semua dipukul rata 66%, Provinsi lain kok bisa lebih murah ???",Lainnya,Lainnya,Lainnya/Jateng
3510,3,,Instagram,Izin tanya min. BNPB polri itu apa yah..,Negatif,,,2026-02-25 19:46:39.483484+00:00,Izin tanya min. BNPB polri itu apa yah..,Lainnya,Lainnya,Lainnya/Jateng
3512,3,,Instagram,Demo gasssssss info,Negatif,,,2026-02-25 19:46:39.483484+00:00,Demo gasssssss info,Lainnya,Lainnya,Lainnya/Jateng
3530,3,,Instagram,kapan program pemutihan lagi,Negatif,,,2026-02-25 19:46:39.483484+00:00,kapan program pemutihan lagi,Lainnya,Lainnya,Lainnya/Jateng
3538,3,,Instagram,Apus apus,Negatif,,,2026-02-25 19:46:39.483484+00:00,Apus apus,Lainnya,Lainnya,Lainnya/Jateng
3540,3,,Instagram,"Paham OPO, taek",Negatif,,,2026-02-25 19:46:39.483484+00:00,"Paham OPO, taek",Lainnya,Lainnya,Lainnya/Jateng
3675,3,,Instagram,Provinsine sopo iki pak,Negatif,,,2026-02-25 19:46:39.483484+00:00,Provinsine sopo iki pak,Lainnya,Lainnya,Lainnya/Jateng
3647,3,,Instagram,"ingat pertanggung jawaban di akhirat,anda habis pulang umroh, seharusnya bs lebih faham kondisi rakyatmu",Negatif,,,2026-02-25 19:46:39.483484+00:00,"ingat pertanggung jawaban di akhirat,anda habis pulang umroh, seharusnya bs lebih faham kondisi rakyatmu",Beban Ekonomi,Nasib Rakyat / Kesejahteraan,Lainnya/Jateng
3666,3,,Instagram,Hobi kok menyusahkan rakyate.,Negatif,,,2026-02-25 19:46:39.483484+00:00,Hobi kok menyusahkan rakyate.,Beban Ekonomi,Nasib Rakyat / Kesejahteraan,Lainnya/Jateng
3652,3,,Instagram,"Angger kabeh rak mbayar kan bakal dibatalke, ngono kog angelmen",Negatif,,,2026-02-25 19:46:39.483484+00:00,"Angger kabeh rak mbayar kan bakal dibatalke, ngono kog angelmen",Lainnya,Institusi (Bapenda/Samsat),Lainnya/Jateng
3662,3,,Instagram,"JR ae njooo UU ki, marai nekek.",Negatif,,,2026-02-25 19:46:39.483484+00:00,"JR ae njooo UU ki, marai nekek.",Lainnya,Pemerintahan,Lainnya/Jateng
3649,3,,Instagram,halaahh preketekkk. doboss tok,Negatif,,,2026-02-25 19:46:39.483484+00:00,halaahh preketekkk. doboss tok,Lainnya,Lainnya,Lainnya/Jateng
3656,3,,Instagram,Rame,Negatif,,,2026-02-25 19:46:39.483484+00:00,Rame,Lainnya,Lainnya,Lainnya/Jateng
3660,3,,Instagram,Au ah saya capek golput aja,Negatif,,,2026-02-25 19:46:39.483484+00:00,Au ah saya capek golput aja,Lainnya,Lainnya,Lainnya/Jateng
3667,3,,Instagram,Meresahkan,Negatif,,,2026-02-25 19:46:39.483484+00:00,Meresahkan,Lainnya,Lainnya,Lainnya/Jateng
3669,3,,Instagram,Awuren ae konolah ..,Negatif,,,2026-02-25 19:46:39.483484+00:00,Awuren ae konolah ..,Lainnya,Lainnya,Lainnya/Jateng
3671,3,,Instagram,Iki lho  konfirmasi,Negatif,,,2026-02-25 19:46:39.483484+00:00,Iki lho  konfirmasi,Lainnya,Lainnya,Lainnya/Jateng
3681,3,,Instagram,Helehhh,Negatif,,,2026-02-25 19:46:39.483484+00:00,Helehhh,Lainnya,Lainnya,Lainnya/Jateng
3686,3,,Instagram,dobol,Negatif,,,2026-02-25 19:46:39.483484+00:00,dobol,Lainnya,Lainnya,Lainnya/Jateng
3767,3,,Instagram,Kocak😂,Negatif,,,2026-02-25 19:46:39.483484+00:00,Kocak😂,Lainnya,Lainnya,Lainnya/Jateng
3769,3,,Instagram,adaaa woiiiii,Negatif,,,2026-02-25 19:46:39.483484+00:00,adaaa woiiiii,Lainnya,Lainnya,Lainnya/Jateng
3779,3,,Instagram,TAEK🔥,Negatif,,,2026-02-25 19:46:39.483484+00:00,TAEK🔥,Lainnya,Lainnya,Lainnya/Jateng
3781,3,,Instagram,Malah klarifikasi,Negatif,,,2026-02-25 19:46:39.483484+00:00,Malah klarifikasi,Lainnya,Lainnya,Lainnya/Jateng
3788,3,,Instagram,kuntul kuntul kuntul,Negatif,,,2026-02-25 19:46:39.483484+00:00,kuntul kuntul kuntul,Lainnya,Lainnya,Lainnya/Jateng
3789,3,,Instagram,Wes sakarepmu wae,Negatif,,,2026-02-25 19:46:39.483484+00:00,Wes sakarepmu wae,Lainnya,Lainnya,Lainnya/Jateng
3796,3,,Instagram,Taekkkk,Negatif,,,2026-02-25 19:46:39.483484+00:00,Taekkkk,Lainnya,Lainnya,Lainnya/Jateng
3798,3,,Instagram,Nggk ada apanya.. pmbjongan publik,Negatif,,,2026-02-25 19:46:39.483484+00:00,Nggk ada apanya.. pmbjongan publik,Lainnya,Lainnya,Lainnya/Jateng
3800,3,,Instagram,JEMBUT,Negatif,,,2026-02-25 19:46:39.483484+00:00,JEMBUT,Lainnya,Lainnya,Lainnya/Jateng
3802,3,,Instagram,Kontoll jembodd,Negatif,,,2026-02-25 19:46:39.483484+00:00,Kontoll jembodd,Lainnya,Lainnya,Lainnya/Jateng
3803,3,,Instagram,Udah lah gausah main pahlawan pahlawan ann😂,Negatif,,,2026-02-25 19:46:39.483484+00:00,Udah lah gausah main pahlawan pahlawan ann😂,Lainnya,Lainnya,Lainnya/Jateng
3804,3,,Instagram,Dikira kita bodoh kali😂 bikin postingan gtu,Negatif,,,2026-02-25 19:46:39.483484+00:00,Dikira kita bodoh kali😂 bikin postingan gtu,Lainnya,Lainnya,Lainnya/Jateng
3807,3,,Instagram,Tidak ada? 😂😂😂 O la asu,Negatif,,,2026-02-25 19:46:39.483484+00:00,Tidak ada? 😂😂😂 O la asu,Lainnya,Lainnya,Lainnya/Jateng
3823,3,,Instagram,Mikir le meh posting ki. Mbo kiro sing mbo dongeng i wongpekok pesok? Sadar diri intropeksi o. Salahmu kui akeh. Dolop e kok tak karuan,Negatif,,,2026-02-25 19:46:39.483484+00:00,Mikir le meh posting ki. Mbo kiro sing mbo dongeng i wongpekok pesok? Sadar diri intropeksi o. Salahmu kui akeh. Dolop e kok tak karuan,Lainnya,Lainnya,Lainnya/Jateng
3825,3,,Instagram,"Iki kepalane sopo to kok utekke isine duet, munduro su daripada urepmu tak tenang",Negatif,,,2026-02-25 19:46:39.483484+00:00,"Iki kepalane sopo to kok utekke isine duet, munduro su daripada urepmu tak tenang",Lainnya,Lainnya,Lainnya/Jateng
3792,3,,Instagram,Hilih gayane ngopeni & nglakoni 🤮,Negatif,,,2026-02-25 19:46:39.483484+00:00,Hilih gayane ngopeni & nglakoni 🤮,Lainnya,Gubernur,Lainnya/Jateng
537,1,,TikTok,pilihane p wi,Negatif,,,2026-02-25 19:46:39.483484+00:00,2-12,Kekecewaan Politik,Gubernur,Lainnya/Jateng
3808,3,,Instagram,Rakyat kejet2,Negatif,,,2026-02-25 19:46:39.483484+00:00,Rakyat kejet2,Beban Ekonomi,Nasib Rakyat / Kesejahteraan,Lainnya/Jateng
3834,3,,Instagram,"Rakyat mung kere ora pekok, kere karo pekok harus di bedakan",Negatif,,,2026-02-25 19:46:39.483484+00:00,"Rakyat mung kere ora pekok, kere karo pekok harus di bedakan",Beban Ekonomi,Nasib Rakyat / Kesejahteraan,Lainnya/Jateng
3838,3,,Instagram,RAKYAT KI WES PINTER RASAH ANEH ANEH KONTOL,Negatif,,,2026-02-25 19:46:39.483484+00:00,RAKYAT KI WES PINTER RASAH ANEH ANEH KONTOL,Beban Ekonomi,Nasib Rakyat / Kesejahteraan,Lainnya/Jateng
3836,3,,Instagram,Asu isek iso ngeles bajingan iki,Negatif,,,2026-02-25 19:46:39.483484+00:00,Asu isek iso ngeles bajingan iki,Lainnya,Gubernur,Lainnya/Jateng
2291,1,,TikTok,Opsen iku apa pak Gub,Negatif,,,2026-02-25 19:46:39.483484+00:00,2-12,Lainnya,Gubernur,Lainnya/Jateng
53,1,,TikTok,"cuma gubernur KDM & kepdes hoho yg menyejahterakan warganya,
yg lain gedabrus",Negatif,,,2026-02-25 19:46:39.483484+00:00,2-12,Lainnya,Gubernur,Lainnya/Jateng
59,1,,TikTok,"ya begini lah kalau gubernurnya eks polri, kamu tau kan institusi itu sekarang citra nya seperti apa [stiker]",Negatif,,,2026-02-25 19:46:39.483484+00:00,3 h yang lalu,Lainnya,Gubernur,Lainnya/Jateng
65,1,,TikTok,TURUNKAN AHMAD LUTHFI SEBAGAI GUBERNUR,Negatif,,,2026-02-25 19:46:39.483484+00:00,2-12,Lainnya,Gubernur,Lainnya/Jateng
174,1,,TikTok,sing milih Iki jadi gubernur ke sopo....,Negatif,,,2026-02-25 19:46:39.483484+00:00,2-12,Lainnya,Gubernur,Lainnya/Jateng
828,1,,TikTok,gub turun dr pd menyengsarakan dan mencekik rakyat,Negatif,,,2026-02-25 19:46:39.483484+00:00,1 h yang lalu,Beban Ekonomi,Gubernur,Lainnya/Jateng
793,1,,TikTok,"gubernur Jawa Barat dimohon rangkap jabatan buat Jawa Tengah aja solusi nya, gimana cara tag akun pak kdm ya tolong di tag pak kdm gubernur Jawa barat ,",Negatif,,,2026-02-25 19:46:39.483484+00:00,6 h yang lalu,Lainnya,Gubernur,Pekalongan/Pantura (G)
858,1,,TikTok,jawa tenga ketok ele e gubernur jawa barat ketok api e gubernur.mantan ladusing sngt berbhya🤣🤣,Negatif,,,2026-02-25 19:46:39.483484+00:00,2-13,Lainnya,Gubernur,Pekalongan/Pantura (G)
863,1,,TikTok,iseh sui ben ganti gubernur 😂,Negatif,,,2026-02-25 19:46:39.483484+00:00,2-13,Lainnya,Gubernur,Lainnya/Jateng
2274,1,,TikTok,gubernur yg akan menyiksa rakyat kecil,Negatif,,,2026-02-25 19:46:39.483484+00:00,2-12,Beban Ekonomi,Gubernur,Lainnya/Jateng
2242,1,,TikTok,gubernur gank oslo😂😂,Negatif,,,2026-02-25 19:46:39.483484+00:00,2-12,Lainnya,Gubernur,Solo Raya (AD)
2248,1,,TikTok,ampun gubernur ngene iki,Negatif,,,2026-02-25 19:46:39.483484+00:00,2-12,Lainnya,Gubernur,Lainnya/Jateng
2243,1,,TikTok,penuh penyesalan milih gub ini,Negatif,,,2026-02-25 19:46:39.483484+00:00,2-12,Lainnya,Gubernur,Lainnya/Jateng
2875,2,,TikTok,"Gus...Gus sayang seribu sayang Gus yg saya harapkan,bisa ikut"" si lutfi 😄😄😂😂😂",Negatif,,,2026-02-25 19:46:39.483484+00:00,1 h yang lalu,Lainnya,Wakil Gubernur,Lainnya/Jateng
2898,2,,TikTok,penjelasan nurmatif mending gusur Lutfi mundur,Negatif,,,2026-02-25 19:46:39.483484+00:00,1 h yang lalu,Lainnya,Wakil Gubernur,Lainnya/Jateng
2629,2,,TikTok,siiiiiin Yasin... Kowe Ki ISO kerjo opooo?????,Negatif,,,2026-02-25 19:46:39.483484+00:00,1 h yang lalu,Lainnya,Wakil Gubernur,Solo Raya (AD)
3318,3,,Instagram,APA MAU DIAJARI OLEH  GUBERNUR KONTEN ??,Negatif,,,2026-02-25 19:46:39.483484+00:00,APA MAU DIAJARI OLEH  GUBERNUR KONTEN ??,Lainnya,Gubernur,Lainnya/Jateng
3484,3,,Instagram,Meh komen model piye rak bakal ngubah aturan 🥱,Negatif,,,2026-02-25 19:46:39.483484+00:00,Meh komen model piye rak bakal ngubah aturan 🥱,Lainnya,Gubernur,Lainnya/Jateng
3811,3,,Instagram,INFONE NING APK JNN MAU ENEK DISKON 5%. 😂😂😂😂😂 NEK WANI 50% NGASI ENTEK JABATAN GUBERNUR E ??? 😂😂😂😂,Negatif,,,2026-02-25 19:46:39.483484+00:00,INFONE NING APK JNN MAU ENEK DISKON 5%. 😂😂😂😂😂 NEK WANI 50% NGASI ENTEK JABATAN GUBERNUR E ??? 😂😂😂😂,Lainnya,Gubernur,Lainnya/Jateng
2591,2,,TikTok,ngopi pak yasin,Negatif,,,2026-02-25 19:46:39.483484+00:00,3 j yang lalu,Lainnya,Wakil Gubernur,Lainnya/Jateng
2611,2,,TikTok,gus yasin adalah wali,Negatif,,,2026-02-25 19:46:39.483484+00:00,2 j yang lalu,Lainnya,Wakil Gubernur,Lainnya/Jateng
763,1,,TikTok,Jawa barat tuker bupati yuk 😳,Negatif,,,2026-02-25 19:46:39.483484+00:00,2-12,Lainnya,Lainnya,Pati/Muria (K)
2355,1,,TikTok,"wes sak karepmu pak,2029 wes weggah milih wakil rkyat,",Negatif,,,2026-02-25 19:46:39.483484+00:00,2-12,Lainnya,Wakil Gubernur,Lainnya/Jateng
292,1,,TikTok,lebih bagus kerja kades hoho ..lebih nampak nyata utk rakyat,Negatif,,,2026-02-25 19:46:39.483484+00:00,4 h yang lalu,Beban Ekonomi,Wakil Gubernur,Lainnya/Jateng
2667,2,,TikTok,Gus km rakyat yakin atas kepemimpinan panjenengan MK kmr memilih MK kewajiban Gus memberi nyaman aman terhadap masyarakat,Negatif,,,2026-02-25 19:46:39.483484+00:00,14 j yang lalu,Beban Ekonomi,Wakil Gubernur,Pekalongan/Pantura (G)
490,1,,TikTok,"apakah ini setelah diskusi dengan wakil kemarin,,,, bertanya dengan nada lembut gemulai",Negatif,,,2026-02-25 19:46:39.483484+00:00,2-12,Lainnya,Wakil Gubernur,Lainnya/Jateng
1960,1,,TikTok,aturan yang membuat masyarakat jawa tengah kecewa,Negatif,,,2026-02-25 19:46:39.483484+00:00,2-12,Kekecewaan Politik,Pemerintahan,Lainnya/Jateng
7,1,,TikTok,UMR terendah tp pajak tertinggi.. mau meras rakyat,Negatif,,,2026-02-25 19:46:39.483484+00:00,2-12,Beban Ekonomi,Institusi (Bapenda/Samsat),Lainnya/Jateng
86,1,,TikTok,bayar pajak lol bayar lo kali pi lutpi,Negatif,,,2026-02-25 19:46:39.483484+00:00,10 j yang lalu,Lainnya,Institusi (Bapenda/Samsat),Lainnya/Jateng
67,1,,TikTok,"UMR Provinsi paling Rendah. Minta Pajak Paling tinggi..
emg Anj",Negatif,,,2026-02-25 19:46:39.483484+00:00,2-13,Lainnya,Institusi (Bapenda/Samsat),Lainnya/Jateng
78,1,,TikTok,Wes umr e pol cuilik pajake pol akeh,Negatif,,,2026-02-25 19:46:39.483484+00:00,2-13,Lainnya,Institusi (Bapenda/Samsat),Lainnya/Jateng
100,1,,TikTok,Stop bayar pajak .... TITIK !!!!!,Negatif,,,2026-02-25 19:46:39.483484+00:00,2-12,Lainnya,Institusi (Bapenda/Samsat),Lainnya/Jateng
2370,1,,TikTok,"Gak heran, krn dr dulu sudah mnjadi pekerjaan nya klo urusan spt ini",Negatif,,,2026-02-25 19:46:39.483484+00:00,2-12,Kekecewaan Politik,Lainnya,Lainnya/Jateng
2469,1,,TikTok,saya kecewa ni,Negatif,,,2026-02-25 19:46:39.483484+00:00,2-12,Kekecewaan Politik,Lainnya,Lainnya/Jateng
2614,2,,TikTok,kalau pas kampanye pasti pemutihan,Negatif,,,2026-02-25 19:46:39.483484+00:00,5 j yang lalu,Kekecewaan Politik,Gubernur,Lainnya/Jateng
112,1,,TikTok,PIUTANG KARNA RAKYAT NGGAK BAYAR PAJAK😏,Negatif,,,2026-02-25 19:46:39.483484+00:00,6 h yang lalu,Beban Ekonomi,Institusi (Bapenda/Samsat),Lainnya/Jateng
117,1,,TikTok,pajak rasah dibyr..nunggu pemutihan 3 tahun ke depan.,Negatif,,,2026-02-25 19:46:39.483484+00:00,2-12,Lainnya,Institusi (Bapenda/Samsat),Pekalongan/Pantura (G)
152,1,,TikTok,"dijatim & jabar seberapa besar pajak kendaraan....
kenapa kalo ada piutang pajak dbebankan kpd smua pembyr pjk bermotor",Negatif,,,2026-02-25 19:46:39.483484+00:00,1 m yang lalu,Lainnya,Institusi (Bapenda/Samsat),Solo Raya (AD)
119,1,,TikTok,mulay sekarang stop pajak,Negatif,,,2026-02-25 19:46:39.483484+00:00,2-12,Lainnya,Institusi (Bapenda/Samsat),Lainnya/Jateng
122,1,,TikTok,UMR gedein malah pajak yg digedein hehehehe,Negatif,,,2026-02-25 19:46:39.483484+00:00,1 m yang lalu,Lainnya,Institusi (Bapenda/Samsat),Lainnya/Jateng
131,1,,TikTok,ayo kompak ga usah bayar pajak,Negatif,,,2026-02-25 19:46:39.483484+00:00,2-12,Lainnya,Institusi (Bapenda/Samsat),Lainnya/Jateng
133,1,,TikTok,"stop bayar pajak yuuuh, nunggu pemutihan",Negatif,,,2026-02-25 19:46:39.483484+00:00,2-12,Lainnya,Institusi (Bapenda/Samsat),Lainnya/Jateng
140,1,,TikTok,coba deh pajaknya diskon 50% pasti piutang pajaknya berkurang 😁,Negatif,,,2026-02-25 19:46:39.483484+00:00,2-12,Lainnya,Institusi (Bapenda/Samsat),Lainnya/Jateng
197,1,,TikTok,hari gini bayar pajak ogah,Negatif,,,2026-02-25 19:46:39.483484+00:00,2-12,Lainnya,Institusi (Bapenda/Samsat),Lainnya/Jateng
293,1,,TikTok,"itulah kalau rakyat sudah muak dengan pejabat pejabat yg tidak pro rakyat yg tidak amanah,yg selalu mempersulit rakyat untung tidak se indonesia stop bayar pajaknya,kalau ngak,???😂",Negatif,,,2026-02-25 19:46:39.483484+00:00,4 h yang lalu,Beban Ekonomi,Institusi (Bapenda/Samsat),Pekalongan/Pantura (G)
295,1,,TikTok,stop bayar pajak,Negatif,,,2026-02-25 19:46:39.483484+00:00,4 h yang lalu,Lainnya,Institusi (Bapenda/Samsat),Lainnya/Jateng
346,1,,TikTok,"stop pajak,",Negatif,,,2026-02-25 19:46:39.483484+00:00,5 h yang lalu,Lainnya,Institusi (Bapenda/Samsat),Lainnya/Jateng
543,1,,TikTok,kalau hutang rakyat di kasih tau dan kena beban . tp kalau ad urung ada masukan dana gak mungkin rakyat di kasih tau. dn tetap kena pajak,Negatif,,,2026-02-25 19:46:39.483484+00:00,2-12,Beban Ekonomi,Institusi (Bapenda/Samsat),Lainnya/Jateng
572,1,,TikTok,sudah 3 tahun aku stop bayar pajak 😂,Negatif,,,2026-02-25 19:46:39.483484+00:00,2-12,Lainnya,Institusi (Bapenda/Samsat),Pekalongan/Pantura (G)
529,1,,TikTok,gk usah pada demo mending pending pajak serentak dah terasa..,Negatif,,,2026-02-25 19:46:39.483484+00:00,2-12,Lainnya,Institusi (Bapenda/Samsat),Kedu (AA)
504,1,,TikTok,"umr rendah, pajek duwur. joh",Negatif,,,2026-02-25 19:46:39.483484+00:00,2-12,Lainnya,Institusi (Bapenda/Samsat),Lainnya/Jateng
516,1,,TikTok,"halah ora usah dibayar, pajek wae sing diurus kerjamu ora ono koruptor""kuwi diurusi",Negatif,,,2026-02-25 19:46:39.483484+00:00,2-12,Lainnya,Institusi (Bapenda/Samsat),Lainnya/Jateng
525,1,,TikTok,ga usah bayar pajak klo bayar pajak ke enakan,Negatif,,,2026-02-25 19:46:39.483484+00:00,2-12,Lainnya,Institusi (Bapenda/Samsat),Lainnya/Jateng
555,1,,TikTok,#stop bayar pajak,Negatif,,,2026-02-25 19:46:39.483484+00:00,2-12,Lainnya,Institusi (Bapenda/Samsat),Lainnya/Jateng
703,1,,TikTok,Jangan di persulit kalau Rakyat ingin bayar pajak...,Negatif,,,2026-02-25 19:46:39.483484+00:00,2-12,Beban Ekonomi,Institusi (Bapenda/Samsat),Lainnya/Jateng
927,1,,TikTok,"bukanya mengurangi minat masyarakat utk taat pajak,,tapi malah bikin rakyat malas pajak👍👍👍",Negatif,,,2026-02-25 19:46:39.483484+00:00,2-13,Beban Ekonomi,Institusi (Bapenda/Samsat),Lainnya/Jateng
675,1,,TikTok,hola holo retine pajak pajakkkk,Negatif,,,2026-02-25 19:46:39.483484+00:00,2-13,Lainnya,Institusi (Bapenda/Samsat),Lainnya/Jateng
689,1,,TikTok,OPSEN ITU yang bikin males bayar pokok pajak okelah,Negatif,,,2026-02-25 19:46:39.483484+00:00,2-12,Lainnya,Institusi (Bapenda/Samsat),Lainnya/Jateng
693,1,,TikTok,BOIKOT PAJAK!!!!,Negatif,,,2026-02-25 19:46:39.483484+00:00,2-12,Lainnya,Institusi (Bapenda/Samsat),Lainnya/Jateng
831,1,,TikTok,"inget pesan mulyono, banyak atur, banyak aturan memperlambat perbaikan, pajak berkendaran tepat waktu realisasinya hadeuuh, capek deh",Negatif,,,2026-02-25 19:46:39.483484+00:00,4 h yang lalu,Lainnya,Institusi (Bapenda/Samsat),Lainnya/Jateng
835,1,,TikTok,ayo mogok pajak,Negatif,,,2026-02-25 19:46:39.483484+00:00,1 m yang lalu,Lainnya,Institusi (Bapenda/Samsat),Lainnya/Jateng
844,1,,TikTok,stooop bayar pajak nak perlu demo.,Negatif,,,2026-02-25 19:46:39.483484+00:00,2-13,Lainnya,Institusi (Bapenda/Samsat),Lainnya/Jateng
995,1,,TikTok,stop pajak,Negatif,,,2026-02-25 19:46:39.483484+00:00,2-13,Lainnya,Institusi (Bapenda/Samsat),Lainnya/Jateng
1004,1,,TikTok,"saya yakin, masyarakat Jawa Tengah,d tahun ini pasti banyak yg akan nunggak membayar pajak kendaraan",Negatif,,,2026-02-25 19:46:39.483484+00:00,1 m yang lalu,Lainnya,Institusi (Bapenda/Samsat),Pekalongan/Pantura (G)
1034,1,,TikTok,#prei bayar pajak sek,Negatif,,,2026-02-25 19:46:39.483484+00:00,1 m yang lalu,Lainnya,Institusi (Bapenda/Samsat),Lainnya/Jateng
1049,1,,TikTok,Stop bayar pajak,Negatif,,,2026-02-25 19:46:39.483484+00:00,1 m yang lalu,Lainnya,Institusi (Bapenda/Samsat),Lainnya/Jateng
1050,1,,TikTok,"ra usah pajeki , benke wae",Negatif,,,2026-02-25 19:46:39.483484+00:00,1 m yang lalu,Lainnya,Institusi (Bapenda/Samsat),Lainnya/Jateng
1089,1,,TikTok,kalau di persulit stop bayar pajak segala pajak.,Negatif,,,2026-02-25 19:46:39.483484+00:00,1 m yang lalu,Lainnya,Institusi (Bapenda/Samsat),Lainnya/Jateng
1093,1,,TikTok,gk usah bayar pajak pokok e,Negatif,,,2026-02-25 19:46:39.483484+00:00,1 m yang lalu,Lainnya,Institusi (Bapenda/Samsat),Lainnya/Jateng
1134,1,,TikTok,Ra usah pajak,Negatif,,,2026-02-25 19:46:39.483484+00:00,1 m yang lalu,Lainnya,Institusi (Bapenda/Samsat),Lainnya/Jateng
1243,1,,TikTok,Aku mau stop bayar pajak,Negatif,,,2026-02-25 19:46:39.483484+00:00,2-12,Lainnya,Institusi (Bapenda/Samsat),Lainnya/Jateng
1249,1,,TikTok,ga usah di pajak,Negatif,,,2026-02-25 19:46:39.483484+00:00,2-12,Lainnya,Institusi (Bapenda/Samsat),Lainnya/Jateng
1250,1,,TikTok,intine dapat ve pajak.... 🤣🤣,Negatif,,,2026-02-25 19:46:39.483484+00:00,2-12,Lainnya,Institusi (Bapenda/Samsat),Lainnya/Jateng
1505,1,,TikTok,Yang Gak Mau Bayar Pajak ----->,Negatif,,,2026-02-25 19:46:39.483484+00:00,2-12,Lainnya,Institusi (Bapenda/Samsat),Lainnya/Jateng
1653,1,,TikTok,Ndak punya ide... pajak kayak kompeni,Negatif,,,2026-02-25 19:46:39.483484+00:00,2-12,Lainnya,Institusi (Bapenda/Samsat),Lainnya/Jateng
1799,1,,TikTok,Halah raurus pajekk bosss,Negatif,,,2026-02-25 19:46:39.483484+00:00,2-12,Lainnya,Institusi (Bapenda/Samsat),Lainnya/Jateng
1964,1,,TikTok,ngayomi ngopeni pajak,Negatif,,,2026-02-25 19:46:39.483484+00:00,2-12,Lainnya,Institusi (Bapenda/Samsat),Lainnya/Jateng
2141,1,,TikTok,wes gak ush dipajakno ae beres.,Negatif,,,2026-02-25 19:46:39.483484+00:00,2-12,Lainnya,Institusi (Bapenda/Samsat),Lainnya/Jateng
506,1,,TikTok,gubernur gak mikirin rakyat nya,Negatif,,,2026-02-25 19:46:39.483484+00:00,2-12,Beban Ekonomi,Gubernur,Lainnya/Jateng
1313,1,,TikTok,turunkan gubernur,Negatif,,,2026-02-25 19:46:39.483484+00:00,2-12,Lainnya,Gubernur,Lainnya/Jateng
2477,1,,TikTok,gubernur nol prestasi,Negatif,,,2026-02-25 19:46:39.483484+00:00,2-12,Lainnya,Gubernur,Lainnya/Jateng
2512,1,,TikTok,gubernur.. anyeeeb,Negatif,,,2026-02-25 19:46:39.483484+00:00,2-12,Lainnya,Gubernur,Lainnya/Jateng
2719,2,,TikTok,gubernur ra becus mimpin,Negatif,,,2026-02-25 19:46:39.483484+00:00,20 j yang lalu,Lainnya,Gubernur,Lainnya/Jateng
178,1,,TikTok,gubenur paling kuncluk seindonesia,Negatif,,,2026-02-25 19:46:39.483484+00:00,2-12,Lainnya,Gubernur,Lainnya/Jateng
185,1,,TikTok,demo Bae lh bubarkan gubernur bosku,Negatif,,,2026-02-25 19:46:39.483484+00:00,2-12,Lainnya,Gubernur,Lainnya/Jateng
306,1,,TikTok,gubernur. pro rakyat😁,Negatif,,,2026-02-25 19:46:39.483484+00:00,4 h yang lalu,Beban Ekonomi,Gubernur,Lainnya/Jateng
247,1,,TikTok,"pak dedi,pak dedi mana pak dedi,gubernurku pak dedi mulyadi .
😄😄😄🤣",Negatif,,,2026-02-25 19:46:39.483484+00:00,3 h yang lalu,Lainnya,Gubernur,Pekalongan/Pantura (G)
304,1,,TikTok,"pergub?? peraturan gubernur, njenengan yang mengesahkan .. so???",Negatif,,,2026-02-25 19:46:39.483484+00:00,4 h yang lalu,Lainnya,Gubernur,Solo Raya (AD)
188,1,,TikTok,"pak gub sangat bijaksana keputusan ini
🤣😂😅😅",Negatif,,,2026-02-25 19:46:39.483484+00:00,2-12,Lainnya,Gubernur,Lainnya/Jateng
210,1,,TikTok,ganti gubernur!!!!!!,Negatif,,,2026-02-25 19:46:39.483484+00:00,2 h yang lalu,Lainnya,Gubernur,Lainnya/Jateng
217,1,,TikTok,Turunkan gubernurnya,Negatif,,,2026-02-25 19:46:39.483484+00:00,2 h yang lalu,Lainnya,Gubernur,Lainnya/Jateng
253,1,,TikTok,"pergub nya tinggal di cabut dgn pergub baru, gmn si jd gub itu aja gk tau",Negatif,,,2026-02-25 19:46:39.483484+00:00,3 h yang lalu,Lainnya,Gubernur,Lainnya/Jateng
277,1,,TikTok,Dadi gubernur malah menyusahkan,Negatif,,,2026-02-25 19:46:39.483484+00:00,4 h yang lalu,Lainnya,Gubernur,Lainnya/Jateng
281,1,,TikTok,gubernur lebih baik mundur dari pada di turunkan setuju kawan,Negatif,,,2026-02-25 19:46:39.483484+00:00,4 h yang lalu,Lainnya,Gubernur,Lainnya/Jateng
290,1,,TikTok,dasarnya kan yg buat gubernur,Negatif,,,2026-02-25 19:46:39.483484+00:00,4 h yang lalu,Lainnya,Gubernur,Lainnya/Jateng
3087,3,,Instagram,Hapus opsen pajak,Negatif,,,2026-02-25 19:46:39.483484+00:00,Hapus opsen pajak,Lainnya,Institusi (Bapenda/Samsat),Lainnya/Jateng
640,1,,TikTok,betul kpn kita mau kompak turunkan gubernur yg menekan rakyat makin sengsara,Negatif,,,2026-02-25 19:46:39.483484+00:00,2-12,Beban Ekonomi,Gubernur,Lainnya/Jateng
680,1,,TikTok,gubernur apaan meres rakyatnya jauh banget sama kang dedi,Negatif,,,2026-02-25 19:46:39.483484+00:00,2-13,Beban Ekonomi,Gubernur,Lainnya/Jateng
762,1,,TikTok,memang hebat gubernurku,Negatif,,,2026-02-25 19:46:39.483484+00:00,2-13,Lainnya,Gubernur,Pekalongan/Pantura (G)
670,1,,TikTok,gubernur t4!,Negatif,,,2026-02-25 19:46:39.483484+00:00,2-13,Lainnya,Gubernur,Lainnya/Jateng
724,1,,TikTok,gubernur ra genah suu tnan,Negatif,,,2026-02-25 19:46:39.483484+00:00,2-12,Lainnya,Gubernur,Lainnya/Jateng
739,1,,TikTok,sampean ketok e kok boten suwe pak njabat gubernur 😂😂😂😂😂,Negatif,,,2026-02-25 19:46:39.483484+00:00,2-12,Lainnya,Gubernur,Lainnya/Jateng
765,1,,TikTok,selama iki dadi gubernur opo gebrakanem😂🤣,Negatif,,,2026-02-25 19:46:39.483484+00:00,2-12,Lainnya,Gubernur,Lainnya/Jateng
791,1,,TikTok,gubernur tempe...,Negatif,,,2026-02-25 19:46:39.483484+00:00,6 h yang lalu,Lainnya,Gubernur,Lainnya/Jateng
1086,1,,TikTok,"sing milih gubernur Iki.....tunjuk jari hayo.
Ra sah isin. 😂😂",Negatif,,,2026-02-25 19:46:39.483484+00:00,2-13,Lainnya,Gubernur,Lainnya/Jateng
884,1,,TikTok,menyala bgt pak gubernur 🤣,Negatif,,,2026-02-25 19:46:39.483484+00:00,2-13,Lainnya,Gubernur,Lainnya/Jateng
902,1,,TikTok,turunkan gubernur,Negatif,,,2026-02-25 19:46:39.483484+00:00,2-13,Lainnya,Gubernur,Lainnya/Jateng
915,1,,TikTok,GUBERNUR GATHEELLLL,Negatif,,,2026-02-25 19:46:39.483484+00:00,2-13,Lainnya,Gubernur,Lainnya/Jateng
917,1,,TikTok,gubenur g guna😡😡,Negatif,,,2026-02-25 19:46:39.483484+00:00,2-13,Lainnya,Gubernur,Lainnya/Jateng
949,1,,TikTok,andai gubernur kita KDM,Negatif,,,2026-02-25 19:46:39.483484+00:00,2-13,Lainnya,Gubernur,Lainnya/Jateng
972,1,,TikTok,"kalau pergub, rubah aja, kan you gubernur.",Negatif,,,2026-02-25 19:46:39.483484+00:00,2-13,Lainnya,Gubernur,Lainnya/Jateng
1339,1,,TikTok,kira2 gubernur bisa ngk bikin PERGUB yg pro RAKYAT Bukan malah meres RAKYAT,Negatif,,,2026-02-25 19:46:39.483484+00:00,2-12,Beban Ekonomi,Gubernur,Lainnya/Jateng
1082,1,,TikTok,Sadewo menginspirasi Luthfi,Negatif,,,2026-02-25 19:46:39.483484+00:00,2-13,Lainnya,Gubernur,Lainnya/Jateng
982,1,,TikTok,gubernur berbintang 3 😂,Negatif,,,2026-02-25 19:46:39.483484+00:00,2-13,Lainnya,Gubernur,Lainnya/Jateng
1012,1,,TikTok,turunkan gubenur kita.,Negatif,,,2026-02-25 19:46:39.483484+00:00,1 m yang lalu,Lainnya,Gubernur,Lainnya/Jateng
1013,1,,TikTok,jadi gubernur molai ngibul [stiker],Negatif,,,2026-02-25 19:46:39.483484+00:00,1 m yang lalu,Lainnya,Gubernur,Lainnya/Jateng
1039,1,,TikTok,"gubernur sakti, pny ilmu menghilang.",Negatif,,,2026-02-25 19:46:39.483484+00:00,1 m yang lalu,Lainnya,Gubernur,Lainnya/Jateng
1041,1,,TikTok,wes Jawa Tengah gaji ne paling cilik dewe gubernur e kakean polah ghatell😂,Negatif,,,2026-02-25 19:46:39.483484+00:00,1 m yang lalu,Lainnya,Gubernur,Lainnya/Jateng
1056,1,,TikTok,ganti gubernur nya,Negatif,,,2026-02-25 19:46:39.483484+00:00,1 m yang lalu,Lainnya,Gubernur,Lainnya/Jateng
1058,1,,TikTok,demooooooop. asem tenan.. kelakuan gubernur ne,Negatif,,,2026-02-25 19:46:39.483484+00:00,1 m yang lalu,Lainnya,Gubernur,Lainnya/Jateng
1070,1,,TikTok,gubtol,Negatif,,,2026-02-25 19:46:39.483484+00:00,1 m yang lalu,Lainnya,Gubernur,Lainnya/Jateng
1114,1,,TikTok,nikmati aza gubernur impian kalian🤣🤣🤣🤣,Negatif,,,2026-02-25 19:46:39.483484+00:00,2-13,Lainnya,Gubernur,Lainnya/Jateng
1247,1,,TikTok,ora milih keno dampake nasib nasib sing Podo milih gubernur Iki tanggung jawab wooiiii!!!!!!,Negatif,,,2026-02-25 19:46:39.483484+00:00,2-12,Lainnya,Gubernur,Lainnya/Jateng
1132,1,,TikTok,gggubernur dari palri y yg di buat sasaran kendaraan,Negatif,,,2026-02-25 19:46:39.483484+00:00,1 m yang lalu,Lainnya,Gubernur,Lainnya/Jateng
1154,1,,TikTok,gubernur cap apaan noh,Negatif,,,2026-02-25 19:46:39.483484+00:00,1 m yang lalu,Lainnya,Gubernur,Lainnya/Jateng
1179,1,,TikTok,"ra usah di bayar, selagi gubernure rong ganti,,",Negatif,,,2026-02-25 19:46:39.483484+00:00,2-12,Lainnya,Gubernur,Lainnya/Jateng
1187,1,,TikTok,pergub kui Sik nggawe sopo pak?,Negatif,,,2026-02-25 19:46:39.483484+00:00,2-12,Lainnya,Gubernur,Lainnya/Jateng
1188,1,,TikTok,klo dasarnya aturan pergub.. yaa pergubnya di cabut d ganti yg baru.. atau yaa minimal d revisi to pak.. agar tdk memberatkan masyarakat..,Negatif,,,2026-02-25 19:46:39.483484+00:00,2-12,Lainnya,Gubernur,Lainnya/Jateng
1221,1,,TikTok,mungkin next sudewo versi gubernur 🤔,Negatif,,,2026-02-25 19:46:39.483484+00:00,2-12,Lainnya,Gubernur,Lainnya/Jateng
1225,1,,TikTok,gubernur ngk visa kerja,Negatif,,,2026-02-25 19:46:39.483484+00:00,2-12,Lainnya,Gubernur,Lainnya/Jateng
1245,1,,TikTok,gub gateel,Negatif,,,2026-02-25 19:46:39.483484+00:00,2-12,Lainnya,Gubernur,Lainnya/Jateng
1260,1,,TikTok,"seumur umur punya gubernur gini amat,,",Negatif,,,2026-02-25 19:46:39.483484+00:00,2-12,Lainnya,Gubernur,Lainnya/Jateng
1261,1,,TikTok,turunkan ja gubernurnya,Negatif,,,2026-02-25 19:46:39.483484+00:00,2-12,Lainnya,Gubernur,Lainnya/Jateng
1270,1,,TikTok,"parah ini gubernur,jln perbaiki dl",Negatif,,,2026-02-25 19:46:39.483484+00:00,2-12,Lainnya,Gubernur,Lainnya/Jateng
1291,1,,TikTok,turunkan gubernur,Negatif,,,2026-02-25 19:46:39.483484+00:00,2-12,Lainnya,Gubernur,Lainnya/Jateng
1306,1,,TikTok,ayo kita demo...turunkan gubernur,Negatif,,,2026-02-25 19:46:39.483484+00:00,2-12,Lainnya,Gubernur,Lainnya/Jateng
1316,1,,TikTok,gubernur produk termul,Negatif,,,2026-02-25 19:46:39.483484+00:00,2-12,Lainnya,Gubernur,Lainnya/Jateng
1445,1,,TikTok,gubernur ora pecus mensejah Terano rakyat Mlah nekek rakyat,Negatif,,,2026-02-25 19:46:39.483484+00:00,2-12,Beban Ekonomi,Gubernur,Lainnya/Jateng
1479,1,,TikTok,mangan ae rekoso lho p gub....smpyn enak,Negatif,,,2026-02-25 19:46:39.483484+00:00,2-12,Lainnya,Gubernur,Pekalongan/Pantura (G)
1376,1,,TikTok,Gubernure otake wis,Negatif,,,2026-02-25 19:46:39.483484+00:00,2-12,Lainnya,Gubernur,Lainnya/Jateng
1267,1,,TikTok,gubernur lek salah milih yo ngono kuwi..bkas bju cklat mnig,Negatif,,,2026-02-25 19:46:39.483484+00:00,2-12,Lainnya,Gubernur,Lainnya/Jateng
1265,1,,TikTok,penyesalan terbesar milih luthfi,Negatif,,,2026-02-25 19:46:39.483484+00:00,2-12,Lainnya,Gubernur,Lainnya/Jateng
1411,1,,TikTok,😂😂😂pasti ada kata rapat klo diwawancarain😅😅...gubernur rapat,Negatif,,,2026-02-25 19:46:39.483484+00:00,2-12,Lainnya,Gubernur,Lainnya/Jateng
1415,1,,TikTok,turunkan gubenor tolil,Negatif,,,2026-02-25 19:46:39.483484+00:00,2-12,Lainnya,Gubernur,Lainnya/Jateng
1419,1,,TikTok,"gubernur dan jajarannya, kapolda dan jajarannya dapat INSENTIF luar biasa gedenya",Negatif,,,2026-02-25 19:46:39.483484+00:00,2-12,Lainnya,Gubernur,Lainnya/Jateng
1435,1,,TikTok,hadeeeh gubernur kok koyo ngono,Negatif,,,2026-02-25 19:46:39.483484+00:00,2-12,Lainnya,Gubernur,Lainnya/Jateng
1458,1,,TikTok,gubernure ora iso kerjo,Negatif,,,2026-02-25 19:46:39.483484+00:00,2-12,Lainnya,Gubernur,Lainnya/Jateng
1473,1,,TikTok,"ini baru gubernur cerdas bolo
jos gandos👍",Negatif,,,2026-02-25 19:46:39.483484+00:00,2-12,Lainnya,Gubernur,Lainnya/Jateng
1476,1,,TikTok,turunkan gubenur,Negatif,,,2026-02-25 19:46:39.483484+00:00,2-12,Lainnya,Gubernur,Lainnya/Jateng
1487,1,,TikTok,helo gays inilah gubernur ku.. 😄,Negatif,,,2026-02-25 19:46:39.483484+00:00,2-12,Lainnya,Gubernur,Lainnya/Jateng
1761,1,,TikTok,"kita demo aja gubernur wong ra iso mimpin rakyat, isane mong gawe aturan sak karepe dewe",Negatif,,,2026-02-25 19:46:39.483484+00:00,2-12,Beban Ekonomi,Gubernur,Lainnya/Jateng
1604,1,,TikTok,gubernur terbaik seindonesia mantap pak jendral,Negatif,,,2026-02-25 19:46:39.483484+00:00,2-12,Lainnya,Gubernur,Pekalongan/Pantura (G)
1828,1,,TikTok,ramang dadi gub.....,Negatif,,,2026-02-25 19:46:39.483484+00:00,2-12,Lainnya,Gubernur,Pekalongan/Pantura (G)
1506,1,,TikTok,Ra pecus dadi gubernur,Negatif,,,2026-02-25 19:46:39.483484+00:00,2-12,Lainnya,Gubernur,Lainnya/Jateng
1563,1,,TikTok,rkyt yg di injk injk yg di atas poya poya turun knn gubrnur nya,Negatif,,,2026-02-25 19:46:39.483484+00:00,2-12,Lainnya,Gubernur,Lainnya/Jateng
1574,1,,TikTok,GANTI GUBERNURNYA,Negatif,,,2026-02-25 19:46:39.483484+00:00,2-12,Lainnya,Gubernur,Lainnya/Jateng
1579,1,,TikTok,gubernur ora duwe melas blas karo wong cilik😭😭😭😭,Negatif,,,2026-02-25 19:46:39.483484+00:00,2-12,Lainnya,Gubernur,Lainnya/Jateng
1584,1,,TikTok,gubenur kreatif,Negatif,,,2026-02-25 19:46:39.483484+00:00,2-12,Lainnya,Gubernur,Lainnya/Jateng
1687,1,,TikTok,turunkan gubernur.,Negatif,,,2026-02-25 19:46:39.483484+00:00,2-12,Lainnya,Gubernur,Lainnya/Jateng
1693,1,,TikTok,cukup 1periode smpean pak..gubernur kaga ada gunanya!,Negatif,,,2026-02-25 19:46:39.483484+00:00,2-12,Lainnya,Gubernur,Lainnya/Jateng
1723,1,,TikTok,ganti aja gub nya,Negatif,,,2026-02-25 19:46:39.483484+00:00,2-12,Lainnya,Gubernur,Lainnya/Jateng
1808,1,,TikTok,gubernur kocak🤣🤣,Negatif,,,2026-02-25 19:46:39.483484+00:00,2-12,Lainnya,Gubernur,Lainnya/Jateng
1811,1,,TikTok,gubernur mu cah,Negatif,,,2026-02-25 19:46:39.483484+00:00,2-12,Lainnya,Gubernur,Lainnya/Jateng
1840,1,,TikTok,gubernur oh gubernur,Negatif,,,2026-02-25 19:46:39.483484+00:00,2-12,Lainnya,Gubernur,Lainnya/Jateng
1849,1,,TikTok,jarang keluar sekali keluar gubraakk,Negatif,,,2026-02-25 19:46:39.483484+00:00,2-12,Lainnya,Gubernur,Lainnya/Jateng
1865,1,,TikTok,prei sik pak gub,Negatif,,,2026-02-25 19:46:39.483484+00:00,2-12,Lainnya,Gubernur,Lainnya/Jateng
1877,1,,TikTok,Agendakan utk turunkan gubernur,Negatif,,,2026-02-25 19:46:39.483484+00:00,2-12,Lainnya,Gubernur,Lainnya/Jateng
1883,1,,TikTok,Ayoo turun kan gubernur,Negatif,,,2026-02-25 19:46:39.483484+00:00,2-12,Lainnya,Gubernur,Lainnya/Jateng
1914,1,,TikTok,ngene yen due gubernur ora lulusan AKPOL .. 😁✌,Negatif,,,2026-02-25 19:46:39.483484+00:00,2-12,Lainnya,Gubernur,Lainnya/Jateng
1946,1,,TikTok,"setuju banget""gubernur harus lengser.",Negatif,,,2026-02-25 19:46:39.483484+00:00,2-12,Lainnya,Gubernur,Lainnya/Jateng
1976,1,,TikTok,woooaaalah gubernur kooopeet,Negatif,,,2026-02-25 19:46:39.483484+00:00,2-12,Lainnya,Gubernur,Lainnya/Jateng
2045,1,,TikTok,bgmn crnya bgn lpgn krj..BKN nguber PJK SJ bisa pjbt konoha,Negatif,,,2026-02-25 19:46:39.483484+00:00,2-12,Lainnya,Gubernur,Lainnya/Jateng
2078,1,,TikTok,setuju turunkan gubernur segera,Negatif,,,2026-02-25 19:46:39.483484+00:00,2-12,Lainnya,Gubernur,Lainnya/Jateng
2086,1,,TikTok,rekomendasi siapa ini bisa jadi gubernur 😅,Negatif,,,2026-02-25 19:46:39.483484+00:00,2-12,Lainnya,Gubernur,Lainnya/Jateng
2149,1,,TikTok,ini gubenor kalo mantan seragam peramuka,Negatif,,,2026-02-25 19:46:39.483484+00:00,2-12,Lainnya,Gubernur,Pekalongan/Pantura (G)
2204,1,,TikTok,Tetap aja Mantap Gubunur Konten Gaes .,Negatif,,,2026-02-25 19:46:39.483484+00:00,2-12,Lainnya,Gubernur,Pekalongan/Pantura (G)
2117,1,,TikTok,gubenure mbok mikiiiiirr rakyate,Negatif,,,2026-02-25 19:46:39.483484+00:00,2-12,Beban Ekonomi,Gubernur,Solo Raya (AD)
2087,1,,TikTok,beginilah bedanya sama gubernur jawa barat..,Negatif,,,2026-02-25 19:46:39.483484+00:00,2-12,Lainnya,Gubernur,Lainnya/Jateng
2101,1,,TikTok,klo gubenur dari pls ya gini.... yg di kjr pjak,Negatif,,,2026-02-25 19:46:39.483484+00:00,2-12,Lainnya,Gubernur,Lainnya/Jateng
2130,1,,TikTok,lengserkan gubernur,Negatif,,,2026-02-25 19:46:39.483484+00:00,2-12,Lainnya,Gubernur,Lainnya/Jateng
2139,1,,TikTok,gubernur angel....,Negatif,,,2026-02-25 19:46:39.483484+00:00,2-12,Lainnya,Gubernur,Lainnya/Jateng
2165,1,,TikTok,ganti gubernurnya,Negatif,,,2026-02-25 19:46:39.483484+00:00,2-12,Lainnya,Gubernur,Lainnya/Jateng
2211,1,,TikTok,ganti gubernure....,Negatif,,,2026-02-25 19:46:39.483484+00:00,2-12,Lainnya,Gubernur,Lainnya/Jateng
2216,1,,TikTok,joget lagi gubernur,Negatif,,,2026-02-25 19:46:39.483484+00:00,2-12,Lainnya,Gubernur,Lainnya/Jateng
2218,1,,TikTok,gubernur gak punya kreatif sedikit 😂,Negatif,,,2026-02-25 19:46:39.483484+00:00,2-12,Lainnya,Gubernur,Lainnya/Jateng
2224,1,,TikTok,pantasnya ya harus lengserkan gubernur...,Negatif,,,2026-02-25 19:46:39.483484+00:00,2-12,Lainnya,Gubernur,Lainnya/Jateng
1898,1,,TikTok,sadewokan luthfi,Negatif,,,2026-02-25 19:46:39.483484+00:00,2-12,Lainnya,Gubernur,Lainnya/Jateng
1621,1,,TikTok,kesilapan paling besar memilih orang ini jadi gubernur,Negatif,,,2026-02-25 19:46:39.483484+00:00,2-12,Lainnya,Gubernur,Lainnya/Jateng
1658,1,,TikTok,buat peljran ojo milih gub mntan pol,Negatif,,,2026-02-25 19:46:39.483484+00:00,2-12,Lainnya,Gubernur,Lainnya/Jateng
3902,3,,Instagram,Pedah selot tuo pajak e ogak soyo medun malah munggah...koplak koplak,Negatif,,,2026-02-25 19:46:39.483484+00:00,Pedah selot tuo pajak e ogak soyo medun malah munggah...koplak koplak,Lainnya,Institusi (Bapenda/Samsat),Lainnya/Jateng
79,1,,TikTok,selain tagar byr pajak ada ga ide untuk turunkan Lutfi,Negatif,,,2026-02-25 19:46:39.483484+00:00,1 m yang lalu,Lainnya,Institusi (Bapenda/Samsat),Lainnya/Jateng
3910,3,,Instagram,"MENDING RASAH MBAYAR PAJAK, NGASI NGENTENI ENEK KEBIJAKAN PEMUTIHAN LUR😂😂😂",Negatif,,,2026-02-25 19:46:39.483484+00:00,"MENDING RASAH MBAYAR PAJAK, NGASI NGENTENI ENEK KEBIJAKAN PEMUTIHAN LUR😂😂😂",Lainnya,Institusi (Bapenda/Samsat),Lainnya/Jateng
182,1,,TikTok,"getun aku milih lutfi, hurung2 wis ngundakno pajak",Negatif,,,2026-02-25 19:46:39.483484+00:00,2-12,Lainnya,Institusi (Bapenda/Samsat),Lainnya/Jateng
68,1,,TikTok,"gubernur yg g ada solusi n g pnya planning kerja y gini, cm bisa peras rakyat aj terus",Negatif,,,2026-02-25 19:46:39.483484+00:00,2-13,Beban Ekonomi,Gubernur,Lainnya/Jateng
126,1,,TikTok,gubernur kalo darinpolti ya gini meras rakyat itu pekerjaan polri dan tetmul,Negatif,,,2026-02-25 19:46:39.483484+00:00,2-13,Beban Ekonomi,Gubernur,Lainnya/Jateng
2441,1,,TikTok,gubernur pemeras rakyat,Negatif,,,2026-02-25 19:46:39.483484+00:00,2-12,Beban Ekonomi,Gubernur,Lainnya/Jateng
2563,2,,TikTok,di hapus aja UU opsennya bikin rakyat sengsara coba belajan dengan gubernur Jabar,Negatif,,,2026-02-25 19:46:39.483484+00:00,1 h yang lalu,Beban Ekonomi,Gubernur,Lainnya/Jateng
84,1,,TikTok,dasar/ aturan pergub yg bikin jg dia sendiri buat apa utk alasan mencekik rakyat...???,Negatif,,,2026-02-25 19:46:39.483484+00:00,1 h yang lalu,Beban Ekonomi,Gubernur,Lainnya/Jateng
143,1,,TikTok,"kalo sekedar dasar gampang Pak, bikin saja pergub, tapi kemampuan rakyat gak di pikir??",Negatif,,,2026-02-25 19:46:39.483484+00:00,5 h yang lalu,Beban Ekonomi,Gubernur,Lainnya/Jateng
1241,1,,TikTok,kaya gini kalau gubernur dari parcok.yg d otaknya gimana memeras rakyat.,Negatif,,,2026-02-25 19:46:39.483484+00:00,2-12,Beban Ekonomi,Gubernur,Pekalongan/Pantura (G)
47,1,,TikTok,gubenur palimg sippp memang dedi mulyadi jawa tengah ngak bisa kerja,Negatif,,,2026-02-25 19:46:39.483484+00:00,2-12,Lainnya,Gubernur,Pekalongan/Pantura (G)
556,1,,TikTok,pak gubernur apa bs mobil Gonta ganti plat nomer,Negatif,,,2026-02-25 19:46:39.483484+00:00,2-12,Lainnya,Gubernur,Lainnya/Jateng
37,1,,TikTok,gubernur pake bintang 3 di Krah maksudnya apa ?,Negatif,,,2026-02-25 19:46:39.483484+00:00,2 h yang lalu,Lainnya,Gubernur,Lainnya/Jateng
4,1,,TikTok,demoooo turunkan gubernur,Negatif,,,2026-02-25 19:46:39.483484+00:00,2-12,Lainnya,Gubernur,Lainnya/Jateng
70,1,,TikTok,Pergub yg buat Gubernur.....,Negatif,,,2026-02-25 19:46:39.483484+00:00,6 h yang lalu,Lainnya,Gubernur,Lainnya/Jateng
82,1,,TikTok,"apa Jawa tengah punya gubenur?
😂😂",Negatif,,,2026-02-25 19:46:39.483484+00:00,2-12,Lainnya,Gubernur,Lainnya/Jateng
96,1,,TikTok,Pergub yg bikin gubernur,Negatif,,,2026-02-25 19:46:39.483484+00:00,1 h yang lalu,Lainnya,Gubernur,Lainnya/Jateng
99,1,,TikTok,gubernur gak punya ide dan gagasan untuk memakmurkan warganya......,Negatif,,,2026-02-25 19:46:39.483484+00:00,2-12,Lainnya,Gubernur,Lainnya/Jateng
104,1,,TikTok,demo turunkan gubernur ini... ayo demoooo,Negatif,,,2026-02-25 19:46:39.483484+00:00,2-12,Lainnya,Gubernur,Lainnya/Jateng
116,1,,TikTok,ganti gubernure jabar bae,Negatif,,,2026-02-25 19:46:39.483484+00:00,2-12,Lainnya,Gubernur,Lainnya/Jateng
120,1,,TikTok,gubernur Dedi Mulyadi joss,Negatif,,,2026-02-25 19:46:39.483484+00:00,2-12,Lainnya,Gubernur,Lainnya/Jateng
171,1,,TikTok,harusnya gubernur harus didemo turunkan,Negatif,,,2026-02-25 19:46:39.483484+00:00,2-13,Lainnya,Gubernur,Lainnya/Jateng
314,1,,TikTok,😂 beda banget sama gubernur Jawa Barat nih orang,Negatif,,,2026-02-25 19:46:39.483484+00:00,5 h yang lalu,Lainnya,Gubernur,Lainnya/Jateng
639,1,,TikTok,lutfi gubernur calo pajak,Negatif,,,2026-02-25 19:46:39.483484+00:00,2-13,Lainnya,Institusi (Bapenda/Samsat),Lainnya/Jateng
318,1,,TikTok,gubernur kok gak punya solusi,Negatif,,,2026-02-25 19:46:39.483484+00:00,5 h yang lalu,Lainnya,Gubernur,Lainnya/Jateng
326,1,,TikTok,ya pergub nya dibenerin.. bukannya malah dipakai kalo gk bener.. 😅 kok dibalik2 bapaaak,Negatif,,,2026-02-25 19:46:39.483484+00:00,5 h yang lalu,Lainnya,Gubernur,Lainnya/Jateng
328,1,,TikTok,gubernur prettt,Negatif,,,2026-02-25 19:46:39.483484+00:00,5 h yang lalu,Lainnya,Gubernur,Lainnya/Jateng
332,1,,TikTok,gubernur rasa Kapolda,Negatif,,,2026-02-25 19:46:39.483484+00:00,5 h yang lalu,Lainnya,Gubernur,Lainnya/Jateng
364,1,,TikTok,gebrakannya gk kaleng kaleng gubernur yang satu ini🥺🥺🥺,Negatif,,,2026-02-25 19:46:39.483484+00:00,6 h yang lalu,Lainnya,Gubernur,Lainnya/Jateng
378,1,,TikTok,wes Nang di gas gubernur ora naek,Negatif,,,2026-02-25 19:46:39.483484+00:00,6 h yang lalu,Lainnya,Gubernur,Lainnya/Jateng
381,1,,TikTok,"TURUN KAN GUBERNUR TIDAK BERMUTU
KAPAN KITA DEMO..",Negatif,,,2026-02-25 19:46:39.483484+00:00,6 h yang lalu,Lainnya,Gubernur,Lainnya/Jateng
428,1,,TikTok,"niki pripun pak ganjar ,gubernure ganti jenengan mawon!!!!!!!!",Negatif,,,2026-02-25 19:46:39.483484+00:00,1 m yang lalu,Lainnya,Gubernur,Lainnya/Jateng
530,1,,TikTok,prestasine maido progam gubernur liyane,Negatif,,,2026-02-25 19:46:39.483484+00:00,2-12,Lainnya,Gubernur,Lainnya/Jateng
554,1,,TikTok,"kalau udah tau ada utang, pak para pejabat gaji sesuai UMR Daerah mulai gubernur sampai camat pasti Jawa Tengah kaya",Negatif,,,2026-02-25 19:46:39.483484+00:00,2-12,Lainnya,Gubernur,Lainnya/Jateng
568,1,,TikTok,mudun mudun....ora becus ngurus jawa tengah..ngono kok ngece gub jabar...adoh dibandingke gub. jabar,Negatif,,,2026-02-25 19:46:39.483484+00:00,2-12,Lainnya,Gubernur,Lainnya/Jateng
571,1,,TikTok,tukang palak ko dadi gubernur,Negatif,,,2026-02-25 19:46:39.483484+00:00,2-12,Lainnya,Gubernur,Lainnya/Jateng
580,1,,TikTok,"ini gubernur BKN ny. kasihan sama masyarakat apalgi masyarakat kecil , hii heran dech turun sj",Negatif,,,2026-02-25 19:46:39.483484+00:00,2-12,Lainnya,Gubernur,Lainnya/Jateng
582,1,,TikTok,mendung wae kek ra pecus jd gubernur,Negatif,,,2026-02-25 19:46:39.483484+00:00,2-12,Lainnya,Gubernur,Lainnya/Jateng
603,1,,TikTok,weeeeg pergub konyol,Negatif,,,2026-02-25 19:46:39.483484+00:00,2-12,Lainnya,Gubernur,Lainnya/Jateng
1386,1,,TikTok,kbayakn gedabruuss... gubetnur gk pernah bikin gebrakn yg bikin warga jteng senang.. cb kyk KDM yg sllu bkin wargaya sneng..,Negatif,,,2026-02-25 19:46:39.483484+00:00,2-12,Lainnya,Gubernur,Lainnya/Jateng
1397,1,,TikTok,"demoo setuju, lengserkan gubernur",Negatif,,,2026-02-25 19:46:39.483484+00:00,2-12,Lainnya,Gubernur,Lainnya/Jateng
2287,1,,TikTok,"demo turunkan gubernur ganti gubernure,ra masuk blas dadi gubernur",Negatif,,,2026-02-25 19:46:39.483484+00:00,2-12,Lainnya,Gubernur,Lainnya/Jateng
2304,1,,TikTok,gubernur terkoplak,Negatif,,,2026-02-25 19:46:39.483484+00:00,2-12,Lainnya,Gubernur,Lainnya/Jateng
2328,1,,TikTok,duwe gubenur hohooo ...,Negatif,,,2026-02-25 19:46:39.483484+00:00,2-12,Lainnya,Gubernur,Lainnya/Jateng
2335,1,,TikTok,sumpah salah gubernur,Negatif,,,2026-02-25 19:46:39.483484+00:00,2-12,Lainnya,Gubernur,Lainnya/Jateng
2353,1,,TikTok,pikiri UMK ne set gubernur,Negatif,,,2026-02-25 19:46:39.483484+00:00,2-12,Lainnya,Gubernur,Lainnya/Jateng
411,1,,TikTok,lha pergub mbok hapus pow Ra isoh pak,Negatif,,,2026-02-25 19:46:39.483484+00:00,6 h yang lalu,Lainnya,Gubernur,Solo Raya (AD)
2371,1,,TikTok,buat kesejahteraan gubenur,Negatif,,,2026-02-25 19:46:39.483484+00:00,2-12,Lainnya,Gubernur,Lainnya/Jateng
2408,1,,TikTok,bela diri di belakang aturan pergub,Negatif,,,2026-02-25 19:46:39.483484+00:00,2-12,Lainnya,Gubernur,Lainnya/Jateng
2420,1,,TikTok,gubernurr paling top😁😁😁😁😁😁😁😁,Negatif,,,2026-02-25 19:46:39.483484+00:00,2-12,Lainnya,Gubernur,Lainnya/Jateng
438,1,,TikTok,mbok nurun dan meguru Karo gubernur Jawabarat piye men Jawa tengah bisa koyo Jawa barat,Negatif,,,2026-02-25 19:46:39.483484+00:00,2-13,Lainnya,Gubernur,Solo Raya (AD)
2504,1,,TikTok,pak hoho harus jadi gubernur 2029👍,Negatif,,,2026-02-25 19:46:39.483484+00:00,2-12,Lainnya,Gubernur,Lainnya/Jateng
2558,2,,TikTok,Gubernur India,Negatif,,,2026-02-25 19:46:39.483484+00:00,14 j yang lalu,Lainnya,Gubernur,Lainnya/Jateng
2622,2,,TikTok,jik mending gubernur biyen,Negatif,,,2026-02-25 19:46:39.483484+00:00,1 h yang lalu,Lainnya,Gubernur,Lainnya/Jateng
2760,2,,TikTok,rasah dibayar...bayar re nunggu pemutihan ganti gubernur,Negatif,,,2026-02-25 19:46:39.483484+00:00,22 j yang lalu,Lainnya,Gubernur,Lainnya/Jateng
2979,3,,Instagram,Gubernoor.e aduhhh jan,Negatif,,,2026-02-25 19:46:39.483484+00:00,Gubernoor.e aduhhh jan,Lainnya,Gubernur,Lainnya/Jateng
2980,3,,Instagram,Lha Gambar Gubernure kmn ???,Negatif,,,2026-02-25 19:46:39.483484+00:00,Lha Gambar Gubernure kmn ???,Lainnya,Gubernur,Lainnya/Jateng
3092,3,,Instagram,"jeteng ugal-ugalan dan ora ndue gubernur,bnar kawan-kawan 🔥🔥",Negatif,,,2026-02-25 19:46:39.483484+00:00,"jeteng ugal-ugalan dan ora ndue gubernur,bnar kawan-kawan 🔥🔥",Lainnya,Gubernur,Lainnya/Jateng
3153,3,,Instagram,Gubernur e seng ndi to??,Negatif,,,2026-02-25 19:46:39.483484+00:00,Gubernur e seng ndi to??,Lainnya,Gubernur,Lainnya/Jateng
2711,2,,TikTok,ingat waktu kampanye,Negatif,,,2026-02-25 19:46:39.483484+00:00,20 j yang lalu,Kekecewaan Politik,Gubernur,Lainnya/Jateng
2747,2,,TikTok,Kecewa,Negatif,,,2026-02-25 19:46:39.483484+00:00,21 j yang lalu,Kekecewaan Politik,Lainnya,Lainnya/Jateng
462,1,,TikTok,"berlindung dibelakang pergub yg jelas"" tidak pro rakyat liat kondisi realita dibawah seperti apa usaha apa kita ini",Negatif,,,2026-02-25 19:46:39.483484+00:00,4 h yang lalu,Beban Ekonomi,Gubernur,Lainnya/Jateng
2276,1,,TikTok,gubernur kok ngene ws gawe mumet rakyat,Negatif,,,2026-02-25 19:46:39.483484+00:00,2-12,Beban Ekonomi,Gubernur,Lainnya/Jateng
2331,1,,TikTok,kebijakan le ra marai resah rakyat cilek po ra enek to GUB,Negatif,,,2026-02-25 19:46:39.483484+00:00,2-12,Beban Ekonomi,Gubernur,Lainnya/Jateng
636,1,,TikTok,mantap bapak gubernur lanjutkan...saya sangat setuju sekalian aja pak 100% pak,Negatif,,,2026-02-25 19:46:39.483484+00:00,2-12,Lainnya,Gubernur,Pekalongan/Pantura (G)
1400,1,,TikTok,nda ada manfaat nya gubernur ini bgi sya,Negatif,,,2026-02-25 19:46:39.483484+00:00,2-12,Lainnya,Gubernur,Pekalongan/Pantura (G)
2518,1,,TikTok,di tunggu2 gebrkanaya begitu muncul brakanya mantap pak gubernur,Negatif,,,2026-02-25 19:46:39.483484+00:00,2-12,Lainnya,Gubernur,Pekalongan/Pantura (G)
2927,2,,TikTok,"wakilnya di suruh maju biar rakyat luluh,,?GK akan biarpun wakilmu ulamakkk",Negatif,,,2026-02-25 19:46:39.483484+00:00,22 j yang lalu,Beban Ekonomi,Wakil Gubernur,Lainnya/Jateng
2533,2,,TikTok,piye to Gus Gus...bolak balik bolak...panggah ngene ngene wae,Negatif,,,2026-02-25 19:46:39.483484+00:00,13 m yang lalu,Lainnya,Wakil Gubernur,Lainnya/Jateng
2595,2,,TikTok,bulet dowo bertele tele gus😁,Negatif,,,2026-02-25 19:46:39.483484+00:00,2 m yang lalu,Lainnya,Wakil Gubernur,Lainnya/Jateng
2647,2,,TikTok,wes bener dadi kiai mlh dadi wakile ladusing. yo ruwet to bos.,Negatif,,,2026-02-25 19:46:39.483484+00:00,7 j yang lalu,Lainnya,Wakil Gubernur,Lainnya/Jateng
2735,2,,TikTok,gus gus .......,Negatif,,,2026-02-25 19:46:39.483484+00:00,21 j yang lalu,Lainnya,Wakil Gubernur,Lainnya/Jateng
2766,2,,TikTok,owalah Gus2,Negatif,,,2026-02-25 19:46:39.483484+00:00,22 j yang lalu,Lainnya,Wakil Gubernur,Lainnya/Jateng
2767,2,,TikTok,Gus Gus kamu mbahas batale wudu aja saya saya mau belajar,Negatif,,,2026-02-25 19:46:39.483484+00:00,22 j yang lalu,Lainnya,Wakil Gubernur,Lainnya/Jateng
2774,2,,TikTok,ngaji aja guss,Negatif,,,2026-02-25 19:46:39.483484+00:00,22 j yang lalu,Lainnya,Wakil Gubernur,Lainnya/Jateng
2799,2,,TikTok,gus kemadeh,Negatif,,,2026-02-25 19:46:39.483484+00:00,1 h yang lalu,Lainnya,Wakil Gubernur,Lainnya/Jateng
2842,2,,TikTok,Gus Gus Gus,Negatif,,,2026-02-25 19:46:39.483484+00:00,1 h yang lalu,Lainnya,Wakil Gubernur,Lainnya/Jateng
2880,2,,TikTok,yg muncul kok malah wakilnya,Negatif,,,2026-02-25 19:46:39.483484+00:00,1 h yang lalu,Lainnya,Wakil Gubernur,Lainnya/Jateng
2881,2,,TikTok,gus gus kyai model kepie nek ada fulus semua halal,Negatif,,,2026-02-25 19:46:39.483484+00:00,1 h yang lalu,Lainnya,Wakil Gubernur,Lainnya/Jateng
2910,2,,TikTok,kok skrng patuh UU bukan kitaB kuning tuk kemaslahatan GUS😂,Negatif,,,2026-02-25 19:46:39.483484+00:00,5 j yang lalu,Lainnya,Wakil Gubernur,Lainnya/Jateng
2916,2,,TikTok,gus ojo ngtut yaqut ati ati,Negatif,,,2026-02-25 19:46:39.483484+00:00,3 j yang lalu,Lainnya,Wakil Gubernur,Lainnya/Jateng
2665,2,,TikTok,sing amanah to gus,Negatif,,,2026-02-25 19:46:39.483484+00:00,12 j yang lalu,Lainnya,Wakil Gubernur,Pekalongan/Pantura (G)
2840,2,,TikTok,kok wakil.ketua mana,Negatif,,,2026-02-25 19:46:39.483484+00:00,1 h yang lalu,Lainnya,Wakil Gubernur,Pekalongan/Pantura (G)
2829,2,,TikTok,"dados pengasuh pondok mawon lho Gus njenengan.. Kulo mboten tegel ningali njenengan di unen""i masyarakat njenengan..",Negatif,,,2026-02-25 19:46:39.483484+00:00,1 h yang lalu,Lainnya,Wakil Gubernur,Solo Raya (AD)
2870,2,,TikTok,GUS YEN ORA MIHAK WONG CILIK MBOK YO DUWE ISIN MALAH MELU PENSIUNAN,Negatif,,,2026-02-25 19:46:39.483484+00:00,1 h yang lalu,Lainnya,Wakil Gubernur,Solo Raya (AD)
1833,1,,TikTok,"jangan bayar pajak lebih bagus, mau bayar sulit,",Negatif,,,2026-02-25 19:46:39.483484+00:00,2-12,Lainnya,Institusi (Bapenda/Samsat),Lainnya/Jateng
2850,2,,TikTok,undang2 nak kanggo rakyat cilik langsung gercep piye jajal tatyasin,Negatif,,,2026-02-25 19:46:39.483484+00:00,1 h yang lalu,Beban Ekonomi,Wakil Gubernur,Lainnya/Jateng
3679,3,,Instagram,jangan ada lagi tragedi agustus min...... ini rakyat sejawa tengah udah geram segeram geramnya lho ya.......,Negatif,,,2026-02-25 19:46:39.483484+00:00,jangan ada lagi tragedi agustus min...... ini rakyat sejawa tengah udah geram segeram geramnya lho ya.......,Beban Ekonomi,Wakil Gubernur,Lainnya/Jateng
2555,2,,TikTok,"Gubernur karo wakile gedabrussss kabeh, sekelas kiyai tak kiro pro karo rakyat cilek, nyatane y podo ae gedarusss",Negatif,,,2026-02-25 19:46:39.483484+00:00,1 h yang lalu,Beban Ekonomi,Wakil Gubernur,Lainnya/Jateng
2652,2,,TikTok,mundur sin yasin,Negatif,,,2026-02-25 19:46:39.483484+00:00,9 j yang lalu,Lainnya,Wakil Gubernur,Lainnya/Jateng
2694,2,,TikTok,"pak Yasin GK usah ngurusi pjak,,jln2 aja di prbaiki,,soal nya jteng blum ada gebraknny",Negatif,,,2026-02-25 19:46:39.483484+00:00,18 j yang lalu,Lainnya,Wakil Gubernur,Lainnya/Jateng
2912,2,,TikTok,prettt sin yasin senengel adol agama,Negatif,,,2026-02-25 19:46:39.483484+00:00,1 h yang lalu,Lainnya,Wakil Gubernur,Lainnya/Jateng
2541,2,,TikTok,Gedrabus sin yasin ag udah merasa kan.,Negatif,,,2026-02-25 19:46:39.483484+00:00,1 h yang lalu,Lainnya,Wakil Gubernur,Lainnya/Jateng
854,1,,TikTok,"bagus. .bagus, lbh tinggi lbh baek",Negatif,,,2026-02-25 19:46:39.483484+00:00,2-13,Lainnya,Wakil Gubernur,Lainnya/Jateng
1068,1,,TikTok,pripun to wakile padahal jenengan putrane KH mbah maimun,Negatif,,,2026-02-25 19:46:39.483484+00:00,1 m yang lalu,Lainnya,Wakil Gubernur,Lainnya/Jateng
1420,1,,TikTok,TAK YAKINKE.. KEMENANGANMU MERHO WAKILMU PAK.. DUDU KOE..,Negatif,,,2026-02-25 19:46:39.483484+00:00,2-12,Lainnya,Wakil Gubernur,Lainnya/Jateng
2032,1,,TikTok,malah bagusan pak Ganjar,Negatif,,,2026-02-25 19:46:39.483484+00:00,2-12,Lainnya,Wakil Gubernur,Lainnya/Jateng
2112,1,,TikTok,"ni lagi Lo mikir e mau jadi kaya jangan jadi pejabat , jadilah pengusaha",Negatif,,,2026-02-25 19:46:39.483484+00:00,2-12,Lainnya,Wakil Gubernur,Lainnya/Jateng
2589,2,,TikTok,"piye to gus... gus...
ko ra iso nyenengin wargamu",Negatif,,,2026-02-25 19:46:39.483484+00:00,1 h yang lalu,Lainnya,Wakil Gubernur,Lainnya/Jateng
3155,3,,Instagram,Aku ra ikhlas lillahi ta'alaa... tak adukan langsung karo gusti Allah.. Allah lah sebaik-baiknya pengadilan 🔥,Negatif,,,2026-02-25 19:46:39.483484+00:00,Aku ra ikhlas lillahi ta'alaa... tak adukan langsung karo gusti Allah.. Allah lah sebaik-baiknya pengadilan 🔥,Lainnya,Wakil Gubernur,Lainnya/Jateng
412,1,,TikTok,"wakile pye iki. iso ngerem gubernure seng ugal2lan ora yo, kudu nangis aku 😭",Negatif,,,2026-02-25 19:46:39.483484+00:00,6 h yang lalu,Lainnya,Wakil Gubernur,Lainnya/Jateng
1095,1,,TikTok,gubernur terbaiknya Jawa Tengah bagus2 ya kebijakannya😅😅😅😅😅,Negatif,,,2026-02-25 19:46:39.483484+00:00,1 m yang lalu,Lainnya,Wakil Gubernur,Lainnya/Jateng
2576,2,,TikTok,gubernure nk ndi to kok wakile wae sng klarifikasi,Negatif,,,2026-02-25 19:46:39.483484+00:00,18 j yang lalu,Lainnya,Wakil Gubernur,Lainnya/Jateng
2583,2,,TikTok,percuma juga punya wakil gubernur yang agamis tapi tetap menekan rakyat,Negatif,,,2026-02-25 19:46:39.483484+00:00,1 h yang lalu,Beban Ekonomi,Wakil Gubernur,Lainnya/Jateng
2437,1,,TikTok,aturan ngga yg ngga pro rakyat lhat.tu kdm. ngga bayak teori tp bukti jlnya pd bagus 2lrja baru 11 bln kamu mana pk kinerjanya,Negatif,,,2026-02-25 19:46:39.483484+00:00,2-12,Beban Ekonomi,Wakil Gubernur,Pekalongan/Pantura (G)
2592,2,,TikTok,turunkan wakil gubernur dan gubernurnya,Negatif,,,2026-02-25 19:46:39.483484+00:00,1 h yang lalu,Lainnya,Wakil Gubernur,Lainnya/Jateng
2697,2,,TikTok,wakil gubernur dapat fee berapa ya dari PKB.....ada yg tau kah.....,Negatif,,,2026-02-25 19:46:39.483484+00:00,19 j yang lalu,Lainnya,Wakil Gubernur,Lainnya/Jateng
2756,2,,TikTok,Gubernur dan wagubnya sama2 ngga becus kerja.,Negatif,,,2026-02-25 19:46:39.483484+00:00,22 j yang lalu,Lainnya,Wakil Gubernur,Lainnya/Jateng
50,1,,TikTok,"pengin rakyat taat pajak ?
benahi samsat , dipermudah jangan dipersulit terutama soal KTP",Negatif,,,2026-02-25 19:46:39.483484+00:00,2-12,Beban Ekonomi,Institusi (Bapenda/Samsat),Lainnya/Jateng
3075,3,,Instagram,"Dadi kelingan zaman kolonial...opo"" dipajeki gede...😂",Negatif,,,2026-02-25 19:46:39.483484+00:00,"Dadi kelingan zaman kolonial...opo"" dipajeki gede...😂",Lainnya,Institusi (Bapenda/Samsat),Pekalongan/Pantura (G)
2940,3,,Instagram,Pajak opsen hapus,Negatif,,,2026-02-25 19:46:39.483484+00:00,Pajak opsen hapus,Lainnya,Institusi (Bapenda/Samsat),Lainnya/Jateng
3187,3,,Instagram,Kapan ada pemutihan lagi?? Aku mau bayar pajak tp nunggu pemutihan skalian mau balik nama !!,Negatif,,,2026-02-25 19:46:39.483484+00:00,Kapan ada pemutihan lagi?? Aku mau bayar pajak tp nunggu pemutihan skalian mau balik nama !!,Lainnya,Institusi (Bapenda/Samsat),Lainnya/Jateng
2657,2,,TikTok,tetap rasah byr pajak,Negatif,,,2026-02-25 19:46:39.483484+00:00,10 j yang lalu,Lainnya,Institusi (Bapenda/Samsat),Lainnya/Jateng
2659,2,,TikTok,# setop byr pajak,Negatif,,,2026-02-25 19:46:39.483484+00:00,10 j yang lalu,Lainnya,Institusi (Bapenda/Samsat),Lainnya/Jateng
2672,2,,TikTok,"ora usah bayar pajak...
preett..",Negatif,,,2026-02-25 19:46:39.483484+00:00,15 j yang lalu,Lainnya,Institusi (Bapenda/Samsat),Lainnya/Jateng
2677,2,,TikTok,"rakyat tidak ada yg bayar pajak nanti melongo,,,,,",Negatif,,,2026-02-25 19:46:39.483484+00:00,16 j yang lalu,Beban Ekonomi,Institusi (Bapenda/Samsat),Lainnya/Jateng
3016,3,,Instagram,"Mbayar pajak tahunan ndadak nggo KTP asli nopo to jane...? Kene meh ngei duwit kok kene sing repot...,",Negatif,,,2026-02-25 19:46:39.483484+00:00,"Mbayar pajak tahunan ndadak nggo KTP asli nopo to jane...? Kene meh ngei duwit kok kene sing repot...,",Beban Ekonomi,Institusi (Bapenda/Samsat),Pekalongan/Pantura (G)
2962,3,,Instagram,"Tolong dikoreksi jika salah, tapi berdasarkan UU nomor 1 tahun 2022 tersebut, di pasal 83 ayat 1 ""ditetapkan paling tinggi sebesar 66% "", secara logika berarti sebenarnya Bapenda punya kewenangan untuk menetapkan tarif di bawah 66% Dari PKB. Tapi kenyataannya menggunakan tarif maksimal 66% ? Apakah ini yang namanya kebijakan yang berpihak kepada rakyat ?",Negatif,,,2026-02-25 19:46:39.483484+00:00,"Tolong dikoreksi jika salah, tapi berdasarkan UU nomor 1 tahun 2022 tersebut, di pasal 83 ayat 1 ""ditetapkan paling tinggi sebesar 66% "", secara logika berarti sebenarnya Bapenda punya kewenangan untuk menetapkan tarif di bawah 66% Dari PKB. Tapi kenyataannya menggunakan tarif maksimal 66% ? Apakah ini yang namanya kebijakan yang berpihak kepada rakyat ?",Beban Ekonomi,Institusi (Bapenda/Samsat),Pekalongan/Pantura (G)
2674,2,,TikTok,Pajak di negeri seberang bisa murah bgt tp di negeri konoha berlipat ganda dan sangat mencekik,Negatif,,,2026-02-25 19:46:39.483484+00:00,15 j yang lalu,Lainnya,Institusi (Bapenda/Samsat),Lainnya/Jateng
2676,2,,TikTok,"ora percoyo blas....🤣🤣🤣
#STOP BAYAR PAJAK",Negatif,,,2026-02-25 19:46:39.483484+00:00,16 j yang lalu,Lainnya,Institusi (Bapenda/Samsat),Lainnya/Jateng
2683,2,,TikTok,kalo pajak sepi aku GK dapat komisi,Negatif,,,2026-02-25 19:46:39.483484+00:00,17 j yang lalu,Lainnya,Institusi (Bapenda/Samsat),Lainnya/Jateng
2687,2,,TikTok,"2025 yg sebelumnya pajak 1,5 naek jadi 1,8 sekian, dimana Disc ny???",Negatif,,,2026-02-25 19:46:39.483484+00:00,18 j yang lalu,Lainnya,Institusi (Bapenda/Samsat),Pekalongan/Pantura (G)
2684,2,,TikTok,setop pajak seindonesia,Negatif,,,2026-02-25 19:46:39.483484+00:00,17 j yang lalu,Lainnya,Institusi (Bapenda/Samsat),Lainnya/Jateng
2685,2,,TikTok,coba insentif pendapatan dari pajak kendaraan untuk pejabat bisa di hilang kan,Negatif,,,2026-02-25 19:46:39.483484+00:00,17 j yang lalu,Lainnya,Institusi (Bapenda/Samsat),Lainnya/Jateng
2703,2,,TikTok,OPSEN itu untuk campuran pakan mancing ngih dhe.......?kok ada hubungan dgn pajak.,Negatif,,,2026-02-25 19:46:39.483484+00:00,19 j yang lalu,Lainnya,Institusi (Bapenda/Samsat),Pekalongan/Pantura (G)
2664,2,,TikTok,"SANTRI GABUNG DENGAN POLISI, KEMANA SANTRI NYA.?",Negatif,,,2026-02-25 19:46:39.483484+00:00,12 j yang lalu,Lainnya,Institusi (Bapenda/Samsat),Pekalongan/Pantura (G)
2698,2,,TikTok,rak Sudi bayar pajak,Negatif,,,2026-02-25 19:46:39.483484+00:00,19 j yang lalu,Lainnya,Institusi (Bapenda/Samsat),Lainnya/Jateng
2701,2,,TikTok,"SEMAKIN TERASA BERAT UNTUK PAJAK.
APAPUN YG DILAKUKAN MASYARAKAT DIKENAKAN PAJAK.",Negatif,,,2026-02-25 19:46:39.483484+00:00,19 j yang lalu,Lainnya,Institusi (Bapenda/Samsat),Lainnya/Jateng
3888,3,,Instagram,"UMR cilik pajek e ugal-ugalan, situ sehat????",Negatif,,,2026-02-25 19:46:39.483484+00:00,"UMR cilik pajek e ugal-ugalan, situ sehat????",Lainnya,Institusi (Bapenda/Samsat),Lainnya/Jateng
2610,2,,TikTok,podo ae ..mbiyen pasangan p.ganjar.. iki pasangan polisi yo gk iso lapo2,Negatif,,,2026-02-25 19:46:39.483484+00:00,5 j yang lalu,Lainnya,Institusi (Bapenda/Samsat),Lainnya/Jateng
2034,1,,TikTok,milih polisi isine duiiiiiit,Negatif,,,2026-02-25 19:46:39.483484+00:00,2-12,Lainnya,Institusi (Bapenda/Samsat),Lainnya/Jateng
3740,3,,Instagram,Lur... Ki akun kepala Bapenda  .. Monggo yang mau silaturahmi,Negatif,,,2026-02-25 19:46:39.483484+00:00,Lur... Ki akun kepala Bapenda  .. Monggo yang mau silaturahmi,Lainnya,Institusi (Bapenda/Samsat),Lainnya/Jateng
3354,3,,Instagram,Aku beli motor beat baru februari 2025 ada tambahan bayar buat opsen pajak 800an wkwkw,Negatif,,,2026-02-25 19:46:39.483484+00:00,Aku beli motor beat baru februari 2025 ada tambahan bayar buat opsen pajak 800an wkwkw,Lainnya,Institusi (Bapenda/Samsat),Lainnya/Jateng
287,1,,TikTok,sekali polisi ya tetep polisi 😂,Negatif,,,2026-02-25 19:46:39.483484+00:00,4 h yang lalu,Lainnya,Institusi (Bapenda/Samsat),Lainnya/Jateng
54,1,,TikTok,"yuk siapa aja yang dapat bansos,buat milih gubenur pajak,absen aja pada meneng2 Bae,AQ dewek milih pak Andika tapi kena dampake😂😂😂😂",Negatif,,,2026-02-25 19:46:39.483484+00:00,2-12,Lainnya,Institusi (Bapenda/Samsat),Lainnya/Jateng
21,1,,TikTok,"PERATURAN GUBERNUR JAWA TENGAH
NOMOR 8 TAHUN 2023
TENTANG
PERUBAHAN ATAS PERATURAN GUBERNUR NOMOR 27 TAHUN 2017 TENTANG PEMBERIAN INSENTIF PEMUNGUTAN PAJAK DAERAH DI PROVINSI JAWA TENGAH",Negatif,,,2026-02-25 19:46:39.483484+00:00,4 h yang lalu,Lainnya,Institusi (Bapenda/Samsat),Pekalongan/Pantura (G)
103,1,,TikTok,koe yoo entok insentif pajak ra gub?,Negatif,,,2026-02-25 19:46:39.483484+00:00,2-13,Lainnya,Institusi (Bapenda/Samsat),Lainnya/Jateng
154,1,,TikTok,"gak urusan lagi sama pajak kendaraan. t
orak urusan pergub belgedes",Negatif,,,2026-02-25 19:46:39.483484+00:00,1 m yang lalu,Lainnya,Institusi (Bapenda/Samsat),Lainnya/Jateng
214,1,,TikTok,"STOP BAYAR PAJAK,anda sebagai gubernur apakah tau para bawahanmu taat sama pajak???",Negatif,,,2026-02-25 19:46:39.483484+00:00,2 h yang lalu,Lainnya,Institusi (Bapenda/Samsat),Lainnya/Jateng
484,1,,TikTok,turunkan gubernur. atau turunkan pajak.!,Negatif,,,2026-02-25 19:46:39.483484+00:00,2-12,Lainnya,Institusi (Bapenda/Samsat),Lainnya/Jateng
3717,3,,Instagram,Wes tak mantep ke ora pajek sampai ganti gubernur. Getun aku milih sek saiki😢,Negatif,,,2026-02-25 19:46:39.483484+00:00,Wes tak mantep ke ora pajek sampai ganti gubernur. Getun aku milih sek saiki😢,Lainnya,Institusi (Bapenda/Samsat),Pekalongan/Pantura (G)
3557,3,,Instagram,"2026 BOIKOT PAJAK, 2027 GANTI GUBERNUR",Negatif,,,2026-02-25 19:46:39.483484+00:00,"2026 BOIKOT PAJAK, 2027 GANTI GUBERNUR",Lainnya,Institusi (Bapenda/Samsat),Lainnya/Jateng
85,1,,TikTok,"mau nanya, pajak uangnya buat siapa ???",Negatif,,,2026-02-25 19:46:39.483484+00:00,1 h yang lalu,Beban Ekonomi,Institusi (Bapenda/Samsat),Lainnya/Jateng
1370,1,,TikTok,boro 2 mikir pajak mikir buat makan aja susah 😭😭,Negatif,,,2026-02-25 19:46:39.483484+00:00,2-12,Beban Ekonomi,Institusi (Bapenda/Samsat),Lainnya/Jateng
1424,1,,TikTok,selalu bayar terus walau naik pajak,Negatif,,,2026-02-25 19:46:39.483484+00:00,2-12,Beban Ekonomi,Institusi (Bapenda/Samsat),Lainnya/Jateng
144,1,,TikTok,tak SE empuk kata pas pilkada,Netral,,,2026-02-25 19:46:39.483484+00:00,5 h yang lalu,Lainnya,Lainnya,Lainnya/Jateng
204,1,,TikTok,jangan harap menjabat 2 kali😁,Netral,,,2026-02-25 19:46:39.483484+00:00,2 h yang lalu,Lainnya,Lainnya,Lainnya/Jateng
226,1,,TikTok,aturannya jangan memberatkan rakyat,Netral,,,2026-02-25 19:46:39.483484+00:00,2 h yang lalu,Beban Ekonomi,Pemerintahan,Lainnya/Jateng
241,1,,TikTok,Turunkan,Negatif,,,2026-02-25 19:46:39.483484+00:00,3 h yang lalu,Lainnya,Lainnya,Lainnya/Jateng
3022,3,,Instagram,"Intine pajek mundak, ndisek ra ono opsen PKB sak iki ndadak ono",Negatif,,,2026-02-25 19:46:39.483484+00:00,"Intine pajek mundak, ndisek ra ono opsen PKB sak iki ndadak ono",Beban Ekonomi,Institusi (Bapenda/Samsat),Lainnya/Jateng
348,1,,TikTok,dasarnya kurang banyak bonusnya,Netral,,,2026-02-25 19:46:39.483484+00:00,5 h yang lalu,Lainnya,Lainnya,Lainnya/Jateng
409,1,,TikTok,heh,Negatif,,,2026-02-25 19:46:39.483484+00:00,6 h yang lalu,Lainnya,Lainnya,Lainnya/Jateng
487,1,,TikTok,jangan beli mobil plat Jawa Tengah,Netral,,,2026-02-25 19:46:39.483484+00:00,2-12,Lainnya,Lainnya,Lainnya/Jateng
579,1,,TikTok,bukan nya memperbaiki malah nglunjak..,Netral,,,2026-02-25 19:46:39.483484+00:00,2-12,Lainnya,Gubernur,Lainnya/Jateng
553,1,,TikTok,tidak cetaaaaa,Netral,,,2026-02-25 19:46:39.483484+00:00,2-12,Lainnya,Lainnya,Lainnya/Jateng
606,1,,TikTok,Tak pindah nang ab opo ae wae naknu,Netral,,,2026-02-25 19:46:39.483484+00:00,2-12,Lainnya,Lainnya,Lainnya/Jateng
795,1,,TikTok,utang ku aja blm tak byr bos,Netral,,,2026-02-25 19:46:39.483484+00:00,6 h yang lalu,Lainnya,Nasib Rakyat / Kesejahteraan,Lainnya/Jateng
1209,1,,TikTok,dasar tidak memihak rayak,Netral,,,2026-02-25 19:46:39.483484+00:00,2-12,Lainnya,Lainnya,Lainnya/Jateng
1335,1,,TikTok,dasar apa tidak memihak rkyat,Netral,,,2026-02-25 19:46:39.483484+00:00,2-12,Lainnya,Lainnya,Lainnya/Jateng
1608,1,,TikTok,duh jan kie,Netral,,,2026-02-25 19:46:39.483484+00:00,2-12,Lainnya,Lainnya,Lainnya/Jateng
1725,1,,TikTok,gubenur jateng takut miskin,Netral,,,2026-02-25 19:46:39.483484+00:00,2-12,Lainnya,Pemerintahan,Lainnya/Jateng
1786,1,,TikTok,UMR tak seimbang,Netral,,,2026-02-25 19:46:39.483484+00:00,2-12,Lainnya,Lainnya,Lainnya/Jateng
3549,3,,Instagram,Tidak ada kenaikan pajak raimu kui,Negatif,,,2026-02-25 19:46:39.483484+00:00,Tidak ada kenaikan pajak raimu kui,Beban Ekonomi,Institusi (Bapenda/Samsat),Lainnya/Jateng
1931,1,,TikTok,pak....jangan peras rakyat,Netral,,,2026-02-25 19:46:39.483484+00:00,2-12,Beban Ekonomi,Institusi (Bapenda/Samsat),Lainnya/Jateng
1998,1,,TikTok,"Dasarnya hanyalah, #Tunda pjk",Netral,,,2026-02-25 19:46:39.483484+00:00,2-12,Lainnya,Lainnya,Lainnya/Jateng
2029,1,,TikTok,reti ngono ra tak balik nama,Netral,,,2026-02-25 19:46:39.483484+00:00,2-12,Lainnya,Lainnya,Lainnya/Jateng
2110,1,,TikTok,belum balik modal,Netral,,,2026-02-25 19:46:39.483484+00:00,2-12,Lainnya,Lainnya,Lainnya/Jateng
663,1,,TikTok,yg buat utang negara itu bukan RAKYAT,Netral,,,2026-02-25 19:46:39.483484+00:00,2-13,Beban Ekonomi,Pemerintahan,Lainnya/Jateng
228,1,,TikTok,Dapur pemerintah tidak Ngebul😁,Netral,,,2026-02-25 19:46:39.483484+00:00,2 h yang lalu,Lainnya,Pemerintahan,Pekalongan/Pantura (G)
2333,1,,TikTok,wah mok sitik no nk 66% minimal yo 660% no karuan nk kere masyarakat e,Netral,,,2026-02-25 19:46:39.483484+00:00,2-12,Lainnya,Lainnya,Lainnya/Jateng
2416,1,,TikTok,utang...??,Netral,,,2026-02-25 19:46:39.483484+00:00,2-12,Lainnya,Nasib Rakyat / Kesejahteraan,Lainnya/Jateng
2466,1,,TikTok,ngluwihi Londo wongiki,Negatif,,,2026-02-25 19:46:39.483484+00:00,2-12,Lainnya,Lainnya,Lainnya/Jateng
2794,2,,TikTok,bukan kebijakan pak.tpi penindasan,Netral,,,2026-02-25 19:46:39.483484+00:00,1 h yang lalu,Lainnya,Lainnya,Lainnya/Jateng
1,1,,TikTok,demo besar bsaran lutfi harun turun,Negatif,,,2026-02-25 19:46:39.483484+00:00,2-12,Lainnya,Gubernur,Lainnya/Jateng
3107,3,,Instagram,ini sist  🥹,Negatif,,,2026-02-25 19:46:39.483484+00:00,ini sist  🥹,Lainnya,Lainnya,Lainnya/Jateng
45,1,,TikTok,gus yasin teng pundi nggeh?,Negatif,,,2026-02-25 19:46:39.483484+00:00,4 h yang lalu,Lainnya,Wakil Gubernur,Lainnya/Jateng
788,1,,TikTok,kapokk mililih lufii,Negatif,,,2026-02-25 19:46:39.483484+00:00,1 m yang lalu,Lainnya,Lainnya,Lainnya/Jateng
3346,3,,Instagram,ndobol,Negatif,,,2026-02-25 19:46:39.483484+00:00,ndobol,Lainnya,Lainnya,Lainnya/Jateng
3752,3,,Instagram,Kakehen alesan. Intine nek ra dihapus opsene ora tak bayari pajeke. Titik 🔥,Netral,,,2026-02-25 19:46:39.483484+00:00,Kakehen alesan. Intine nek ra dihapus opsene ora tak bayari pajeke. Titik 🔥,Lainnya,Institusi (Bapenda/Samsat),Lainnya/Jateng
17,1,,TikTok,Turun aja lek lutfi klu gak memihak rakyat,Negatif,,,2026-02-25 19:46:39.483484+00:00,2 h yang lalu,Beban Ekonomi,Gubernur,Lainnya/Jateng
19,1,,TikTok,semua ini gara2 yasin ..coba lutfi gk disandingkan dengan yasin gk bakalan jadi tuh gubernur..16 tahun gus yasin jadi wakil gubernur tak pernah terlihat kerjanya cuman nongol pas pilgub doang trus ngilang....,Negatif,,,2026-02-25 19:46:39.483484+00:00,2-13,Lainnya,Wakil Gubernur,Pekalongan/Pantura (G)
361,1,,TikTok,rakyat di pajak teruusss. knp bukan para pejabat yg d kurangi gaji dan bonus2nya?,Negatif,,,2026-02-25 19:46:39.483484+00:00,6 h yang lalu,Beban Ekonomi,Institusi (Bapenda/Samsat),Lainnya/Jateng
101,1,,TikTok,"akibat pajak opsen, dijamin banyak yg nunggak pajak LG.....",Negatif,,,2026-02-25 19:46:39.483484+00:00,2-12,Lainnya,Institusi (Bapenda/Samsat),Lainnya/Jateng
105,1,,TikTok,UMR rendah pajak tinggi,Negatif,,,2026-02-25 19:46:39.483484+00:00,2-12,Lainnya,Institusi (Bapenda/Samsat),Lainnya/Jateng
365,1,,TikTok,"Y urusane sing g bayar pajak lah, piutang kok sing melu nanggung rakyat sing lancar byr pajak, di pikir secara logika",Negatif,,,2026-02-25 19:46:39.483484+00:00,6 h yang lalu,Beban Ekonomi,Institusi (Bapenda/Samsat),Lainnya/Jateng
338,1,,TikTok,"beli kendaraan udah kena pajak..
tiap tahun masih kena pajak..
merdeka kok seperti masih dijajah",Negatif,,,2026-02-25 19:46:39.483484+00:00,5 h yang lalu,Lainnya,Institusi (Bapenda/Samsat),Pekalongan/Pantura (G)
250,1,,TikTok,"motore dewe mbok pajaki leh pak, aku lo ngangsor motor smp menteleng pak",Negatif,,,2026-02-25 19:46:39.483484+00:00,3 h yang lalu,Lainnya,Institusi (Bapenda/Samsat),Solo Raya (AD)
307,1,,TikTok,"mereka yang banyak utang, kok yang taat pajak yg harus nombokin,",Negatif,,,2026-02-25 19:46:39.483484+00:00,4 h yang lalu,Lainnya,Institusi (Bapenda/Samsat),Solo Raya (AD)
166,1,,TikTok,pancen utek2 polisi Ra iso adoh seko pajak kendaraan.,Negatif,,,2026-02-25 19:46:39.483484+00:00,2-13,Lainnya,Institusi (Bapenda/Samsat),Lainnya/Jateng
176,1,,TikTok,ora usah demo angger do bareng2 ora usah bayar pajak,Negatif,,,2026-02-25 19:46:39.483484+00:00,2-12,Lainnya,Institusi (Bapenda/Samsat),Lainnya/Jateng
192,1,,TikTok,"ko di bebankan sama yg taat pajak? harusnya yg utang pajak yg di tagih,bukan dibebankan pada yg mau pajak",Negatif,,,2026-02-25 19:46:39.483484+00:00,2-12,Lainnya,Institusi (Bapenda/Samsat),Lainnya/Jateng
206,1,,TikTok,stop bayar pajak,Negatif,,,2026-02-25 19:46:39.483484+00:00,2 h yang lalu,Lainnya,Institusi (Bapenda/Samsat),Lainnya/Jateng
213,1,,TikTok,umr terendah pajak tertinggi,Negatif,,,2026-02-25 19:46:39.483484+00:00,2 h yang lalu,Lainnya,Institusi (Bapenda/Samsat),Lainnya/Jateng
225,1,,TikTok,pejabat bayar pajak rumah dinas kedaran dinas apa bayar apa tidak,Negatif,,,2026-02-25 19:46:39.483484+00:00,2 h yang lalu,Lainnya,Institusi (Bapenda/Samsat),Lainnya/Jateng
271,1,,TikTok,SELURUH INDONESIA STOP BAYAR PAJAK,Negatif,,,2026-02-25 19:46:39.483484+00:00,4 h yang lalu,Lainnya,Institusi (Bapenda/Samsat),Lainnya/Jateng
91,1,,TikTok,"boikot pajak, luthfi ternak mulyono",Negatif,,,2026-02-25 19:46:39.483484+00:00,1 h yang lalu,Lainnya,Institusi (Bapenda/Samsat),Lainnya/Jateng
297,1,,TikTok,UMP ga sebrp pajak setinggi langit,Negatif,,,2026-02-25 19:46:39.483484+00:00,4 h yang lalu,Lainnya,Institusi (Bapenda/Samsat),Lainnya/Jateng
352,1,,TikTok,"beli kena pajak
setelah beli kena pajak lagi 🤣😂",Negatif,,,2026-02-25 19:46:39.483484+00:00,6 h yang lalu,Lainnya,Institusi (Bapenda/Samsat),Lainnya/Jateng
354,1,,TikTok,ora meh bayar pajak motor,Negatif,,,2026-02-25 19:46:39.483484+00:00,6 h yang lalu,Lainnya,Institusi (Bapenda/Samsat),Lainnya/Jateng
363,1,,TikTok,mudun bae lah dr pd semua ga bayar pajak,Negatif,,,2026-02-25 19:46:39.483484+00:00,6 h yang lalu,Lainnya,Institusi (Bapenda/Samsat),Lainnya/Jateng
368,1,,TikTok,Ojo bayar pajak...,Negatif,,,2026-02-25 19:46:39.483484+00:00,6 h yang lalu,Lainnya,Institusi (Bapenda/Samsat),Lainnya/Jateng
379,1,,TikTok,nek pajak dingo Bancakan Ono aturane pak,Negatif,,,2026-02-25 19:46:39.483484+00:00,6 h yang lalu,Lainnya,Institusi (Bapenda/Samsat),Lainnya/Jateng
391,1,,TikTok,"masa bodo pak mobil motor gua udah berpuluh"" taun gapernah pajak gua pak sudi gua pajak",Negatif,,,2026-02-25 19:46:39.483484+00:00,6 h yang lalu,Lainnya,Institusi (Bapenda/Samsat),Lainnya/Jateng
421,1,,TikTok,Pajak adalah karam,Negatif,,,2026-02-25 19:46:39.483484+00:00,6 h yang lalu,Lainnya,Institusi (Bapenda/Samsat),Lainnya/Jateng
439,1,,TikTok,kui maksute sing dwe kendaraan sing gak pajek meh disita kro ladusing,Negatif,,,2026-02-25 19:46:39.483484+00:00,2-13,Lainnya,Institusi (Bapenda/Samsat),Lainnya/Jateng
471,1,,TikTok,ngopeni ngelakoni pajek🤣,Negatif,,,2026-02-25 19:46:39.483484+00:00,6 h yang lalu,Lainnya,Institusi (Bapenda/Samsat),Lainnya/Jateng
407,1,,TikTok,berarti sama saja yang taat pajak suruh nombokin yg nunggak pajakk 😂😂😂 ..,Negatif,,,2026-02-25 19:46:39.483484+00:00,6 h yang lalu,Lainnya,Institusi (Bapenda/Samsat),Solo Raya (AD)
491,1,,TikTok,bebasin dong pajaknya.,Negatif,,,2026-02-25 19:46:39.483484+00:00,2-12,Lainnya,Institusi (Bapenda/Samsat),Lainnya/Jateng
497,1,,TikTok,Pajekke sok neh ae,Negatif,,,2026-02-25 19:46:39.483484+00:00,2-12,Lainnya,Institusi (Bapenda/Samsat),Lainnya/Jateng
595,1,,TikTok,menurutku masyarakat jangan bayar pajak hanya untuk memperkaya pejabat !,Negatif,,,2026-02-25 19:46:39.483484+00:00,2-12,Lainnya,Institusi (Bapenda/Samsat),Lainnya/Jateng
602,1,,TikTok,seluruh Indonesia stop bayar pajak kendaraan bermotor yang mencekik,Negatif,,,2026-02-25 19:46:39.483484+00:00,2-12,Lainnya,Institusi (Bapenda/Samsat),Lainnya/Jateng
607,1,,TikTok,pajak mulu.,Negatif,,,2026-02-25 19:46:39.483484+00:00,2-12,Lainnya,Institusi (Bapenda/Samsat),Lainnya/Jateng
624,1,,TikTok,males pajak,Negatif,,,2026-02-25 19:46:39.483484+00:00,2-13,Lainnya,Institusi (Bapenda/Samsat),Lainnya/Jateng
625,1,,TikTok,"lah, dikiro pajak munggah sek pajak tambah okeh?",Negatif,,,2026-02-25 19:46:39.483484+00:00,2-13,Lainnya,Institusi (Bapenda/Samsat),Lainnya/Jateng
634,1,,TikTok,pajek rawis wis,Negatif,,,2026-02-25 19:46:39.483484+00:00,2-12,Lainnya,Institusi (Bapenda/Samsat),Lainnya/Jateng
642,1,,TikTok,UMR rendah pajek e Ra umum,Negatif,,,2026-02-25 19:46:39.483484+00:00,2-12,Lainnya,Institusi (Bapenda/Samsat),Lainnya/Jateng
643,1,,TikTok,rak usah bayar pajek kompak kayake jossss😁,Negatif,,,2026-02-25 19:46:39.483484+00:00,2-12,Lainnya,Institusi (Bapenda/Samsat),Lainnya/Jateng
650,1,,TikTok,Ojo mbayar pajak,Negatif,,,2026-02-25 19:46:39.483484+00:00,2-13,Lainnya,Institusi (Bapenda/Samsat),Lainnya/Jateng
653,1,,TikTok,tambah ora dho pajek,Negatif,,,2026-02-25 19:46:39.483484+00:00,2-13,Lainnya,Institusi (Bapenda/Samsat),Lainnya/Jateng
375,1,,TikTok,"kok iso dadi gubernur ya..yg di pikir cma pajek terus,,harus nya mikirin masyarakat nya biar makmur..",Negatif,,,2026-02-25 19:46:39.483484+00:00,6 h yang lalu,Lainnya,Institusi (Bapenda/Samsat),Lainnya/Jateng
712,1,,TikTok,kompak tidak usah bayar pajak,Negatif,,,2026-02-25 19:46:39.483484+00:00,2-12,Lainnya,Institusi (Bapenda/Samsat),Lainnya/Jateng
715,1,,TikTok,"UMRe ra sepiro
pajeke ra kiro2",Negatif,,,2026-02-25 19:46:39.483484+00:00,2-12,Lainnya,Institusi (Bapenda/Samsat),Lainnya/Jateng
722,1,,TikTok,knp harus ada pajak,Negatif,,,2026-02-25 19:46:39.483484+00:00,2-12,Lainnya,Institusi (Bapenda/Samsat),Lainnya/Jateng
727,1,,TikTok,"dongkrak pajek tok
dongkrak gaji umr ke tingkat max jd imbang dengan kemampuan membayar.",Negatif,,,2026-02-25 19:46:39.483484+00:00,2-12,Lainnya,Institusi (Bapenda/Samsat),Lainnya/Jateng
732,1,,TikTok,wes rasah bayar pajek,Negatif,,,2026-02-25 19:46:39.483484+00:00,2-12,Lainnya,Institusi (Bapenda/Samsat),Lainnya/Jateng
736,1,,TikTok,dgn kondisi seperti ini mestinya di lakukan pemutihan bkn mensikan klau di lakukan pemutihan justru orang akan byr pajak termasuk yg telat akan bayar,Negatif,,,2026-02-25 19:46:39.483484+00:00,2-12,Lainnya,Institusi (Bapenda/Samsat),Lainnya/Jateng
742,1,,TikTok,saya mau bayar pajak ko mikir yah meding buwat belik kolek bulan puwasaa,Negatif,,,2026-02-25 19:46:39.483484+00:00,2-12,Lainnya,Institusi (Bapenda/Samsat),Lainnya/Jateng
756,1,,TikTok,hayah giliran pajak nonggol...bencana ngilang,Negatif,,,2026-02-25 19:46:39.483484+00:00,2-12,Lainnya,Institusi (Bapenda/Samsat),Lainnya/Jateng
771,1,,TikTok,"stop pajak
kompak jawa tengah orak sepele.
UMR terendah di indonesia
pajak malah mencekik",Negatif,,,2026-02-25 19:46:39.483484+00:00,2-12,Lainnya,Institusi (Bapenda/Samsat),Lainnya/Jateng
785,1,,TikTok,umr e ra sepiro pajek e ra kiro kiro,Negatif,,,2026-02-25 19:46:39.483484+00:00,1 m yang lalu,Lainnya,Institusi (Bapenda/Samsat),Lainnya/Jateng
1061,1,,TikTok,KO BILANGNYA ISU..PADAHAL BENER DI TAIKIN PAJAK NYA,Negatif,,,2026-02-25 19:46:39.483484+00:00,1 m yang lalu,Lainnya,Institusi (Bapenda/Samsat),Lainnya/Jateng
813,1,,TikTok,ra pajak kok di anggep utang?,Negatif,,,2026-02-25 19:46:39.483484+00:00,1 m yang lalu,Lainnya,Institusi (Bapenda/Samsat),Lainnya/Jateng
698,1,,TikTok,"semakin besar pajak semakin besar pendapatan gubernur....
jawab gitu saja kok Repot...😂",Negatif,,,2026-02-25 19:46:39.483484+00:00,2-12,Lainnya,Institusi (Bapenda/Samsat),Lainnya/Jateng
853,1,,TikTok,heeh pak luar negri wae ora eneng pajak o,Negatif,,,2026-02-25 19:46:39.483484+00:00,2-13,Lainnya,Institusi (Bapenda/Samsat),Lainnya/Jateng
880,1,,TikTok,motorku 2 Ra tak bayar pajekno kaveh,Negatif,,,2026-02-25 19:46:39.483484+00:00,2-13,Lainnya,Institusi (Bapenda/Samsat),Lainnya/Jateng
881,1,,TikTok,opo ra iso mikir golek pendapat selain soko pajak to?,Negatif,,,2026-02-25 19:46:39.483484+00:00,2-13,Lainnya,Institusi (Bapenda/Samsat),Lainnya/Jateng
888,1,,TikTok,"pejabat kok yg di bahas pajak terus, duwete di gawe opo ????????.....",Negatif,,,2026-02-25 19:46:39.483484+00:00,2-13,Lainnya,Institusi (Bapenda/Samsat),Lainnya/Jateng
893,1,,TikTok,arep bayar pajak dadi aras arasen.,Negatif,,,2026-02-25 19:46:39.483484+00:00,2-13,Lainnya,Institusi (Bapenda/Samsat),Lainnya/Jateng
910,1,,TikTok,Ijin ora pajekan 🥰 kulino tertib malah bosok🥰,Negatif,,,2026-02-25 19:46:39.483484+00:00,2-13,Lainnya,Institusi (Bapenda/Samsat),Lainnya/Jateng
921,1,,TikTok,stop bayar pajak,Negatif,,,2026-02-25 19:46:39.483484+00:00,2-13,Lainnya,Institusi (Bapenda/Samsat),Lainnya/Jateng
851,1,,TikTok,"ra usah pajek, ngo mangan ae angel",Negatif,,,2026-02-25 19:46:39.483484+00:00,2-13,Lainnya,Institusi (Bapenda/Samsat),Pekalongan/Pantura (G)
907,1,,TikTok,"mentang2 mantan polisi,kenakan pajak dikendaraan,gak ada cara yg lainkah pak?",Negatif,,,2026-02-25 19:46:39.483484+00:00,2-13,Lainnya,Institusi (Bapenda/Samsat),Pekalongan/Pantura (G)
936,1,,TikTok,iyo demo pajak tahun 2024 1600-2025 2900 gek tahun iki piro,Negatif,,,2026-02-25 19:46:39.483484+00:00,2-13,Lainnya,Institusi (Bapenda/Samsat),Pekalongan/Pantura (G)
940,1,,TikTok,kita telat pajak 1 hari saja kenak denda padahal kita sudah taat bayar pajak oleng oleng,Negatif,,,2026-02-25 19:46:39.483484+00:00,2-13,Lainnya,Institusi (Bapenda/Samsat),Lainnya/Jateng
945,1,,TikTok,piutang....utang ma sapaaa...emg daerah klo nrima pajak nnt daerah bayar setoran ke siapa?,Negatif,,,2026-02-25 19:46:39.483484+00:00,2-13,Lainnya,Institusi (Bapenda/Samsat),Lainnya/Jateng
946,1,,TikTok,gw udah stop bayar pajak,Negatif,,,2026-02-25 19:46:39.483484+00:00,2-13,Lainnya,Institusi (Bapenda/Samsat),Lainnya/Jateng
947,1,,TikTok,pajak itu buat apa sih ?,Negatif,,,2026-02-25 19:46:39.483484+00:00,2-13,Lainnya,Institusi (Bapenda/Samsat),Lainnya/Jateng
961,1,,TikTok,pajak Vario 266 000,Negatif,,,2026-02-25 19:46:39.483484+00:00,2-13,Lainnya,Institusi (Bapenda/Samsat),Lainnya/Jateng
974,1,,TikTok,"boloo Ra usah PD pajak
percuma,,,",Negatif,,,2026-02-25 19:46:39.483484+00:00,2-13,Lainnya,Institusi (Bapenda/Samsat),Lainnya/Jateng
991,1,,TikTok,ORA AREP pAjek .,Negatif,,,2026-02-25 19:46:39.483484+00:00,2-13,Lainnya,Institusi (Bapenda/Samsat),Lainnya/Jateng
998,1,,TikTok,tambah jangan bayar pajak,Negatif,,,2026-02-25 19:46:39.483484+00:00,2-13,Lainnya,Institusi (Bapenda/Samsat),Lainnya/Jateng
1096,1,,TikTok,"udah gausah ngeluh, pajak kan ujung2nya buat MBG juga🗿",Negatif,,,2026-02-25 19:46:39.483484+00:00,2-13,Lainnya,Institusi (Bapenda/Samsat),Lainnya/Jateng
1126,1,,TikTok,serentak masyarakat tidak membayar pajak,Negatif,,,2026-02-25 19:46:39.483484+00:00,1 m yang lalu,Lainnya,Institusi (Bapenda/Samsat),Lainnya/Jateng
1130,1,,TikTok,ga usah pajak aja yg di permasalahkan....itu Lo tambang tembaga di profot....,Negatif,,,2026-02-25 19:46:39.483484+00:00,1 m yang lalu,Lainnya,Institusi (Bapenda/Samsat),Lainnya/Jateng
1148,1,,TikTok,stop bayar pajak,Negatif,,,2026-02-25 19:46:39.483484+00:00,1 m yang lalu,Lainnya,Institusi (Bapenda/Samsat),Lainnya/Jateng
1159,1,,TikTok,kok bisa punya utang pak uwang pajak dikemnakan,Negatif,,,2026-02-25 19:46:39.483484+00:00,2-12,Lainnya,Institusi (Bapenda/Samsat),Lainnya/Jateng
1161,1,,TikTok,itu sama saja membebankan utang pajak orang yg tidak taat pajak kepada yg taat pajak. 🤣🤣🤣,Negatif,,,2026-02-25 19:46:39.483484+00:00,2-12,Lainnya,Institusi (Bapenda/Samsat),Lainnya/Jateng
1162,1,,TikTok,jadi tmbah malas byr pajak motor,Negatif,,,2026-02-25 19:46:39.483484+00:00,2-12,Lainnya,Institusi (Bapenda/Samsat),Lainnya/Jateng
1167,1,,TikTok,seng taat malah ditengkek pajak,Negatif,,,2026-02-25 19:46:39.483484+00:00,2-12,Lainnya,Institusi (Bapenda/Samsat),Lainnya/Jateng
1170,1,,TikTok,Umr munggah e 5% pajek e munggah 66%🤣,Negatif,,,2026-02-25 19:46:39.483484+00:00,2-12,Lainnya,Institusi (Bapenda/Samsat),Lainnya/Jateng
1185,1,,TikTok,makin males byr pajak,Negatif,,,2026-02-25 19:46:39.483484+00:00,2-12,Lainnya,Institusi (Bapenda/Samsat),Lainnya/Jateng
1186,1,,TikTok,pajak neh lakone.,Negatif,,,2026-02-25 19:46:39.483484+00:00,2-12,Lainnya,Institusi (Bapenda/Samsat),Lainnya/Jateng
1197,1,,TikTok,dah lah gabung aja Ama Jabar aja..d Jabar ada penghapusan pajak tertunda malah pembangunan infrastruktur gila2an.,Negatif,,,2026-02-25 19:46:39.483484+00:00,2-12,Lainnya,Institusi (Bapenda/Samsat),Lainnya/Jateng
1224,1,,TikTok,Bapak pajak infonesia,Negatif,,,2026-02-25 19:46:39.483484+00:00,2-12,Lainnya,Institusi (Bapenda/Samsat),Lainnya/Jateng
1254,1,,TikTok,pajak Supra pengaritan 5 juta baru josss,Negatif,,,2026-02-25 19:46:39.483484+00:00,2-12,Lainnya,Institusi (Bapenda/Samsat),Lainnya/Jateng
1273,1,,TikTok,sudi men bayar pajak,Negatif,,,2026-02-25 19:46:39.483484+00:00,2-12,Lainnya,Institusi (Bapenda/Samsat),Lainnya/Jateng
1490,1,,TikTok,"piutang karena orang yang tidak tertib pajak, kenapa malah jadi tanggungan yang tertib pajak??",Negatif,,,2026-02-25 19:46:39.483484+00:00,2-12,Lainnya,Institusi (Bapenda/Samsat),Solo Raya (AD)
1283,1,,TikTok,Mogok berjamaah stop bayar pajak😁😁😁,Negatif,,,2026-02-25 19:46:39.483484+00:00,2-12,Lainnya,Institusi (Bapenda/Samsat),Lainnya/Jateng
1309,1,,TikTok,ora ngurusi Sik keno bencana malah ngurusi lebarep mgundake pajak,Negatif,,,2026-02-25 19:46:39.483484+00:00,2-12,Lainnya,Institusi (Bapenda/Samsat),Lainnya/Jateng
1320,1,,TikTok,piye lurr...arek bayar pajek ora??,Negatif,,,2026-02-25 19:46:39.483484+00:00,2-12,Lainnya,Institusi (Bapenda/Samsat),Lainnya/Jateng
1338,1,,TikTok,trus kalo ada yg nunggak suruh bayar yg taat pajak gitu?,Negatif,,,2026-02-25 19:46:39.483484+00:00,2-12,Lainnya,Institusi (Bapenda/Samsat),Lainnya/Jateng
1343,1,,TikTok,"ojo di ngel"" lak do taat pajak",Negatif,,,2026-02-25 19:46:39.483484+00:00,2-12,Lainnya,Institusi (Bapenda/Samsat),Lainnya/Jateng
1366,1,,TikTok,Arep Ora Bayar Pajek..😂,Negatif,,,2026-02-25 19:46:39.483484+00:00,2-12,Lainnya,Institusi (Bapenda/Samsat),Lainnya/Jateng
1371,1,,TikTok,pantesan ngece kdm saat bebasin pajak....ternyata asline mumet,Negatif,,,2026-02-25 19:46:39.483484+00:00,2-12,Lainnya,Institusi (Bapenda/Samsat),Lainnya/Jateng
1388,1,,TikTok,akeh kendaraan Mati pajak kedepanyaaa...kebijkanya kurang pas,Negatif,,,2026-02-25 19:46:39.483484+00:00,2-12,Lainnya,Institusi (Bapenda/Samsat),Lainnya/Jateng
1413,1,,TikTok,"gak usah di perpanjang aja pajaknya, gitu aja kok repot",Negatif,,,2026-02-25 19:46:39.483484+00:00,2-12,Lainnya,Institusi (Bapenda/Samsat),Lainnya/Jateng
1428,1,,TikTok,"logikanya aga salahh ga sih, masak yang di hukum yang taat bayar pajak jatuhnya",Negatif,,,2026-02-25 19:46:39.483484+00:00,2-12,Lainnya,Institusi (Bapenda/Samsat),Lainnya/Jateng
1436,1,,TikTok,masa yg tertib bayar pajak hrs ikut nanggung ga tertib dgn kena pkb opsen smua. ga adil bro,Negatif,,,2026-02-25 19:46:39.483484+00:00,2-12,Lainnya,Institusi (Bapenda/Samsat),Lainnya/Jateng
1453,1,,TikTok,tolak bayar pajak,Negatif,,,2026-02-25 19:46:39.483484+00:00,2-12,Lainnya,Institusi (Bapenda/Samsat),Lainnya/Jateng
1454,1,,TikTok,"ngga usah demo .. cukup diam tak perlu bayar pajak kendaraan, abaikan",Negatif,,,2026-02-25 19:46:39.483484+00:00,2-12,Lainnya,Institusi (Bapenda/Samsat),Lainnya/Jateng
1467,1,,TikTok,ee wes wegah pajak,Negatif,,,2026-02-25 19:46:39.483484+00:00,2-12,Lainnya,Institusi (Bapenda/Samsat),Lainnya/Jateng
1504,1,,TikTok,Isane mung ngundak no pajek... Tok...,Negatif,,,2026-02-25 19:46:39.483484+00:00,2-12,Lainnya,Institusi (Bapenda/Samsat),Lainnya/Jateng
1510,1,,TikTok,rasah mbayar pajak,Negatif,,,2026-02-25 19:46:39.483484+00:00,2-12,Lainnya,Institusi (Bapenda/Samsat),Lainnya/Jateng
1122,1,,TikTok,motorku wes 5 tahun ora bayar pajak pak.. ndang razia iki neng omah loh.. 😅😅😅,Negatif,,,2026-02-25 19:46:39.483484+00:00,1 m yang lalu,Lainnya,Institusi (Bapenda/Samsat),Pekalongan/Pantura (G)
1511,1,,TikTok,"aku ora arep bayar pajek🤣🤣
sepurone pajek ku wes mati ora bkl tal bayar pajeke",Negatif,,,2026-02-25 19:46:39.483484+00:00,2-12,Lainnya,Institusi (Bapenda/Samsat),Lainnya/Jateng
1512,1,,TikTok,wes rasah pajek,Negatif,,,2026-02-25 19:46:39.483484+00:00,2-12,Lainnya,Institusi (Bapenda/Samsat),Lainnya/Jateng
1518,1,,TikTok,rep ra pajek..ming di korup...,Negatif,,,2026-02-25 19:46:39.483484+00:00,2-12,Lainnya,Institusi (Bapenda/Samsat),Lainnya/Jateng
1519,1,,TikTok,kok ngurusi pajak ya,Negatif,,,2026-02-25 19:46:39.483484+00:00,2-12,Lainnya,Institusi (Bapenda/Samsat),Lainnya/Jateng
1522,1,,TikTok,pajek e nggo mbayar utang ndaaaa,Negatif,,,2026-02-25 19:46:39.483484+00:00,2-12,Lainnya,Institusi (Bapenda/Samsat),Lainnya/Jateng
1526,1,,TikTok,"karepmu lah pak..unggahno wae nganti 1000%
ak ora bakal bayar pajak!!!!",Negatif,,,2026-02-25 19:46:39.483484+00:00,2-12,Lainnya,Institusi (Bapenda/Samsat),Lainnya/Jateng
1537,1,,TikTok,tadinya mau bayar pajak tapi sekarang emoh😆,Negatif,,,2026-02-25 19:46:39.483484+00:00,2-12,Lainnya,Institusi (Bapenda/Samsat),Lainnya/Jateng
1545,1,,TikTok,jgn ada yg bayar pajak,Negatif,,,2026-02-25 19:46:39.483484+00:00,2-12,Lainnya,Institusi (Bapenda/Samsat),Lainnya/Jateng
1549,1,,TikTok,"bayangin, pajaknya lebih gede dari pendapatan warganya😂😂😂",Negatif,,,2026-02-25 19:46:39.483484+00:00,2-12,Lainnya,Institusi (Bapenda/Samsat),Lainnya/Jateng
1558,1,,TikTok,ndak mau bayar pajak,Negatif,,,2026-02-25 19:46:39.483484+00:00,2-12,Lainnya,Institusi (Bapenda/Samsat),Lainnya/Jateng
1570,1,,TikTok,serentak stop pajak,Negatif,,,2026-02-25 19:46:39.483484+00:00,2-12,Lainnya,Institusi (Bapenda/Samsat),Lainnya/Jateng
1571,1,,TikTok,hapus opsen pajak,Negatif,,,2026-02-25 19:46:39.483484+00:00,2-12,Lainnya,Institusi (Bapenda/Samsat),Lainnya/Jateng
1582,1,,TikTok,halah trserah ora harep mbatar pajak,Negatif,,,2026-02-25 19:46:39.483484+00:00,2-12,Lainnya,Institusi (Bapenda/Samsat),Lainnya/Jateng
1587,1,,TikTok,Alhamdulillah motor saya udah bertaun2 g saya pajakin lha ini kan klo di pajakin jdi enk yg duduk di kursi empuk😂,Negatif,,,2026-02-25 19:46:39.483484+00:00,2-12,Lainnya,Institusi (Bapenda/Samsat),Lainnya/Jateng
1598,1,,TikTok,pajak gaaeesss,Negatif,,,2026-02-25 19:46:39.483484+00:00,2-12,Lainnya,Institusi (Bapenda/Samsat),Lainnya/Jateng
1627,1,,TikTok,boikot pajak,Negatif,,,2026-02-25 19:46:39.483484+00:00,2-12,Lainnya,Institusi (Bapenda/Samsat),Lainnya/Jateng
1629,1,,TikTok,pajak telat pasti dibayar,Negatif,,,2026-02-25 19:46:39.483484+00:00,2-12,Lainnya,Institusi (Bapenda/Samsat),Lainnya/Jateng
1639,1,,TikTok,"arep byr pajak pun di angel"", mending ora byr pajak, sg kendaraan surat komplit ora colongan.",Negatif,,,2026-02-25 19:46:39.483484+00:00,2-12,Lainnya,Institusi (Bapenda/Samsat),Lainnya/Jateng
1657,1,,TikTok,jawa tengah UMR rendah pajak gila2an edyan gak tu😂,Negatif,,,2026-02-25 19:46:39.483484+00:00,2-12,Lainnya,Institusi (Bapenda/Samsat),Lainnya/Jateng
1677,1,,TikTok,jgn bayar pajak,Negatif,,,2026-02-25 19:46:39.483484+00:00,2-12,Lainnya,Institusi (Bapenda/Samsat),Lainnya/Jateng
1692,1,,TikTok,yo gk usah di pajekne ach motore,Negatif,,,2026-02-25 19:46:39.483484+00:00,2-12,Lainnya,Institusi (Bapenda/Samsat),Lainnya/Jateng
1697,1,,TikTok,rasah bayar pajak,Negatif,,,2026-02-25 19:46:39.483484+00:00,2-12,Lainnya,Institusi (Bapenda/Samsat),Lainnya/Jateng
1717,1,,TikTok,inti pada intinya ora sah pajeki!!!,Negatif,,,2026-02-25 19:46:39.483484+00:00,2-12,Lainnya,Institusi (Bapenda/Samsat),Lainnya/Jateng
1724,1,,TikTok,Akhirnya malas bayar pajak....,Negatif,,,2026-02-25 19:46:39.483484+00:00,2-12,Lainnya,Institusi (Bapenda/Samsat),Lainnya/Jateng
1734,1,,TikTok,coba bayar pajak dipermudah pak. pasti banyak yg taat bayar pjk,Negatif,,,2026-02-25 19:46:39.483484+00:00,2-12,Lainnya,Institusi (Bapenda/Samsat),Lainnya/Jateng
1745,1,,TikTok,demooo mogok bayar pajak,Negatif,,,2026-02-25 19:46:39.483484+00:00,2-12,Lainnya,Institusi (Bapenda/Samsat),Lainnya/Jateng
1516,1,,TikTok,Stop pajak rakyat keberatan.,Negatif,,,2026-02-25 19:46:39.483484+00:00,2-12,Beban Ekonomi,Institusi (Bapenda/Samsat),Lainnya/Jateng
1765,1,,TikTok,sudah ada PKB ..kenapa disuruh bayar opsen..apa gunanya pajak opsen.dan apa gunanya PKB,Negatif,,,2026-02-25 19:46:39.483484+00:00,2-12,Lainnya,Institusi (Bapenda/Samsat),Solo Raya (AD)
319,1,,TikTok,ngomong ora angger,Negatif,,,2026-02-25 19:46:39.483484+00:00,5 h yang lalu,Kekecewaan Politik,Lainnya,Lainnya/Jateng
1515,1,,TikTok,aku loh golput alias tak coblos kabeh. tp melu keno imbase,Netral,,,2026-02-25 19:46:39.483484+00:00,2-12,Kekecewaan Politik,Gubernur,Lainnya/Jateng
1650,1,,TikTok,min tolong min kami rakyat sangat di Bebani pajak yg sangat besar ini,Negatif,,,2026-02-25 19:46:39.483484+00:00,2-12,Beban Ekonomi,Institusi (Bapenda/Samsat),Lainnya/Jateng
1733,1,,TikTok,"BYK YG TDK BAYAR PAJAK COBA DI EVALUASI KESALAHAN ATURANMU , BUKAN MALAH MEMBEBANI YG TA'AT PAJAK . LEBIH BAIK RAKYAT TDK BAYAR PAJAK SEKALIAN, LAGIAN KITA BELI KENDARAAN CARI DUWIT SENDIRI .",Negatif,,,2026-02-25 19:46:39.483484+00:00,2-12,Beban Ekonomi,Institusi (Bapenda/Samsat),Lainnya/Jateng
1755,1,,TikTok,stop bayar pajak memeras rakyat,Negatif,,,2026-02-25 19:46:39.483484+00:00,2-12,Beban Ekonomi,Institusi (Bapenda/Samsat),Lainnya/Jateng
1555,1,,TikTok,"gimana ini min, masa pajaknya lebih gede dibanding pendapatan rakyatnya,",Negatif,,,2026-02-25 19:46:39.483484+00:00,2-12,Beban Ekonomi,Institusi (Bapenda/Samsat),Pekalongan/Pantura (G)
1672,1,,TikTok,"INI BUKAN INOVASI, RAKYAT 90% TERTIB PAJAK. KENAPA HUTANG D TANGGUHKAN RAKYAT, KENAPA TIDAK DI JATUHKAN DRI SEKTOR LAINNYA.",Negatif,,,2026-02-25 19:46:39.483484+00:00,2-12,Beban Ekonomi,Institusi (Bapenda/Samsat),Solo Raya (AD)
1831,1,,TikTok,berarti yg rajin bayar pajak malah jadi sapi perah untuk yg tidak bayar pajak. begitukan maksudnya?,Negatif,,,2026-02-25 19:46:39.483484+00:00,2-12,Beban Ekonomi,Institusi (Bapenda/Samsat),Lainnya/Jateng
1842,1,,TikTok,pejabat ngicere pajak tok ramikir nang lapangane pie carane ben rakyat seneng bayar pajak... giliran mau bayar di persulit,Negatif,,,2026-02-25 19:46:39.483484+00:00,2-12,Beban Ekonomi,Institusi (Bapenda/Samsat),Lainnya/Jateng
1805,1,,TikTok,pejabat pemerras lewat pajak..,Negatif,,,2026-02-25 19:46:39.483484+00:00,2-12,Lainnya,Institusi (Bapenda/Samsat),Lainnya/Jateng
1807,1,,TikTok,ojo gelem pajak boikot pajak 👍👍👍,Negatif,,,2026-02-25 19:46:39.483484+00:00,2-12,Lainnya,Institusi (Bapenda/Samsat),Lainnya/Jateng
1809,1,,TikTok,mbayar pajak rutin pk,Negatif,,,2026-02-25 19:46:39.483484+00:00,2-12,Lainnya,Institusi (Bapenda/Samsat),Lainnya/Jateng
1814,1,,TikTok,Ra sah bayar pajak....😆😆,Negatif,,,2026-02-25 19:46:39.483484+00:00,2-12,Lainnya,Institusi (Bapenda/Samsat),Lainnya/Jateng
1826,1,,TikTok,aku ora arep pajek,Negatif,,,2026-02-25 19:46:39.483484+00:00,2-12,Lainnya,Institusi (Bapenda/Samsat),Lainnya/Jateng
1852,1,,TikTok,ORA pajak ORA urip,Negatif,,,2026-02-25 19:46:39.483484+00:00,2-12,Lainnya,Institusi (Bapenda/Samsat),Lainnya/Jateng
1858,1,,TikTok,GAH MBAYAR PAJEK NEK NO,Negatif,,,2026-02-25 19:46:39.483484+00:00,2-12,Lainnya,Institusi (Bapenda/Samsat),Lainnya/Jateng
1870,1,,TikTok,kerjone gur ngindake pajak ...bencana kmrn kmn....,Negatif,,,2026-02-25 19:46:39.483484+00:00,2-12,Lainnya,Institusi (Bapenda/Samsat),Lainnya/Jateng
1874,1,,TikTok,"kebijakan goblok,kalah sama Timur Leste yg pajak nya sedikit",Negatif,,,2026-02-25 19:46:39.483484+00:00,2-12,Lainnya,Institusi (Bapenda/Samsat),Lainnya/Jateng
1904,1,,TikTok,solusi beli motor blong saja gak mikir pajak😂,Negatif,,,2026-02-25 19:46:39.483484+00:00,2-12,Lainnya,Institusi (Bapenda/Samsat),Lainnya/Jateng
1917,1,,TikTok,gerakan stop pajak,Negatif,,,2026-02-25 19:46:39.483484+00:00,2-12,Lainnya,Institusi (Bapenda/Samsat),Lainnya/Jateng
1919,1,,TikTok,"Semua pembayaran pajak ber motor beres semua,itu paling pada di korupsi.",Negatif,,,2026-02-25 19:46:39.483484+00:00,2-12,Lainnya,Institusi (Bapenda/Samsat),Lainnya/Jateng
1921,1,,TikTok,sibuk urus pajak ....buat apa bayar pajak toh cm buat para koruptor,Negatif,,,2026-02-25 19:46:39.483484+00:00,2-12,Lainnya,Institusi (Bapenda/Samsat),Lainnya/Jateng
1951,1,,TikTok,jgn bayar pajak,Negatif,,,2026-02-25 19:46:39.483484+00:00,2-12,Lainnya,Institusi (Bapenda/Samsat),Lainnya/Jateng
1955,1,,TikTok,tidak usah bayar pajak,Negatif,,,2026-02-25 19:46:39.483484+00:00,2-12,Lainnya,Institusi (Bapenda/Samsat),Lainnya/Jateng
1859,1,,TikTok,jebolan polisi tiada kata kasiaan ...taunya peras perass,Negatif,,,2026-02-25 19:46:39.483484+00:00,2-12,Beban Ekonomi,Institusi (Bapenda/Samsat),Lainnya/Jateng
1935,1,,TikTok,hawane kok Ming pajak pajak pajak..... mbok ya pieeeee Ben ada pemasukan selain pajak pajak pajak,Negatif,,,2026-02-25 19:46:39.483484+00:00,2-12,Lainnya,Institusi (Bapenda/Samsat),Solo Raya (AD)
1970,1,,TikTok,ga usah bayar pajak,Negatif,,,2026-02-25 19:46:39.483484+00:00,2-12,Lainnya,Institusi (Bapenda/Samsat),Lainnya/Jateng
1987,1,,TikTok,"hello geesss,, ini baru pajak yaaa,, ntar yg lain2 nya nyusul,, siap2 aja",Negatif,,,2026-02-25 19:46:39.483484+00:00,2-12,Lainnya,Institusi (Bapenda/Samsat),Lainnya/Jateng
1991,1,,TikTok,coba ittuuu di cek pd bayar pajak gak kendaraaan pribadi sm kendaraaaan dinas nyaaaa,Negatif,,,2026-02-25 19:46:39.483484+00:00,2-12,Lainnya,Institusi (Bapenda/Samsat),Lainnya/Jateng
1993,1,,TikTok,pok men Ora usah bayar pajak,Negatif,,,2026-02-25 19:46:39.483484+00:00,2-12,Lainnya,Institusi (Bapenda/Samsat),Lainnya/Jateng
1996,1,,TikTok,gak usah bayar pajak.....wes tak lah,Negatif,,,2026-02-25 19:46:39.483484+00:00,2-12,Lainnya,Institusi (Bapenda/Samsat),Lainnya/Jateng
2003,1,,TikTok,usah pajeki repot amat gantian,Negatif,,,2026-02-25 19:46:39.483484+00:00,2-12,Lainnya,Institusi (Bapenda/Samsat),Lainnya/Jateng
2017,1,,TikTok,sampe konangan pajek dikorupsi wes mls bayar aku,Negatif,,,2026-02-25 19:46:39.483484+00:00,2-12,Lainnya,Institusi (Bapenda/Samsat),Lainnya/Jateng
1973,1,,TikTok,"turu,o wes bengi ojo pajak mbok rembok",Negatif,,,2026-02-25 19:46:39.483484+00:00,2-12,Lainnya,Institusi (Bapenda/Samsat),Solo Raya (AD)
2037,1,,TikTok,nukokke motor ora tau tp sak enak e dewe nek ngundakke pajek,Negatif,,,2026-02-25 19:46:39.483484+00:00,2-12,Lainnya,Institusi (Bapenda/Samsat),Lainnya/Jateng
2040,1,,TikTok,#stopbayarpajaka,Negatif,,,2026-02-25 19:46:39.483484+00:00,2-12,Lainnya,Institusi (Bapenda/Samsat),Lainnya/Jateng
2039,1,,TikTok,kan ada datanya yang belum bayar pajak kenapa yang rajin bayar pajak kena imbas nya ...,Negatif,,,2026-02-25 19:46:39.483484+00:00,2-12,Lainnya,Institusi (Bapenda/Samsat),Solo Raya (AD)
2043,1,,TikTok,EMG pejabat kayak telekkk klau pakai dasar aturan pajak itu sekali doang,Negatif,,,2026-02-25 19:46:39.483484+00:00,2-12,Lainnya,Institusi (Bapenda/Samsat),Lainnya/Jateng
2049,1,,TikTok,pajak itu hanya untuk memperkaya para pejabat,Negatif,,,2026-02-25 19:46:39.483484+00:00,2-12,Lainnya,Institusi (Bapenda/Samsat),Lainnya/Jateng
2051,1,,TikTok,pejabat ya ga bayar pajak ga,Negatif,,,2026-02-25 19:46:39.483484+00:00,2-12,Lainnya,Institusi (Bapenda/Samsat),Lainnya/Jateng
2067,1,,TikTok,ora ngurusi musibah ngurusi nenpajak ben tambah cuan,Negatif,,,2026-02-25 19:46:39.483484+00:00,2-12,Lainnya,Institusi (Bapenda/Samsat),Lainnya/Jateng
2095,1,,TikTok,tuki motor dewek bisa ndue utang pajak 🤣🤣🤣🤣,Negatif,,,2026-02-25 19:46:39.483484+00:00,2-12,Lainnya,Institusi (Bapenda/Samsat),Lainnya/Jateng
1930,1,,TikTok,ws Podo demo neh Iki nko...pajak koq sampe nyengsarane rakyat,Negatif,,,2026-02-25 19:46:39.483484+00:00,2-12,Beban Ekonomi,Institusi (Bapenda/Samsat),Lainnya/Jateng
1897,1,,TikTok,"Njomplang sama pendapatan rakyat pak , UMR RENDAH TP PAJAK TERTINGGI ITU gimana konsepnya 😳😳",Negatif,,,2026-02-25 19:46:39.483484+00:00,2-12,Beban Ekonomi,Institusi (Bapenda/Samsat),Pekalongan/Pantura (G)
1994,1,,TikTok,"Pajak Tinggi...
UMK terendah....
Trus kerjone opo...
Mantab...
Keblondrok....",Negatif,,,2026-02-25 19:46:39.483484+00:00,2-12,Lainnya,Institusi (Bapenda/Samsat),Pekalongan/Pantura (G)
2097,1,,TikTok,wes ager pajeke seng okeh sisan wong jawa tengah ben ga duwe mobel ben go sepedah wae,Negatif,,,2026-02-25 19:46:39.483484+00:00,2-12,Lainnya,Institusi (Bapenda/Samsat),Lainnya/Jateng
2119,1,,TikTok,boikot bayar pajak.,Negatif,,,2026-02-25 19:46:39.483484+00:00,2-12,Lainnya,Institusi (Bapenda/Samsat),Lainnya/Jateng
2125,1,,TikTok,gk usah byr pajak...memperkaya para pejabat..,Negatif,,,2026-02-25 19:46:39.483484+00:00,2-12,Lainnya,Institusi (Bapenda/Samsat),Lainnya/Jateng
2132,1,,TikTok,benar kalo daerab dipimpin oleh polisi.. pemasukan bisanya dari pajak,Negatif,,,2026-02-25 19:46:39.483484+00:00,2-12,Lainnya,Institusi (Bapenda/Samsat),Lainnya/Jateng
2152,1,,TikTok,wong pajak di bayaar kok jare duee utang 😂,Negatif,,,2026-02-25 19:46:39.483484+00:00,2-12,Lainnya,Institusi (Bapenda/Samsat),Lainnya/Jateng
2158,1,,TikTok,makay permudahkan aturan bayar pajak,Negatif,,,2026-02-25 19:46:39.483484+00:00,2-12,Lainnya,Institusi (Bapenda/Samsat),Lainnya/Jateng
2164,1,,TikTok,mogok bayar pajak,Negatif,,,2026-02-25 19:46:39.483484+00:00,2-12,Lainnya,Institusi (Bapenda/Samsat),Lainnya/Jateng
2192,1,,TikTok,Stop bayar pajak aja,Negatif,,,2026-02-25 19:46:39.483484+00:00,2-12,Lainnya,Institusi (Bapenda/Samsat),Lainnya/Jateng
2206,1,,TikTok,"dan coba lihat program KDM soal pajak kendaraan, lihat dampak kebijakannya.",Negatif,,,2026-02-25 19:46:39.483484+00:00,2-12,Lainnya,Institusi (Bapenda/Samsat),Lainnya/Jateng
2207,1,,TikTok,"jangankan byr pajak , bpkb masih di bank , job sepi pol",Negatif,,,2026-02-25 19:46:39.483484+00:00,2-12,Lainnya,Institusi (Bapenda/Samsat),Lainnya/Jateng
2232,1,,TikTok,Tunggakin aja pajaknya nunggu event pemutihan,Negatif,,,2026-02-25 19:46:39.483484+00:00,2-12,Lainnya,Institusi (Bapenda/Samsat),Lainnya/Jateng
2245,1,,TikTok,"UMR ora sepira,pajak e ra kira kira",Negatif,,,2026-02-25 19:46:39.483484+00:00,2-12,Lainnya,Institusi (Bapenda/Samsat),Lainnya/Jateng
2265,1,,TikTok,tunda bayar pajak,Negatif,,,2026-02-25 19:46:39.483484+00:00,2-12,Lainnya,Institusi (Bapenda/Samsat),Lainnya/Jateng
2268,1,,TikTok,Umrmu loh ngisin isini pajak terus sik diundakke. Joohhh,Negatif,,,2026-02-25 19:46:39.483484+00:00,2-12,Lainnya,Institusi (Bapenda/Samsat),Lainnya/Jateng
2292,1,,TikTok,ora bayar pajak,Negatif,,,2026-02-25 19:46:39.483484+00:00,2-12,Lainnya,Institusi (Bapenda/Samsat),Lainnya/Jateng
2339,1,,TikTok,"wes gak usah byar pajek, engkolah ono pemutihan",Negatif,,,2026-02-25 19:46:39.483484+00:00,2-12,Lainnya,Institusi (Bapenda/Samsat),Lainnya/Jateng
2348,1,,TikTok,ora arep bayar pajek..wong yo ra due sing arep di pajeki..😂😂,Negatif,,,2026-02-25 19:46:39.483484+00:00,2-12,Lainnya,Institusi (Bapenda/Samsat),Lainnya/Jateng
2369,1,,TikTok,pajak juga gk ada baikya d jwa tengah,Negatif,,,2026-02-25 19:46:39.483484+00:00,2-12,Lainnya,Institusi (Bapenda/Samsat),Lainnya/Jateng
2374,1,,TikTok,penak seng duwe motor ra tau pajek🤣🤣🤣🤣🤣,Negatif,,,2026-02-25 19:46:39.483484+00:00,2-12,Lainnya,Institusi (Bapenda/Samsat),Lainnya/Jateng
2269,1,,TikTok,Aturannya siapa yg buat? Aturan itu buat siapa? Kalau rakyat selalu dibebani berbagai macam pajak dan itu mbratkan llu ap bedanya dgn penjajah?,Negatif,,,2026-02-25 19:46:39.483484+00:00,2-12,Beban Ekonomi,Institusi (Bapenda/Samsat),Lainnya/Jateng
2272,1,,TikTok,kelola sumber daya alam....jngn bertumpu pada PJK....karna pejabat gak bisa kerja....maka meras rakyat lewat pajak,Negatif,,,2026-02-25 19:46:39.483484+00:00,2-12,Beban Ekonomi,Institusi (Bapenda/Samsat),Lainnya/Jateng
2393,1,,TikTok,pajak di koropsi..... lembur st,Negatif,,,2026-02-25 19:46:39.483484+00:00,2-12,Lainnya,Institusi (Bapenda/Samsat),Lainnya/Jateng
2400,1,,TikTok,Dasarnya apa suruh bayar pajak aja sulitnya gak karuan.,Negatif,,,2026-02-25 19:46:39.483484+00:00,2-12,Lainnya,Institusi (Bapenda/Samsat),Lainnya/Jateng
2436,1,,TikTok,stop bayar pajak...,Negatif,,,2026-02-25 19:46:39.483484+00:00,2-12,Lainnya,Institusi (Bapenda/Samsat),Lainnya/Jateng
2450,1,,TikTok,ngopo bayar pajak gur d gaglak ulo ulo....,Negatif,,,2026-02-25 19:46:39.483484+00:00,2-12,Lainnya,Institusi (Bapenda/Samsat),Lainnya/Jateng
2490,1,,TikTok,turunkan pajak,Negatif,,,2026-02-25 19:46:39.483484+00:00,2-12,Lainnya,Institusi (Bapenda/Samsat),Lainnya/Jateng
2520,1,,TikTok,se Jawa Tengah gak usah byr pajak,Negatif,,,2026-02-25 19:46:39.483484+00:00,2-12,Lainnya,Institusi (Bapenda/Samsat),Lainnya/Jateng
2535,2,,TikTok,kegunaan pajak kui opo wae,Negatif,,,2026-02-25 19:46:39.483484+00:00,1 h yang lalu,Lainnya,Institusi (Bapenda/Samsat),Lainnya/Jateng
2556,2,,TikTok,sakkarepmu gawe peraturan...sakgelemku gawe keputusan Ra mbayar pajak 😁😁😁,Negatif,,,2026-02-25 19:46:39.483484+00:00,10 j yang lalu,Lainnya,Institusi (Bapenda/Samsat),Lainnya/Jateng
2564,2,,TikTok,mpun pak....mboten usah dijelaske sing bertele tele...intine tetep ada tambahan pajak.,Negatif,,,2026-02-25 19:46:39.483484+00:00,1 h yang lalu,Lainnya,Institusi (Bapenda/Samsat),Lainnya/Jateng
2483,1,,TikTok,keadilan sosial nya sudah ngk ada nih buat rakyat kecil. UMR 2 juta saja pajak nya tinggi sekarang,Negatif,,,2026-02-25 19:46:39.483484+00:00,2-12,Beban Ekonomi,Institusi (Bapenda/Samsat),Lainnya/Jateng
2569,2,,TikTok,Stop Bayar Pajak biar mereka mau tingkah kaya apa lossss,Negatif,,,2026-02-25 19:46:39.483484+00:00,21 j yang lalu,Lainnya,Institusi (Bapenda/Samsat),Lainnya/Jateng
2573,2,,TikTok,opsen memberatkan masyarakat. hapus aja opsen biar masyarakat tdk terbebani dlm bayar pajak bermotor,Negatif,,,2026-02-25 19:46:39.483484+00:00,1 h yang lalu,Lainnya,Institusi (Bapenda/Samsat),Lainnya/Jateng
2581,2,,TikTok,hapus opsen pajak,Negatif,,,2026-02-25 19:46:39.483484+00:00,8 j yang lalu,Lainnya,Institusi (Bapenda/Samsat),Lainnya/Jateng
2582,2,,TikTok,serukan Anti pajak di seluruh Indonesia,Negatif,,,2026-02-25 19:46:39.483484+00:00,1 h yang lalu,Lainnya,Institusi (Bapenda/Samsat),Lainnya/Jateng
2160,1,,TikTok,pajak masuknya kemana rek pribadi,Negatif,,,2026-02-25 19:46:39.483484+00:00,2-12,Lainnya,Institusi (Bapenda/Samsat),Pekalongan/Pantura (G)
2233,1,,TikTok,jaman saiki mbayar pajak yo rugi.,Negatif,,,2026-02-25 19:46:39.483484+00:00,2-12,Lainnya,Institusi (Bapenda/Samsat),Pekalongan/Pantura (G)
2379,1,,TikTok,beli kendaraan pajak nya sampe 300% ... pajak / tahun avanza bisa 3 - 6 jt... semua pajaakkkkkkkkkk.....,Negatif,,,2026-02-25 19:46:39.483484+00:00,2-12,Lainnya,Institusi (Bapenda/Samsat),Pekalongan/Pantura (G)
2448,1,,TikTok,penyebabnya kebijakan yg kurang tepat ..yg bayar pajak tepat waktu setiap tahun tdk dikasih reward..yg nunggak pajak malah dikasih reward dengan pembebasan pajak tertunggak...jadinya masy mikir lebih baik nunggak nanti dikasih reward berupa pemutihan..Cihuy 😁,Negatif,,,2026-02-25 19:46:39.483484+00:00,2-12,Lainnya,Institusi (Bapenda/Samsat),Pekalongan/Pantura (G)
2594,2,,TikTok,PCX 2022 pajak hbis 530000 itu th 2025 TPI th 2026 jdi berapa ya,Negatif,,,2026-02-25 19:46:39.483484+00:00,49 m yang lalu,Lainnya,Institusi (Bapenda/Samsat),Lainnya/Jateng
2602,2,,TikTok,Boikot Pajak bersama ..,Negatif,,,2026-02-25 19:46:39.483484+00:00,6 m yang lalu,Lainnya,Institusi (Bapenda/Samsat),Lainnya/Jateng
2606,2,,TikTok,gak usah bayar pajak.....,Negatif,,,2026-02-25 19:46:39.483484+00:00,59 m yang lalu,Lainnya,Institusi (Bapenda/Samsat),Lainnya/Jateng
2608,2,,TikTok,Semua di pajakin tapi timbal baliknya apa ke masyarakat,Negatif,,,2026-02-25 19:46:39.483484+00:00,2 j yang lalu,Lainnya,Institusi (Bapenda/Samsat),Lainnya/Jateng
2640,2,,TikTok,turunkan pajak klo gitu 😁,Negatif,,,2026-02-25 19:46:39.483484+00:00,6 j yang lalu,Lainnya,Institusi (Bapenda/Samsat),Lainnya/Jateng
2641,2,,TikTok,stop pajak Jawa barat aja bisa stop pajak masak Jawa tengah ga bisa,Negatif,,,2026-02-25 19:46:39.483484+00:00,6 j yang lalu,Lainnya,Institusi (Bapenda/Samsat),Lainnya/Jateng
2718,2,,TikTok,pajak motor gratis,Negatif,,,2026-02-25 19:46:39.483484+00:00,20 j yang lalu,Lainnya,Institusi (Bapenda/Samsat),Lainnya/Jateng
2720,2,,TikTok,stop bayar pajak..pajak hanya buat bancaan para pejabat...😫,Negatif,,,2026-02-25 19:46:39.483484+00:00,20 j yang lalu,Lainnya,Institusi (Bapenda/Samsat),Lainnya/Jateng
2722,2,,TikTok,"Menindas dan memeras ralyat.
ayo gak usah pajekin.",Negatif,,,2026-02-25 19:46:39.483484+00:00,20 j yang lalu,Lainnya,Institusi (Bapenda/Samsat),Lainnya/Jateng
2736,2,,TikTok,pajak ladang .,Negatif,,,2026-02-25 19:46:39.483484+00:00,21 j yang lalu,Lainnya,Institusi (Bapenda/Samsat),Lainnya/Jateng
2743,2,,TikTok,ayo rame2 boikot pajak,Negatif,,,2026-02-25 19:46:39.483484+00:00,21 j yang lalu,Lainnya,Institusi (Bapenda/Samsat),Lainnya/Jateng
2757,2,,TikTok,ra kuat byr pajak,Negatif,,,2026-02-25 19:46:39.483484+00:00,22 j yang lalu,Lainnya,Institusi (Bapenda/Samsat),Lainnya/Jateng
2764,2,,TikTok,"rak usah pajek..
pajek tnh sdh cukup.",Negatif,,,2026-02-25 19:46:39.483484+00:00,22 j yang lalu,Lainnya,Institusi (Bapenda/Samsat),Lainnya/Jateng
2773,2,,TikTok,stop bayar pajak,Negatif,,,2026-02-25 19:46:39.483484+00:00,22 j yang lalu,Lainnya,Institusi (Bapenda/Samsat),Lainnya/Jateng
2778,2,,TikTok,ngk usah lah bayar pajak,Negatif,,,2026-02-25 19:46:39.483484+00:00,23 j yang lalu,Lainnya,Institusi (Bapenda/Samsat),Lainnya/Jateng
2780,2,,TikTok,"hapus opsen PKB , atau gak akan bayar pajak",Negatif,,,2026-02-25 19:46:39.483484+00:00,23 j yang lalu,Lainnya,Institusi (Bapenda/Samsat),Lainnya/Jateng
2786,2,,TikTok,tetap konsisten dengan stop byar pajak KLO blum di turun kan titik,Negatif,,,2026-02-25 19:46:39.483484+00:00,23 j yang lalu,Lainnya,Institusi (Bapenda/Samsat),Lainnya/Jateng
2787,2,,TikTok,opsen PKB nya 67%..ini sy bayar pajak 2025..,Negatif,,,2026-02-25 19:46:39.483484+00:00,23 j yang lalu,Lainnya,Institusi (Bapenda/Samsat),Lainnya/Jateng
2793,2,,TikTok,#stopbayarpajak,Negatif,,,2026-02-25 19:46:39.483484+00:00,23 j yang lalu,Lainnya,Institusi (Bapenda/Samsat),Lainnya/Jateng
2796,2,,TikTok,pajak membebani daerah kalau diskon lawak y,Negatif,,,2026-02-25 19:46:39.483484+00:00,1 h yang lalu,Lainnya,Institusi (Bapenda/Samsat),Lainnya/Jateng
2816,2,,TikTok,tetap setop pajak,Negatif,,,2026-02-25 19:46:39.483484+00:00,1 h yang lalu,Lainnya,Institusi (Bapenda/Samsat),Lainnya/Jateng
2827,2,,TikTok,ora arep mbayar pajak,Negatif,,,2026-02-25 19:46:39.483484+00:00,1 h yang lalu,Lainnya,Institusi (Bapenda/Samsat),Lainnya/Jateng
2835,2,,TikTok,stop pajak ...,Negatif,,,2026-02-25 19:46:39.483484+00:00,1 h yang lalu,Lainnya,Institusi (Bapenda/Samsat),Lainnya/Jateng
2841,2,,TikTok,stop pajak apapun,Negatif,,,2026-02-25 19:46:39.483484+00:00,1 h yang lalu,Lainnya,Institusi (Bapenda/Samsat),Lainnya/Jateng
2849,2,,TikTok,beli motor Jawa Barat aja pajaknya biar masuk Jawa barat,Negatif,,,2026-02-25 19:46:39.483484+00:00,1 h yang lalu,Lainnya,Institusi (Bapenda/Samsat),Lainnya/Jateng
2864,2,,TikTok,di lusr nevri pajak kok murah,Negatif,,,2026-02-25 19:46:39.483484+00:00,1 h yang lalu,Lainnya,Institusi (Bapenda/Samsat),Lainnya/Jateng
2882,2,,TikTok,ora urus intine Ra pan bayar pajak....,Negatif,,,2026-02-25 19:46:39.483484+00:00,1 h yang lalu,Lainnya,Institusi (Bapenda/Samsat),Lainnya/Jateng
2923,2,,TikTok,"pajak yg kurang rudho karena bikin rskyst tertekan , hukumnya haram pk ustajd",Negatif,,,2026-02-25 19:46:39.483484+00:00,18 j yang lalu,Lainnya,Institusi (Bapenda/Samsat),Lainnya/Jateng
2926,2,,TikTok,jln ya gak layak dilewati pajak kok selangit,Negatif,,,2026-02-25 19:46:39.483484+00:00,21 j yang lalu,Lainnya,Institusi (Bapenda/Samsat),Lainnya/Jateng
2934,3,,Instagram,Hapus Opsen pajak 🔥🔥🔥,Negatif,,,2026-02-25 19:46:39.483484+00:00,Hapus Opsen pajak 🔥🔥🔥,Lainnya,Institusi (Bapenda/Samsat),Lainnya/Jateng
2938,3,,Instagram,UMR paling rendah pajak paling tinggi👏,Negatif,,,2026-02-25 19:46:39.483484+00:00,UMR paling rendah pajak paling tinggi👏,Lainnya,Institusi (Bapenda/Samsat),Lainnya/Jateng
2587,2,,TikTok,Intinya rakyat sudah wegah bayar pajak...,Negatif,,,2026-02-25 19:46:39.483484+00:00,21 j yang lalu,Beban Ekonomi,Institusi (Bapenda/Samsat),Lainnya/Jateng
1157,1,,TikTok,demi Alloh nyesel ndunyo ahirat aq milih gubernur Lutfi,Negatif,,,2026-02-25 19:46:39.483484+00:00,2-12,Kekecewaan Politik,Gubernur,Lainnya/Jateng
2655,2,,TikTok,gmna bisa byar pajak pmrintah ga ksih lapangan krja,Negatif,,,2026-02-25 19:46:39.483484+00:00,10 j yang lalu,Lainnya,Institusi (Bapenda/Samsat),Pekalongan/Pantura (G)
2739,2,,TikTok,"di jogja ada opsen juga.. tp total jumlah besaran pajak yg dibayarkan tetap sama dg tahun lalu........ apalgi di jatim, lbh murah lagi malah",Negatif,,,2026-02-25 19:46:39.483484+00:00,21 j yang lalu,Lainnya,Institusi (Bapenda/Samsat),Pekalongan/Pantura (G)
2935,3,,Instagram,Minimal yg sering taat pajak dikasih diskon gede bukan hadiah undian yg presentase dapat cuma 1 banding 1 juta orang.. bukan malah yg ga taat semua di putihin. Kocak emang...,Negatif,,,2026-02-25 19:46:39.483484+00:00,Minimal yg sering taat pajak dikasih diskon gede bukan hadiah undian yg presentase dapat cuma 1 banding 1 juta orang.. bukan malah yg ga taat semua di putihin. Kocak emang...,Lainnya,Institusi (Bapenda/Samsat),Pekalongan/Pantura (G)
2945,3,,Instagram,Karyawanmu bayar opsen pora? Opo malah Ra bayar pajek juga?,Negatif,,,2026-02-25 19:46:39.483484+00:00,Karyawanmu bayar opsen pora? Opo malah Ra bayar pajek juga?,Lainnya,Institusi (Bapenda/Samsat),Lainnya/Jateng
2952,3,,Instagram,Yg taat pajak ga dpt apa2.,Negatif,,,2026-02-25 19:46:39.483484+00:00,Yg taat pajak ga dpt apa2.,Lainnya,Institusi (Bapenda/Samsat),Lainnya/Jateng
2954,3,,Instagram,Apa gara² banyak yg protes pajak opsen besar trs aplikasi NEW SAKPOLE di non aktifkan yaa😢😢😢,Negatif,,,2026-02-25 19:46:39.483484+00:00,Apa gara² banyak yg protes pajak opsen besar trs aplikasi NEW SAKPOLE di non aktifkan yaa😢😢😢,Lainnya,Institusi (Bapenda/Samsat),Lainnya/Jateng
2956,3,,Instagram,Sekali kali apresiasi yg taat pajak.. malah banggano pemutihan,Negatif,,,2026-02-25 19:46:39.483484+00:00,Sekali kali apresiasi yg taat pajak.. malah banggano pemutihan,Lainnya,Institusi (Bapenda/Samsat),Lainnya/Jateng
3046,3,,Instagram,Uduk pajak e tapi opsen e sing mbok unggahne dhuwur 👊🏼,Negatif,,,2026-02-25 19:46:39.483484+00:00,Uduk pajak e tapi opsen e sing mbok unggahne dhuwur 👊🏼,Lainnya,Institusi (Bapenda/Samsat),Solo Raya (AD)
2944,3,,Instagram,Motorku supra tua sudah bobrok tahun 2006 kemarin sebelum aplikasi new sakpole error pajaknya sudah 316.000 pdhl tahun kemarin hanya 152.500 saja,Negatif,,,2026-02-25 19:46:39.483484+00:00,Motorku supra tua sudah bobrok tahun 2006 kemarin sebelum aplikasi new sakpole error pajaknya sudah 316.000 pdhl tahun kemarin hanya 152.500 saja,Lainnya,Institusi (Bapenda/Samsat),Pekalongan/Pantura (G)
3090,3,,Instagram,yen do ra mbayar pajak pasti akan ada operasi besar2 an.. ujung2 e seng ora mbayar pajak motor / mobile di tahan.. kan kamfreeett,Negatif,,,2026-02-25 19:46:39.483484+00:00,yen do ra mbayar pajak pasti akan ada operasi besar2 an.. ujung2 e seng ora mbayar pajak motor / mobile di tahan.. kan kamfreeett,Beban Ekonomi,Institusi (Bapenda/Samsat),Pekalongan/Pantura (G)
2969,3,,Instagram,Pajak PCX 20222024 = Rp 380.000 2025 = Rp 440.0002026 = Rp 430.000,Negatif,,,2026-02-25 19:46:39.483484+00:00,Pajak PCX 20222024 = Rp 380.000 2025 = Rp 440.0002026 = Rp 430.000,Lainnya,Institusi (Bapenda/Samsat),Lainnya/Jateng
2988,3,,Instagram,BAYAR PAJAK MOTOR MOBIL.,Negatif,,,2026-02-25 19:46:39.483484+00:00,BAYAR PAJAK MOTOR MOBIL.,Lainnya,Institusi (Bapenda/Samsat),Lainnya/Jateng
2997,3,,Instagram,"Hapus opsen pajak, terlalu memberatkan!!!",Negatif,,,2026-02-25 19:46:39.483484+00:00,"Hapus opsen pajak, terlalu memberatkan!!!",Lainnya,Institusi (Bapenda/Samsat),Lainnya/Jateng
3006,3,,Instagram,"Tura turu Tura turuuu, tangi-tangi ngunggahna pajak..",Negatif,,,2026-02-25 19:46:39.483484+00:00,"Tura turu Tura turuuu, tangi-tangi ngunggahna pajak..",Lainnya,Institusi (Bapenda/Samsat),Lainnya/Jateng
3009,3,,Instagram,pajak mobil 20222023 tidak bayar2024 tidak bayar2025 tidak bayar2026 tidak bayar,Negatif,,,2026-02-25 19:46:39.483484+00:00,pajak mobil 20222023 tidak bayar2024 tidak bayar2025 tidak bayar2026 tidak bayar,Lainnya,Institusi (Bapenda/Samsat),Lainnya/Jateng
3014,3,,Instagram,Umr kecil pajak gede pie iki?,Negatif,,,2026-02-25 19:46:39.483484+00:00,Umr kecil pajak gede pie iki?,Lainnya,Institusi (Bapenda/Samsat),Lainnya/Jateng
3027,3,,Instagram,Dyalan ajorr pajeke ra ukorrr.... 😂,Negatif,,,2026-02-25 19:46:39.483484+00:00,Dyalan ajorr pajeke ra ukorrr.... 😂,Lainnya,Institusi (Bapenda/Samsat),Lainnya/Jateng
3039,3,,Instagram,bisa ditampilkan pendapatan opsen pajak kendaraan bermotor yang di terima oleh pemkab yang ada di Jawa Tengah,Negatif,,,2026-02-25 19:46:39.483484+00:00,bisa ditampilkan pendapatan opsen pajak kendaraan bermotor yang di terima oleh pemkab yang ada di Jawa Tengah,Lainnya,Institusi (Bapenda/Samsat),Lainnya/Jateng
2966,3,,Instagram,Pengen tau Jawa Barat sama Jawa. Timur ada opsen jga Ndak sih dan untuk pajak murah mana bertanya dengan nada syahdu?,Negatif,,,2026-02-25 19:46:39.483484+00:00,Pengen tau Jawa Barat sama Jawa. Timur ada opsen jga Ndak sih dan untuk pajak murah mana bertanya dengan nada syahdu?,Lainnya,Institusi (Bapenda/Samsat),Pekalongan/Pantura (G)
3047,3,,Instagram,Bayar pajak nunggu pemutihan,Negatif,,,2026-02-25 19:46:39.483484+00:00,Bayar pajak nunggu pemutihan,Lainnya,Institusi (Bapenda/Samsat),Lainnya/Jateng
3048,3,,Instagram,"Biasane 230 iki mau ngecek lewat aplikasi kok dadi 260. Seng ora tertib pajak malah dikasih pemutihan, pye jane ?😏",Negatif,,,2026-02-25 19:46:39.483484+00:00,"Biasane 230 iki mau ngecek lewat aplikasi kok dadi 260. Seng ora tertib pajak malah dikasih pemutihan, pye jane ?😏",Lainnya,Institusi (Bapenda/Samsat),Lainnya/Jateng
3052,3,,Instagram,aku ra bakal pajek gokk🔥,Negatif,,,2026-02-25 19:46:39.483484+00:00,aku ra bakal pajek gokk🔥,Lainnya,Institusi (Bapenda/Samsat),Lainnya/Jateng
3067,3,,Instagram,"Yakinlah, kalau tidak dikaji ulang dan opsen tidak di hapus. Pendapatan pajak akan menurun drastis. Bukan malah untung. Malah jadi boomerang. Tinggal tunggu waktunya meledak warga tidak akan membayar pajak. Silahkan di kaji. Cari solusi pendapatan lain yang tidak diambil dari pajak dan pajak lagi.",Negatif,,,2026-02-25 19:46:39.483484+00:00,"Yakinlah, kalau tidak dikaji ulang dan opsen tidak di hapus. Pendapatan pajak akan menurun drastis. Bukan malah untung. Malah jadi boomerang. Tinggal tunggu waktunya meledak warga tidak akan membayar pajak. Silahkan di kaji. Cari solusi pendapatan lain yang tidak diambil dari pajak dan pajak lagi.",Lainnya,Institusi (Bapenda/Samsat),Lainnya/Jateng
3070,3,,Instagram,Kaji ulang opsen pajak..dripada masyarakat nanti tidak ada yg mau bayar pajak. Daerah malah rugi sendiri.,Negatif,,,2026-02-25 19:46:39.483484+00:00,Kaji ulang opsen pajak..dripada masyarakat nanti tidak ada yg mau bayar pajak. Daerah malah rugi sendiri.,Lainnya,Institusi (Bapenda/Samsat),Lainnya/Jateng
3081,3,,Instagram,Prei mbayer pajek bossss,Negatif,,,2026-02-25 19:46:39.483484+00:00,Prei mbayer pajek bossss,Lainnya,Institusi (Bapenda/Samsat),Lainnya/Jateng
3109,3,,Instagram,STOP BAYAR PAJAK,Negatif,,,2026-02-25 19:46:39.483484+00:00,STOP BAYAR PAJAK,Lainnya,Institusi (Bapenda/Samsat),Lainnya/Jateng
3298,3,,Instagram,Kenapa ada pemutihan yg sangat tidak adil bagi pembayar pajak yg tertib? Kenapa ngga ada diskon bagi pembayar pajak yg tertib ya?,Negatif,,,2026-02-25 19:46:39.483484+00:00,Kenapa ada pemutihan yg sangat tidak adil bagi pembayar pajak yg tertib? Kenapa ngga ada diskon bagi pembayar pajak yg tertib ya?,Lainnya,Institusi (Bapenda/Samsat),Solo Raya (AD)
3148,3,,Instagram,Info diskon pajak kendaraan 56%,Negatif,,,2026-02-25 19:46:39.483484+00:00,Info diskon pajak kendaraan 56%,Lainnya,Institusi (Bapenda/Samsat),Lainnya/Jateng
3163,3,,Instagram,Wes rakudu mbayar pajak,Negatif,,,2026-02-25 19:46:39.483484+00:00,Wes rakudu mbayar pajak,Lainnya,Institusi (Bapenda/Samsat),Lainnya/Jateng
3172,3,,Instagram,NEK DI BATALNO.. DUETKU BALENO SU ASU SING WIS TAK BAYAR NANG PAJAK NDEKMBEN,Negatif,,,2026-02-25 19:46:39.483484+00:00,NEK DI BATALNO.. DUETKU BALENO SU ASU SING WIS TAK BAYAR NANG PAJAK NDEKMBEN,Lainnya,Institusi (Bapenda/Samsat),Lainnya/Jateng
3173,3,,Instagram,Nanti mereka juga terbiasa kita tidak bayar pajak 🔥,Negatif,,,2026-02-25 19:46:39.483484+00:00,Nanti mereka juga terbiasa kita tidak bayar pajak 🔥,Lainnya,Institusi (Bapenda/Samsat),Lainnya/Jateng
3186,3,,Instagram,Kapan ada pemutihan lagi?? Aku mau bayar pajak tp nunggu pemutihan skalian mau balik nama!!,Negatif,,,2026-02-25 19:46:39.483484+00:00,Kapan ada pemutihan lagi?? Aku mau bayar pajak tp nunggu pemutihan skalian mau balik nama!!,Lainnya,Institusi (Bapenda/Samsat),Lainnya/Jateng
3227,3,,Instagram,"Kompak wae,, rasah bayar pajak",Negatif,,,2026-02-25 19:46:39.483484+00:00,"Kompak wae,, rasah bayar pajak",Lainnya,Institusi (Bapenda/Samsat),Lainnya/Jateng
3204,3,,Instagram,"Ora meh byr pajak, ayo men raono pemasukan porah men THR kalian"" dipotong🤣",Negatif,,,2026-02-25 19:46:39.483484+00:00,"Ora meh byr pajak, ayo men raono pemasukan porah men THR kalian"" dipotong🤣",Lainnya,Institusi (Bapenda/Samsat),Lainnya/Jateng
3205,3,,Instagram,Woyy.. Udunke pajekkkuuuu😢😢😢😢🔥🔥🔥,Negatif,,,2026-02-25 19:46:39.483484+00:00,Woyy.. Udunke pajekkkuuuu😢😢😢😢🔥🔥🔥,Lainnya,Institusi (Bapenda/Samsat),Lainnya/Jateng
3210,3,,Instagram,pegawaimu do bayar pajek pora min?,Negatif,,,2026-02-25 19:46:39.483484+00:00,pegawaimu do bayar pajek pora min?,Lainnya,Institusi (Bapenda/Samsat),Lainnya/Jateng
3224,3,,Instagram,"Pajak ugal2an , ngunu njalok rakyate sejahtera",Negatif,,,2026-02-25 19:46:39.483484+00:00,"Pajak ugal2an , ngunu njalok rakyate sejahtera",Beban Ekonomi,Institusi (Bapenda/Samsat),Lainnya/Jateng
3217,3,,Instagram,STOP BAYAR PAJAK,Negatif,,,2026-02-25 19:46:39.483484+00:00,STOP BAYAR PAJAK,Lainnya,Institusi (Bapenda/Samsat),Lainnya/Jateng
3220,3,,Instagram,"😂😂 ga usah beli motor,pake kuda aja,,bisnis kendaraan ga ada matinya, bengkel,produsen motor,leasing dannnnnnn pajak 😂",Negatif,,,2026-02-25 19:46:39.483484+00:00,"😂😂 ga usah beli motor,pake kuda aja,,bisnis kendaraan ga ada matinya, bengkel,produsen motor,leasing dannnnnnn pajak 😂",Lainnya,Institusi (Bapenda/Samsat),Lainnya/Jateng
3223,3,,Instagram,Hapus opsen pajak. Yakin nak isih ngeyel malah do rak gelem bayar pajak.,Negatif,,,2026-02-25 19:46:39.483484+00:00,Hapus opsen pajak. Yakin nak isih ngeyel malah do rak gelem bayar pajak.,Lainnya,Institusi (Bapenda/Samsat),Lainnya/Jateng
3248,3,,Instagram,Ketar-ketir ora pada bayar pajak... 😂,Negatif,,,2026-02-25 19:46:39.483484+00:00,Ketar-ketir ora pada bayar pajak... 😂,Lainnya,Institusi (Bapenda/Samsat),Lainnya/Jateng
3256,3,,Instagram,"UMR gak sepiro, pajeke gak kiro2",Negatif,,,2026-02-25 19:46:39.483484+00:00,"UMR gak sepiro, pajeke gak kiro2",Lainnya,Institusi (Bapenda/Samsat),Lainnya/Jateng
3259,3,,Instagram,Bar cek pajak iseh Ono opsen pie koee,Negatif,,,2026-02-25 19:46:39.483484+00:00,Bar cek pajak iseh Ono opsen pie koee,Lainnya,Institusi (Bapenda/Samsat),Lainnya/Jateng
3266,3,,Instagram,"Mau peningkatan layanan seperti apa lagi? Call center WA ga ada, chat via DM ga dibales, masyarakat cuma butuh pajak turun.",Negatif,,,2026-02-25 19:46:39.483484+00:00,"Mau peningkatan layanan seperti apa lagi? Call center WA ga ada, chat via DM ga dibales, masyarakat cuma butuh pajak turun.",Lainnya,Institusi (Bapenda/Samsat),Lainnya/Jateng
3267,3,,Instagram,Udah tekad bulat gausah bayar pajak kalau aku maaf,Negatif,,,2026-02-25 19:46:39.483484+00:00,Udah tekad bulat gausah bayar pajak kalau aku maaf,Lainnya,Institusi (Bapenda/Samsat),Lainnya/Jateng
3301,3,,Instagram,"Tenang saja, saya tidak akan bayar pajak",Negatif,,,2026-02-25 19:46:39.483484+00:00,"Tenang saja, saya tidak akan bayar pajak",Lainnya,Institusi (Bapenda/Samsat),Lainnya/Jateng
3324,3,,Instagram,Umr munggah 5% tapi pajek motor munnggah 32% 😂,Negatif,,,2026-02-25 19:46:39.483484+00:00,Umr munggah 5% tapi pajek motor munnggah 32% 😂,Lainnya,Institusi (Bapenda/Samsat),Lainnya/Jateng
3328,3,,Instagram,Ga usah bayar pajak 🔥,Negatif,,,2026-02-25 19:46:39.483484+00:00,Ga usah bayar pajak 🔥,Lainnya,Institusi (Bapenda/Samsat),Lainnya/Jateng
3128,3,,Instagram,"BESUK BULAN MARET MOTOR HARUS PAJAK TAHUNAN & 5 TAHUNAN, baiknya bayar pajak ga ya?",Negatif,,,2026-02-25 19:46:39.483484+00:00,"BESUK BULAN MARET MOTOR HARUS PAJAK TAHUNAN & 5 TAHUNAN, baiknya bayar pajak ga ya?",Lainnya,Institusi (Bapenda/Samsat),Pekalongan/Pantura (G)
3191,3,,Instagram,"Yang taat bayar pajak tahun tahunan gk pernah di hargai sekali bikin kebijakan gapernah di pikir secara matang dan menyesuaikan kondisi masyarakatnya , nunggu viral baru panik 🤮🤮",Negatif,,,2026-02-25 19:46:39.483484+00:00,"Yang taat bayar pajak tahun tahunan gk pernah di hargai sekali bikin kebijakan gapernah di pikir secara matang dan menyesuaikan kondisi masyarakatnya , nunggu viral baru panik 🤮🤮",Lainnya,Institusi (Bapenda/Samsat),Pekalongan/Pantura (G)
3319,3,,Instagram,Opsen² an provinsi lain ngga ada tuh opsen²an udah malah provinsi paling kere di pulau Jawa. Pajak dah kaya DKI aja,Negatif,,,2026-02-25 19:46:39.483484+00:00,Opsen² an provinsi lain ngga ada tuh opsen²an udah malah provinsi paling kere di pulau Jawa. Pajak dah kaya DKI aja,Lainnya,Institusi (Bapenda/Samsat),Kedu (AA)
3341,3,,Instagram,Pajak qontol,Negatif,,,2026-02-25 19:46:39.483484+00:00,Pajak qontol,Lainnya,Institusi (Bapenda/Samsat),Lainnya/Jateng
3343,3,,Instagram,nganggo motuba ben pajek.e rodok murahhh lha jebul.e pajek.e meh imbang karo seng motunyar....wkwkwk kuntulllll,Negatif,,,2026-02-25 19:46:39.483484+00:00,nganggo motuba ben pajek.e rodok murahhh lha jebul.e pajek.e meh imbang karo seng motunyar....wkwkwk kuntulllll,Lainnya,Institusi (Bapenda/Samsat),Lainnya/Jateng
3450,3,,Instagram,Ingat ygy kalian bayar pajak langsung ke petugasnya bukan ke bank. YTTA😁,Negatif,,,2026-02-25 19:46:39.483484+00:00,Ingat ygy kalian bayar pajak langsung ke petugasnya bukan ke bank. YTTA😁,Lainnya,Institusi (Bapenda/Samsat),Lainnya/Jateng
3377,3,,Instagram,Gak enek statement arep ngedukne pajek😮,Negatif,,,2026-02-25 19:46:39.483484+00:00,Gak enek statement arep ngedukne pajek😮,Lainnya,Institusi (Bapenda/Samsat),Lainnya/Jateng
3385,3,,Instagram,Umk e ra sepiro pajak e ra kiro*,Negatif,,,2026-02-25 19:46:39.483484+00:00,Umk e ra sepiro pajak e ra kiro*,Lainnya,Institusi (Bapenda/Samsat),Lainnya/Jateng
3342,3,,Instagram,"Pajak menyengsarakan rakyat, bukan mensejahterkan rakyat",Negatif,,,2026-02-25 19:46:39.483484+00:00,"Pajak menyengsarakan rakyat, bukan mensejahterkan rakyat",Beban Ekonomi,Institusi (Bapenda/Samsat),Lainnya/Jateng
3542,3,,Instagram,Klo bayar pajak timbal baliknya buat rakyat apa kak?klo boleh tau,Negatif,,,2026-02-25 19:46:39.483484+00:00,Klo bayar pajak timbal baliknya buat rakyat apa kak?klo boleh tau,Beban Ekonomi,Institusi (Bapenda/Samsat),Lainnya/Jateng
866,1,,TikTok,Ingat gubernurnya polisi itu,Negatif,,,2026-02-25 19:46:39.483484+00:00,2-13,Lainnya,Institusi (Bapenda/Samsat),Lainnya/Jateng
3401,3,,Instagram,STOP BAYAR PAJAK ✋,Negatif,,,2026-02-25 19:46:39.483484+00:00,STOP BAYAR PAJAK ✋,Lainnya,Institusi (Bapenda/Samsat),Lainnya/Jateng
3404,3,,Instagram,Stop bayar pajak,Negatif,,,2026-02-25 19:46:39.483484+00:00,Stop bayar pajak,Lainnya,Institusi (Bapenda/Samsat),Lainnya/Jateng
3410,3,,Instagram,Stop pajak dl... Buat kebutuhan ibadah puasa Ramadhan,Negatif,,,2026-02-25 19:46:39.483484+00:00,Stop pajak dl... Buat kebutuhan ibadah puasa Ramadhan,Lainnya,Institusi (Bapenda/Samsat),Lainnya/Jateng
3842,3,,Instagram,"Mudunke pajekke, gur dikorupsi wae we kok",Negatif,,,2026-02-25 19:46:39.483484+00:00,"Mudunke pajekke, gur dikorupsi wae we kok",Lainnya,Institusi (Bapenda/Samsat),Lainnya/Jateng
3421,3,,Instagram,Stop bayar pajak,Negatif,,,2026-02-25 19:46:39.483484+00:00,Stop bayar pajak,Lainnya,Institusi (Bapenda/Samsat),Lainnya/Jateng
3427,3,,Instagram,"Pajak kendaraan harusnya 34% untuk pkb, 66% untuk opsen pkb + 35 rb untuk swdkljj itu yg saya dapat waktu Googling di Internet. Betul apa salah min?",Negatif,,,2026-02-25 19:46:39.483484+00:00,"Pajak kendaraan harusnya 34% untuk pkb, 66% untuk opsen pkb + 35 rb untuk swdkljj itu yg saya dapat waktu Googling di Internet. Betul apa salah min?",Lainnya,Institusi (Bapenda/Samsat),Lainnya/Jateng
3443,3,,Instagram,"Nunggu pemutihan aja, sia2 jd warga yg tertib bayar pajak.",Negatif,,,2026-02-25 19:46:39.483484+00:00,"Nunggu pemutihan aja, sia2 jd warga yg tertib bayar pajak.",Lainnya,Institusi (Bapenda/Samsat),Lainnya/Jateng
3459,3,,Instagram,Ywes.. Terapkan saja diskon pajak dan opsen,Negatif,,,2026-02-25 19:46:39.483484+00:00,Ywes.. Terapkan saja diskon pajak dan opsen,Lainnya,Institusi (Bapenda/Samsat),Lainnya/Jateng
3463,3,,Instagram,Pajak iya ga naek. Tapi ketambahan nominal opsen. Mainan kata katamu Cok.,Negatif,,,2026-02-25 19:46:39.483484+00:00,Pajak iya ga naek. Tapi ketambahan nominal opsen. Mainan kata katamu Cok.,Lainnya,Institusi (Bapenda/Samsat),Lainnya/Jateng
3467,3,,Instagram,",saya keberatan dgn pajak "" yang sangat memberatkan",Negatif,,,2026-02-25 19:46:39.483484+00:00,",saya keberatan dgn pajak "" yang sangat memberatkan",Lainnya,Institusi (Bapenda/Samsat),Lainnya/Jateng
3472,3,,Instagram,"4motor , 2mobil, selama opsen belom dihapuskan tidak bakalan saya bayar pajak",Negatif,,,2026-02-25 19:46:39.483484+00:00,"4motor , 2mobil, selama opsen belom dihapuskan tidak bakalan saya bayar pajak",Lainnya,Institusi (Bapenda/Samsat),Lainnya/Jateng
3488,3,,Instagram,Stop bayar pajak.,Negatif,,,2026-02-25 19:46:39.483484+00:00,Stop bayar pajak.,Lainnya,Institusi (Bapenda/Samsat),Lainnya/Jateng
3495,3,,Instagram,Dahlah gak usah bayar pajak,Negatif,,,2026-02-25 19:46:39.483484+00:00,Dahlah gak usah bayar pajak,Lainnya,Institusi (Bapenda/Samsat),Lainnya/Jateng
3506,3,,Instagram,Bayar pajaknya nanti aja kalo ada pemutihan 😁,Negatif,,,2026-02-25 19:46:39.483484+00:00,Bayar pajaknya nanti aja kalo ada pemutihan 😁,Lainnya,Institusi (Bapenda/Samsat),Lainnya/Jateng
3522,3,,Instagram,INTINE TURUNKAN PAJAKKKK !!!!!!!!!!!!!!!!!!!!!,Negatif,,,2026-02-25 19:46:39.483484+00:00,INTINE TURUNKAN PAJAKKKK !!!!!!!!!!!!!!!!!!!!!,Lainnya,Institusi (Bapenda/Samsat),Lainnya/Jateng
3426,3,,Instagram,"Min, dasar pengenaan pajak (NJKB) keluarin dong infonya, atau dimana bisa didownload. Curiga nih, nilai jual kendaraan bermotornya dimainin, jadi nilai pajak gila gilaan.",Negatif,,,2026-02-25 19:46:39.483484+00:00,"Min, dasar pengenaan pajak (NJKB) keluarin dong infonya, atau dimana bisa didownload. Curiga nih, nilai jual kendaraan bermotornya dimainin, jadi nilai pajak gila gilaan.",Lainnya,Institusi (Bapenda/Samsat),Pekalongan/Pantura (G)
926,1,,TikTok,milih gubernur kok dari polisi... ajor jum,Negatif,,,2026-02-25 19:46:39.483484+00:00,2-13,Lainnya,Institusi (Bapenda/Samsat),Lainnya/Jateng
1712,1,,TikTok,"sing milih deknen sopo yooo, polisi dadike gubernur ya tambah mawut",Negatif,,,2026-02-25 19:46:39.483484+00:00,2-12,Lainnya,Institusi (Bapenda/Samsat),Lainnya/Jateng
2227,1,,TikTok,hasil memilih gubernur polisi yo begini hasilnya.,Negatif,,,2026-02-25 19:46:39.483484+00:00,2-12,Lainnya,Institusi (Bapenda/Samsat),Lainnya/Jateng
3548,3,,Instagram,Semakin hari semakin lucu perihal pajak Jawa Tengah ajeg Awit biyen 😢😢,Negatif,,,2026-02-25 19:46:39.483484+00:00,Semakin hari semakin lucu perihal pajak Jawa Tengah ajeg Awit biyen 😢😢,Lainnya,Institusi (Bapenda/Samsat),Lainnya/Jateng
648,1,,TikTok,coklat kok dipilih jadi gubernur 😅,Negatif,,,2026-02-25 19:46:39.483484+00:00,2-12,Kekecewaan Politik,Gubernur,Lainnya/Jateng
3555,3,,Instagram,WNI amal paling banyak via pajak,Negatif,,,2026-02-25 19:46:39.483484+00:00,WNI amal paling banyak via pajak,Lainnya,Institusi (Bapenda/Samsat),Lainnya/Jateng
3556,3,,Instagram,Paling bener ora bayar pajak,Negatif,,,2026-02-25 19:46:39.483484+00:00,Paling bener ora bayar pajak,Lainnya,Institusi (Bapenda/Samsat),Lainnya/Jateng
3568,3,,Instagram,"Urgensi penetapan opsen pajak itu apa kira"" ????",Negatif,,,2026-02-25 19:46:39.483484+00:00,"Urgensi penetapan opsen pajak itu apa kira"" ????",Lainnya,Institusi (Bapenda/Samsat),Lainnya/Jateng
3572,3,,Instagram,Pajak elit umr sulit,Negatif,,,2026-02-25 19:46:39.483484+00:00,Pajak elit umr sulit,Lainnya,Institusi (Bapenda/Samsat),Lainnya/Jateng
3639,3,,Instagram,Podo ae pajak e munggah mung tambahan opsen,Negatif,,,2026-02-25 19:46:39.483484+00:00,Podo ae pajak e munggah mung tambahan opsen,Lainnya,Institusi (Bapenda/Samsat),Lainnya/Jateng
3722,3,,Instagram,"harusnya opsen nya minus , biar orang lebih sregep / taat pajak kendaraan g sih ?",Negatif,,,2026-02-25 19:46:39.483484+00:00,"harusnya opsen nya minus , biar orang lebih sregep / taat pajak kendaraan g sih ?",Lainnya,Institusi (Bapenda/Samsat),Lainnya/Jateng
3590,3,,Instagram,"Umr ra sepiro, pajeke ea kiro kiro",Negatif,,,2026-02-25 19:46:39.483484+00:00,"Umr ra sepiro, pajeke ea kiro kiro",Lainnya,Institusi (Bapenda/Samsat),Lainnya/Jateng
3596,3,,Instagram,Kalian bayar pajak?,Negatif,,,2026-02-25 19:46:39.483484+00:00,Kalian bayar pajak?,Lainnya,Institusi (Bapenda/Samsat),Lainnya/Jateng
3613,3,,Instagram,Bayar pajak ora?,Negatif,,,2026-02-25 19:46:39.483484+00:00,Bayar pajak ora?,Lainnya,Institusi (Bapenda/Samsat),Lainnya/Jateng
3627,3,,Instagram,Pajak yang menikmati kalian-kalian,Negatif,,,2026-02-25 19:46:39.483484+00:00,Pajak yang menikmati kalian-kalian,Lainnya,Institusi (Bapenda/Samsat),Lainnya/Jateng
3635,3,,Instagram,UMR syulit pajak selangit,Negatif,,,2026-02-25 19:46:39.483484+00:00,UMR syulit pajak selangit,Lainnya,Institusi (Bapenda/Samsat),Lainnya/Jateng
3643,3,,Instagram,PAJAK ASW STOP BAYAR,Negatif,,,2026-02-25 19:46:39.483484+00:00,PAJAK ASW STOP BAYAR,Lainnya,Institusi (Bapenda/Samsat),Lainnya/Jateng
3653,3,,Instagram,Sakpole gangguan ya mint??mau cek pajak tidak bisa,Negatif,,,2026-02-25 19:46:39.483484+00:00,Sakpole gangguan ya mint??mau cek pajak tidak bisa,Lainnya,Institusi (Bapenda/Samsat),Lainnya/Jateng
3655,3,,Instagram,"Sak karepmu, seng penting aku gak bayar pajak🔥🔥🔥🔥",Negatif,,,2026-02-25 19:46:39.483484+00:00,"Sak karepmu, seng penting aku gak bayar pajak🔥🔥🔥🔥",Lainnya,Institusi (Bapenda/Samsat),Lainnya/Jateng
3661,3,,Instagram,Orang bijak juga taat pajak,Negatif,,,2026-02-25 19:46:39.483484+00:00,Orang bijak juga taat pajak,Lainnya,Institusi (Bapenda/Samsat),Lainnya/Jateng
3663,3,,Instagram,STOP BAYAR PAJAK,Negatif,,,2026-02-25 19:46:39.483484+00:00,STOP BAYAR PAJAK,Lainnya,Institusi (Bapenda/Samsat),Lainnya/Jateng
3674,3,,Instagram,"Bulan April jadwal bayar pajak nih, gak jadi deh",Negatif,,,2026-02-25 19:46:39.483484+00:00,"Bulan April jadwal bayar pajak nih, gak jadi deh",Lainnya,Institusi (Bapenda/Samsat),Lainnya/Jateng
3684,3,,Instagram,"Umr paleng cendek, pajeke dipadakno liyane",Negatif,,,2026-02-25 19:46:39.483484+00:00,"Umr paleng cendek, pajeke dipadakno liyane",Lainnya,Institusi (Bapenda/Samsat),Lainnya/Jateng
3692,3,,Instagram,Pajak opsen hilangkan!!!!🔥,Negatif,,,2026-02-25 19:46:39.483484+00:00,Pajak opsen hilangkan!!!!🔥,Lainnya,Institusi (Bapenda/Samsat),Lainnya/Jateng
3616,3,,Instagram,Lambo mu mbok pajeki mboten?,Negatif,,,2026-02-25 19:46:39.483484+00:00,Lambo mu mbok pajeki mboten?,Lainnya,Institusi (Bapenda/Samsat),Solo Raya (AD)
3657,3,,Instagram,"Rakyat disuruh taat pajak, giliran sudah taat eh malah dimanfaatkan 😂",Negatif,,,2026-02-25 19:46:39.483484+00:00,"Rakyat disuruh taat pajak, giliran sudah taat eh malah dimanfaatkan 😂",Beban Ekonomi,Institusi (Bapenda/Samsat),Pekalongan/Pantura (G)
3733,3,,Instagram,"coba diupdate harga jual kendaraan sebagai dasar pengenaan pajak, mobil sudah berusia 10 tahun lebih tapi harga jual masih mengacu ke harga beli baru.",Negatif,,,2026-02-25 19:46:39.483484+00:00,"coba diupdate harga jual kendaraan sebagai dasar pengenaan pajak, mobil sudah berusia 10 tahun lebih tapi harga jual masih mengacu ke harga beli baru.",Lainnya,Institusi (Bapenda/Samsat),Pekalongan/Pantura (G)
3706,3,,Instagram,"Hadits Rasulullah SAW yang berbunyi:  لَا يَدْخُلُ الْجَنَّةَ صَاحِبُ مَكْسٍ, diterjemahkan menjadi, “Tidak akan masuk surga pemungut Al Maks (orang yang mengambil pajak)”, (HR. Abu Daud II/147 No.2937)",Negatif,,,2026-02-25 19:46:39.483484+00:00,"Hadits Rasulullah SAW yang berbunyi:  لَا يَدْخُلُ الْجَنَّةَ صَاحِبُ مَكْسٍ, diterjemahkan menjadi, “Tidak akan masuk surga pemungut Al Maks (orang yang mengambil pajak)”, (HR. Abu Daud II/147 No.2937)",Lainnya,Institusi (Bapenda/Samsat),Lainnya/Jateng
3726,3,,Instagram,Noh apangsa Malaysia pajak 500 rebu,Negatif,,,2026-02-25 19:46:39.483484+00:00,Noh apangsa Malaysia pajak 500 rebu,Lainnya,Institusi (Bapenda/Samsat),Lainnya/Jateng
3737,3,,Instagram,"Jadi malas bayar pajak, lihat opsen nya besar sekali. Menyusahkan masyarakat....hedeehhh....",Negatif,,,2026-02-25 19:46:39.483484+00:00,"Jadi malas bayar pajak, lihat opsen nya besar sekali. Menyusahkan masyarakat....hedeehhh....",Lainnya,Institusi (Bapenda/Samsat),Lainnya/Jateng
3742,3,,Instagram,"Masalah nya yang tertib bayar pajak gak ada bonus apa2 , malah yang gak bayar pajak malah dapat pemutihan, ini sangat melukai saya secara pribadi.",Negatif,,,2026-02-25 19:46:39.483484+00:00,"Masalah nya yang tertib bayar pajak gak ada bonus apa2 , malah yang gak bayar pajak malah dapat pemutihan, ini sangat melukai saya secara pribadi.",Lainnya,Institusi (Bapenda/Samsat),Lainnya/Jateng
3743,3,,Instagram,POKOKE WEGAH BAYAR PAJEK,Negatif,,,2026-02-25 19:46:39.483484+00:00,POKOKE WEGAH BAYAR PAJEK,Lainnya,Institusi (Bapenda/Samsat),Lainnya/Jateng
728,1,,TikTok,gubernur mata duitan gubernur polisi,Negatif,,,2026-02-25 19:46:39.483484+00:00,2-12,Beban Ekonomi,Institusi (Bapenda/Samsat),Lainnya/Jateng
56,1,,TikTok,udah pinjem sono sini buat byar pajak malah naik pajak..rsanya pgn gwe gantiin gubernur ini,Negatif,,,2026-02-25 19:46:39.483484+00:00,4 h yang lalu,Beban Ekonomi,Institusi (Bapenda/Samsat),Lainnya/Jateng
665,1,,TikTok,salah pilih gubernur,Negatif,,,2026-02-25 19:46:39.483484+00:00,2-13,Kekecewaan Politik,Gubernur,Lainnya/Jateng
3776,3,,Instagram,Bayar pajak di bulan juli 2025 Wis mundaaakkk,Negatif,,,2026-02-25 19:46:39.483484+00:00,Bayar pajak di bulan juli 2025 Wis mundaaakkk,Lainnya,Institusi (Bapenda/Samsat),Lainnya/Jateng
3821,3,,Instagram,"Umr terendah, pajek'e ra ngotak blass, mbok kiro kabeh isoh mbok bodoni??? 🤬",Negatif,,,2026-02-25 19:46:39.483484+00:00,"Umr terendah, pajek'e ra ngotak blass, mbok kiro kabeh isoh mbok bodoni??? 🤬",Lainnya,Institusi (Bapenda/Samsat),Solo Raya (AD)
3814,3,,Instagram,mohon segera dicek ini seblum pada gak mau bayar pajak,Negatif,,,2026-02-25 19:46:39.483484+00:00,mohon segera dicek ini seblum pada gak mau bayar pajak,Lainnya,Institusi (Bapenda/Samsat),Lainnya/Jateng
3846,3,,Instagram,"Coba bandingin area jabodetabek, opsenmu paling gede su asu, umr cilik pajek paling gede, ngawur tenan jancok",Negatif,,,2026-02-25 19:46:39.483484+00:00,"Coba bandingin area jabodetabek, opsenmu paling gede su asu, umr cilik pajek paling gede, ngawur tenan jancok",Lainnya,Institusi (Bapenda/Samsat),Lainnya/Jateng
3850,3,,Instagram,Halah bapenda rak mutu kakean omng tok!!!rak bkalan tak bayar pajekku dan rak urusan aku!!!,Negatif,,,2026-02-25 19:46:39.483484+00:00,Halah bapenda rak mutu kakean omng tok!!!rak bkalan tak bayar pajekku dan rak urusan aku!!!,Lainnya,Institusi (Bapenda/Samsat),Lainnya/Jateng
3853,3,,Instagram,"djancuk.!!urip pisan we do nyusahke sak padan2.!!Pajek gila2an feedback e kanggo masyarakat ra ono.!!selama iki aku selalu taat pajak,tp saiki rak sudi dadi wong tertib..",Negatif,,,2026-02-25 19:46:39.483484+00:00,"djancuk.!!urip pisan we do nyusahke sak padan2.!!Pajek gila2an feedback e kanggo masyarakat ra ono.!!selama iki aku selalu taat pajak,tp saiki rak sudi dadi wong tertib..",Lainnya,Institusi (Bapenda/Samsat),Lainnya/Jateng
3867,3,,Instagram,Keberatan sama pajek yg tinggi,Negatif,,,2026-02-25 19:46:39.483484+00:00,Keberatan sama pajek yg tinggi,Lainnya,Institusi (Bapenda/Samsat),Lainnya/Jateng
3873,3,,Instagram,Kersane motor kulo mboten kulo pajeki,Negatif,,,2026-02-25 19:46:39.483484+00:00,Kersane motor kulo mboten kulo pajeki,Lainnya,Institusi (Bapenda/Samsat),Lainnya/Jateng
3912,3,,Instagram,"MENDING RASAH MBAYAR PAJAK, NGASI NGENTENI ENEK KEBIJAKAN PEMUTIHAN LUR😂😂😂",Negatif,,,2026-02-25 19:46:39.483484+00:00,"MENDING RASAH MBAYAR PAJAK, NGASI NGENTENI ENEK KEBIJAKAN PEMUTIHAN LUR😂😂😂",Lainnya,Institusi (Bapenda/Samsat),Lainnya/Jateng
3830,3,,Instagram,"Kakean alesan.. inget ya kalian ini KARYAWAN. Rakyat yg gaji kalian. Jangan semena2 sama juragan ya kalian.. rakyat massive ga bayar pajak, kelar hidup kalian. Jadi pelayan masyarakat aja dzolim gitu.. 🔥",Negatif,,,2026-02-25 19:46:39.483484+00:00,"Kakean alesan.. inget ya kalian ini KARYAWAN. Rakyat yg gaji kalian. Jangan semena2 sama juragan ya kalian.. rakyat massive ga bayar pajak, kelar hidup kalian. Jadi pelayan masyarakat aja dzolim gitu.. 🔥",Beban Ekonomi,Institusi (Bapenda/Samsat),Lainnya/Jateng
3817,3,,Instagram,"Koyo dapuranmu kerjone bener ae, ngurus selat sayung & pantura wae ora pecus sak penake ngundakno pajek JANCOK!",Negatif,,,2026-02-25 19:46:39.483484+00:00,"Koyo dapuranmu kerjone bener ae, ngurus selat sayung & pantura wae ora pecus sak penake ngundakno pajek JANCOK!",Lainnya,Institusi (Bapenda/Samsat),Pekalongan/Pantura (G)
3745,3,,Instagram,"Program pemutihan memang membantu wajib pajak yang menunggak, tetapi di sisi lain berpotensi menimbulkan rasa ketidakadilan bagi masyarakat yang selama ini taat dan rutin membayar pajak tepat waktu. Wajib pajak patuh tidak memperoleh insentif atau penghargaan apa pun, sementara yang menunggak justru mendapatkan penghapusan denda atau keringanan.Jika kebijakan seperti ini terlalu sering dilakukan, ada risiko munculnya moral hazard: masyarakat bisa terdorong untuk menunda pembayaran karena berharap akan ada program pemutihan berikutnya.",Negatif,,,2026-02-25 19:46:39.483484+00:00,"Program pemutihan memang membantu wajib pajak yang menunggak, tetapi di sisi lain berpotensi menimbulkan rasa ketidakadilan bagi masyarakat yang selama ini taat dan rutin membayar pajak tepat waktu. Wajib pajak patuh tidak memperoleh insentif atau penghargaan apa pun, sementara yang menunggak justru mendapatkan penghapusan denda atau keringanan.Jika kebijakan seperti ini terlalu sering dilakukan, ada risiko munculnya moral hazard: masyarakat bisa terdorong untuk menunda pembayaran karena berharap akan ada program pemutihan berikutnya.",Lainnya,Institusi (Bapenda/Samsat),Pekalongan/Pantura (G)
3750,3,,Instagram,"Diperhatikan,ditinjau dihapuskan... motor tua pajaknya kek motor baru.... logikaaa uteknya dimanaa",Negatif,,,2026-02-25 19:46:39.483484+00:00,"Diperhatikan,ditinjau dihapuskan... motor tua pajaknya kek motor baru.... logikaaa uteknya dimanaa",Lainnya,Institusi (Bapenda/Samsat),Pekalongan/Pantura (G)
3862,3,,Instagram,"bukanya harusnya nilai PKB turun ya jadi maks 1,2℅ turun yg tadinya 2℅ dari NJOP kenapa  nilai total pajaknya jadi makin tinggi, waras ga? Admin jelaskan biar clear ga dobos",Negatif,,,2026-02-25 19:46:39.483484+00:00,"bukanya harusnya nilai PKB turun ya jadi maks 1,2℅ turun yg tadinya 2℅ dari NJOP kenapa  nilai total pajaknya jadi makin tinggi, waras ga? Admin jelaskan biar clear ga dobos",Lainnya,Institusi (Bapenda/Samsat),Solo Raya (AD)
2263,1,,TikTok,dari masih jadi polisi sampai jadi gubernur hobinya masih tetap sama yaitu memerah rakyat kecil,Negatif,,,2026-02-25 19:46:39.483484+00:00,2-12,Beban Ekonomi,Institusi (Bapenda/Samsat),Lainnya/Jateng
333,1,,TikTok,yg dihitung itu jgn motor nya PK tp jln jln yg berlubang itu juga harus di hitung jgn motor saja yg TDK bayar pajak yg dihitung,Negatif,,,2026-02-25 19:46:39.483484+00:00,5 h yang lalu,Lainnya,Institusi (Bapenda/Samsat),Lainnya/Jateng
2215,1,,TikTok,tunda bayar pajak... tunggu pemutihan oleh gubernur baru,Negatif,,,2026-02-25 19:46:39.483484+00:00,2-12,Lainnya,Institusi (Bapenda/Samsat),Lainnya/Jateng
3023,3,,Instagram,"Simple aja, Guburnur suruh turun, pajak turunin. Gampang bukan?",Negatif,,,2026-02-25 19:46:39.483484+00:00,"Simple aja, Guburnur suruh turun, pajak turunin. Gampang bukan?",Lainnya,Institusi (Bapenda/Samsat),Lainnya/Jateng
2156,1,,TikTok,aku ora arep pajek babar blas nek gubernure ora ganti,Negatif,,,2026-02-25 19:46:39.483484+00:00,2-12,Lainnya,Institusi (Bapenda/Samsat),Lainnya/Jateng
2447,1,,TikTok,libur bayar pajak bermotor sampai ganti gubernur,Negatif,,,2026-02-25 19:46:39.483484+00:00,2-12,Lainnya,Institusi (Bapenda/Samsat),Lainnya/Jateng
914,1,,TikTok,polisi jadi gubernur ya gini jadinya,Negatif,,,2026-02-25 19:46:39.483484+00:00,2-13,Lainnya,Institusi (Bapenda/Samsat),Lainnya/Jateng
1115,1,,TikTok,wes ngerti kui polisi jek didadekne gubernur😂😂😂,Negatif,,,2026-02-25 19:46:39.483484+00:00,2-13,Lainnya,Institusi (Bapenda/Samsat),Lainnya/Jateng
1384,1,,TikTok,gubernur kalo lulusan Polisi ya bgini,Negatif,,,2026-02-25 19:46:39.483484+00:00,2-12,Lainnya,Institusi (Bapenda/Samsat),Lainnya/Jateng
2275,1,,TikTok,"untung aku ra nyoblos gubernur dari polisi,",Negatif,,,2026-02-25 19:46:39.483484+00:00,2-12,Lainnya,Institusi (Bapenda/Samsat),Lainnya/Jateng
2460,1,,TikTok,efek gubernur background nya polisi😁,Negatif,,,2026-02-25 19:46:39.483484+00:00,2-12,Lainnya,Institusi (Bapenda/Samsat),Lainnya/Jateng
833,1,,TikTok,"PERTANYAANKU? APAKAH ANDA SEBAGAI WAKIL RAKYAT, MINTA PERSETUJUAN RAKYAT AKAN HAL INI? FAKTANYA BERIMBAS PADA PENOLAKAN BAYAR PAJAK, ITU SUDAH MEMBUKTIKAN BAHWA ANDA GAGAL MEMBUAT KEPUTUSAN",Negatif,,,2026-02-25 19:46:39.483484+00:00,5 h yang lalu,Beban Ekonomi,Institusi (Bapenda/Samsat),Lainnya/Jateng
990,1,,TikTok,"COPOT GANTI PIMPINAN NYA , BUKAN SOLUSI BAGUS MALAH NAMBAH PENDERITAAN RAKYAT DENGAN BEBAN YANG SANGAT BERAT... APAPUN ALASAN NYA , ITU BUKAN SOLUSI BAGUS .. GILIRAN CARI CARA KORUPSI PINTER , CARI CARA SOLUSI TERBAIK MALAH BLOON 🤣🤣🤣 .. KOMPAK JANGAN BAYAR PAJAK KENDARAAN , STOP PAJAK .. IDE PEMIMPIN YANG BLOON KEBANYAKAN MAIN SAMA LC OTAK NYA BLOON 🤣🤣🤣",Negatif,,,2026-02-25 19:46:39.483484+00:00,2-13,Beban Ekonomi,Institusi (Bapenda/Samsat),Lainnya/Jateng
1475,1,,TikTok,"pengusaha tu di minta ,,pajeknya,,jangan cuman peras rakyat aj,",Negatif,,,2026-02-25 19:46:39.483484+00:00,2-12,Beban Ekonomi,Institusi (Bapenda/Samsat),Pekalongan/Pantura (G)
2527,2,,TikTok,"njenengan tentunya lebih tau Gus, terkait hukum Islam ttg pajak, bagaimana cara mungutnya, bagaimana cara penggunaanya, bagaimana pertanggung jawabanya, njenengan seharusnya lebih tahu dan lebih faham",Negatif,,,2026-02-25 19:46:39.483484+00:00,1 h yang lalu,Lainnya,Institusi (Bapenda/Samsat),Pekalongan/Pantura (G)
2922,2,,TikTok,pajak itu haram gus,Negatif,,,2026-02-25 19:46:39.483484+00:00,17 j yang lalu,Lainnya,Institusi (Bapenda/Samsat),Lainnya/Jateng
2924,2,,TikTok,bayar pajak sido haram opo ora gus ???,Negatif,,,2026-02-25 19:46:39.483484+00:00,19 j yang lalu,Lainnya,Institusi (Bapenda/Samsat),Lainnya/Jateng
925,1,,TikTok,Rakyat meh bayar pajak di gawe angel.gilirqn lewat calo los dol,Negatif,,,2026-02-25 19:46:39.483484+00:00,2-13,Beban Ekonomi,Institusi (Bapenda/Samsat),Lainnya/Jateng
3866,3,,Instagram,Update juga NJKBny  harga mobil lapangan cuman 130-160juta  tapi di buka NJKB samsat tertulis 270juta edan edan alhasil PKB jadi selangitt,Negatif,,,2026-02-25 19:46:39.483484+00:00,Update juga NJKBny  harga mobil lapangan cuman 130-160juta  tapi di buka NJKB samsat tertulis 270juta edan edan alhasil PKB jadi selangitt,Lainnya,Institusi (Bapenda/Samsat),Pekalongan/Pantura (G)
598,1,,TikTok,gruduk aja kantornya,Negatif,,,2026-02-25 19:46:39.483484+00:00,2-12,Lainnya,Institusi (Bapenda/Samsat),Lainnya/Jateng
3444,3,,Instagram,Sak kantormu sing hapene iphone piro pak jal itungen...😂,Negatif,,,2026-02-25 19:46:39.483484+00:00,Sak kantormu sing hapene iphone piro pak jal itungen...😂,Lainnya,Institusi (Bapenda/Samsat),Lainnya/Jateng
3485,3,,Instagram,"Kualitas pelayanan di wilayah kamu sdh cukup baik, hanya kekurangane itu dipetugas polisinya yg cuek² tanpa ekspresi dan klo ngasih instruksi itu kadang kyk orang lg sebel",Negatif,,,2026-02-25 19:46:39.483484+00:00,"Kualitas pelayanan di wilayah kamu sdh cukup baik, hanya kekurangane itu dipetugas polisinya yg cuek² tanpa ekspresi dan klo ngasih instruksi itu kadang kyk orang lg sebel",Lainnya,Institusi (Bapenda/Samsat),Lainnya/Jateng
2,1,,TikTok,ini solusi beli kendaraannya plat B atau plat D. F biar bayar pajaknya di JKT/ JABAR.. acc jg gampang tinggal foto aja..biar ngak usah ngasih pendapatan daerah..yg s7 monggo...😂😂,Negatif,,,2026-02-25 19:46:39.483484+00:00,2-12,Lainnya,Institusi (Bapenda/Samsat),Lainnya/Jateng
10,1,,TikTok,"mau pajak aja sulit,,,,, hilangin tuch ktp pemilik,,,, ganti kek nunjukin bpkb asli atau fotokopi bpkb ket kredit",Negatif,,,2026-02-25 19:46:39.483484+00:00,2-12,Lainnya,Institusi (Bapenda/Samsat),Lainnya/Jateng
148,1,,TikTok,pak klo masarakat suruh bayar pajak kendaraan hilangkan sarat ktp asli an.kendaraan,Negatif,,,2026-02-25 19:46:39.483484+00:00,6 h yang lalu,Lainnya,Institusi (Bapenda/Samsat),Lainnya/Jateng
172,1,,TikTok,wajib pajak ....abay karena kalau ngga ada KTP harus nembak.apd motor 100 ganti plat STNK 200 .mobil 200 nembak KTP ganti plat 2 x lipat padahal BPKB STNK asli ...itulah sebabnya,Negatif,,,2026-02-25 19:46:39.483484+00:00,2-12,Lainnya,Institusi (Bapenda/Samsat),Lainnya/Jateng
179,1,,TikTok,wes rasah di pajeki wae....meh pajek angel e puuuooll.... tapi calo kok gampang men.,Negatif,,,2026-02-25 19:46:39.483484+00:00,2-12,Lainnya,Institusi (Bapenda/Samsat),Lainnya/Jateng
541,1,,TikTok,coba bayar pajak tanpa KTP... banyak yg bayar pajak...,Negatif,,,2026-02-25 19:46:39.483484+00:00,2-12,Lainnya,Institusi (Bapenda/Samsat),Lainnya/Jateng
594,1,,TikTok,kalo pengen masarakat taat pajak bebaskan ktp pemilik pertama,Negatif,,,2026-02-25 19:46:39.483484+00:00,2-12,Lainnya,Institusi (Bapenda/Samsat),Lainnya/Jateng
877,1,,TikTok,Mau bayar pajak harus pake ktp pemilik sedangkan liwat calo gk pake aturan yg sama kesimpulannya setop bayar bajak,Negatif,,,2026-02-25 19:46:39.483484+00:00,2-13,Lainnya,Institusi (Bapenda/Samsat),Lainnya/Jateng
1051,1,,TikTok,Salah satu alasan nya ya bayar pajak ribet. Mau bayar aja d bikin ribet.,Negatif,,,2026-02-25 19:46:39.483484+00:00,1 m yang lalu,Lainnya,Institusi (Bapenda/Samsat),Lainnya/Jateng
1057,1,,TikTok,@RIZKY HS:ini solusi beli kendaraannya plat B atau plat D. F biar bayar pajaknya di JKT/ JABAR.. acc jg gampang tinggal foto aja..biar ngak usah ngasih pendapatan daerah..yg s7 monggo...😂😂,Negatif,,,2026-02-25 19:46:39.483484+00:00,1 m yang lalu,Lainnya,Institusi (Bapenda/Samsat),Lainnya/Jateng
1152,1,,TikTok,bayar pajak kendaraan bermotor jangan dipersulit.....nggak bawa KTP asli saja nggak boleh....tapi kalo calo kok bisa,Negatif,,,2026-02-25 19:46:39.483484+00:00,1 m yang lalu,Lainnya,Institusi (Bapenda/Samsat),Lainnya/Jateng
1173,1,,TikTok,belum bayar pajak Krn mau byr pajak dipersulit.ktp alamatnya beda aja nda BS...maunya main belakang ...Ra Sudi mbayar pisan...,Negatif,,,2026-02-25 19:46:39.483484+00:00,2-12,Lainnya,Institusi (Bapenda/Samsat),Lainnya/Jateng
1226,1,,TikTok,Yo bayar pajak AE direpotno ktp🤣,Negatif,,,2026-02-25 19:46:39.483484+00:00,2-12,Lainnya,Institusi (Bapenda/Samsat),Lainnya/Jateng
1248,1,,TikTok,lah meh mbayar pajak aja disamsat di persulit la terus py bro!!!!!,Negatif,,,2026-02-25 19:46:39.483484+00:00,2-12,Lainnya,Institusi (Bapenda/Samsat),Lainnya/Jateng
1523,1,,TikTok,boikot pajak sebelum samsat berbenah,Negatif,,,2026-02-25 19:46:39.483484+00:00,2-12,Lainnya,Institusi (Bapenda/Samsat),Lainnya/Jateng
1556,1,,TikTok,"Harus e syarat2 Ojo di persulit pak,ganti plat aja harus pakek BPKB,padahal udah bawa KTP+ STNK asli.Jadi kemaren nggak jadi byr pajek,males bolak balik",Negatif,,,2026-02-25 19:46:39.483484+00:00,2-12,Lainnya,Institusi (Bapenda/Samsat),Lainnya/Jateng
1572,1,,TikTok,"tidak kreatif selain genjot pajak, KTP itu karena KTP ,KTP hanya untuk beli yunit baru, itu baru cerdas 👍",Negatif,,,2026-02-25 19:46:39.483484+00:00,2-12,Lainnya,Institusi (Bapenda/Samsat),Lainnya/Jateng
2046,1,,TikTok,ingat bayar pajak harus pake KTP 🤣🤣🤣,Negatif,,,2026-02-25 19:46:39.483484+00:00,2-12,Lainnya,Institusi (Bapenda/Samsat),Lainnya/Jateng
2091,1,,TikTok,mau bayar pajak dipersulit,Negatif,,,2026-02-25 19:46:39.483484+00:00,2-12,Lainnya,Institusi (Bapenda/Samsat),Lainnya/Jateng
2660,2,,TikTok,"istilah nembak KTP pada pajak kendaraan belum bisa diselesaikan oleh siapapun pemimpinnya, pdhl hal sepele namun belum ada yg bisa tegas menyelesaikan, hanya menghimbau himbau himbau himbau tok.",Negatif,,,2026-02-25 19:46:39.483484+00:00,10 j yang lalu,Lainnya,Institusi (Bapenda/Samsat),Lainnya/Jateng
2513,1,,TikTok,bayar pajak motor di persulit pak broo harus bawa KTP pemilik asli sedangkan CALO kenapa bisa pak broo,Negatif,,,2026-02-25 19:46:39.483484+00:00,2-12,Lainnya,Institusi (Bapenda/Samsat),Solo Raya (AD)
2949,3,,Instagram,"Syarat KTP ilangin plis. Sy pedagang sangat taat bayar pajak, cm berat aj harus nembak KTP terus buat mobil dagangan.",Negatif,,,2026-02-25 19:46:39.483484+00:00,"Syarat KTP ilangin plis. Sy pedagang sangat taat bayar pajak, cm berat aj harus nembak KTP terus buat mobil dagangan.",Lainnya,Institusi (Bapenda/Samsat),Lainnya/Jateng
3024,3,,Instagram,Besok sy mau bayar pajak mobil..tapi KTP orang lain. Kalau ndak bisa harus pakai KTP asli..rencana mau pulang saja. Ndak usah tak bayar...nunggu pemutihan/balik nama gratis.,Negatif,,,2026-02-25 19:46:39.483484+00:00,Besok sy mau bayar pajak mobil..tapi KTP orang lain. Kalau ndak bisa harus pakai KTP asli..rencana mau pulang saja. Ndak usah tak bayar...nunggu pemutihan/balik nama gratis.,Lainnya,Institusi (Bapenda/Samsat),Lainnya/Jateng
3064,3,,Instagram,"Takok serius, fungsi KTP pas bayar pajek ki opo?",Negatif,,,2026-02-25 19:46:39.483484+00:00,"Takok serius, fungsi KTP pas bayar pajek ki opo?",Lainnya,Institusi (Bapenda/Samsat),Lainnya/Jateng
3126,3,,Instagram,Discont lagi.bea balik nama gratis.pak.ktp pemilik asli tak usah dibuat syarat bayar pajak.,Negatif,,,2026-02-25 19:46:39.483484+00:00,Discont lagi.bea balik nama gratis.pak.ktp pemilik asli tak usah dibuat syarat bayar pajak.,Lainnya,Institusi (Bapenda/Samsat),Lainnya/Jateng
3293,3,,Instagram,Info lur nek pajek e wes murah otw samsat,Negatif,,,2026-02-25 19:46:39.483484+00:00,Info lur nek pajek e wes murah otw samsat,Lainnya,Institusi (Bapenda/Samsat),Lainnya/Jateng
3330,3,,Instagram,"Egois, ngerasa punya piutang pajak masyarakat tapi mok unggahkePisane due niat bayar, birokrasimu korup! Rak nganggo calo rak dadi surate!",Negatif,,,2026-02-25 19:46:39.483484+00:00,"Egois, ngerasa punya piutang pajak masyarakat tapi mok unggahkePisane due niat bayar, birokrasimu korup! Rak nganggo calo rak dadi surate!",Lainnya,Institusi (Bapenda/Samsat),Lainnya/Jateng
3348,3,,Instagram,Pajek dadak nggo ktp pemilik lama. Ra nganggo KTP Yo bayar meneh 100 ewu Jan jan,Negatif,,,2026-02-25 19:46:39.483484+00:00,Pajek dadak nggo ktp pemilik lama. Ra nganggo KTP Yo bayar meneh 100 ewu Jan jan,Lainnya,Institusi (Bapenda/Samsat),Lainnya/Jateng
3365,3,,Instagram,"Memahami tu mendengar, yg cb tertib byr pajak mskipun blm baliknama saja anda persulit. KTP hrus sama dengan  nama yg ada di STNK dan BPKB. Padahal yo jelas ada kwitansi pembelian brg second dan blm sempat dibaliknama. Namun nek lewat bawah meja kok iso lolos. Jane khi  piye ngono loh, wong niat bayar pjk dipersulit, ora bayar pajak, jenengan seng teriak* jg hrus wjib pajak. Tong dibenerin regulasinya nya, jangan dinormalisasi kan cara dibawah meja.",Negatif,,,2026-02-25 19:46:39.483484+00:00,"Memahami tu mendengar, yg cb tertib byr pajak mskipun blm baliknama saja anda persulit. KTP hrus sama dengan  nama yg ada di STNK dan BPKB. Padahal yo jelas ada kwitansi pembelian brg second dan blm sempat dibaliknama. Namun nek lewat bawah meja kok iso lolos. Jane khi  piye ngono loh, wong niat bayar pjk dipersulit, ora bayar pajak, jenengan seng teriak* jg hrus wjib pajak. Tong dibenerin regulasinya nya, jangan dinormalisasi kan cara dibawah meja.",Lainnya,Institusi (Bapenda/Samsat),Lainnya/Jateng
3435,3,,Instagram,"bayar pajak skrg tdk perlu bw ktp, cukup hubungi petugas. 😂",Negatif,,,2026-02-25 19:46:39.483484+00:00,"bayar pajak skrg tdk perlu bw ktp, cukup hubungi petugas. 😂",Lainnya,Institusi (Bapenda/Samsat),Lainnya/Jateng
3593,3,,Instagram,bayar pajak kendaraan nembak ktp wes biasa,Negatif,,,2026-02-25 19:46:39.483484+00:00,bayar pajak kendaraan nembak ktp wes biasa,Lainnya,Institusi (Bapenda/Samsat),Lainnya/Jateng
2628,2,,TikTok,besok lagi jangan pilih pemimpin dari polisi.,Netral,,,2026-02-25 19:46:39.483484+00:00,1 h yang lalu,Kekecewaan Politik,Institusi (Bapenda/Samsat),Lainnya/Jateng
2963,3,,Instagram,"BAYAR PAJAK SEHARUSNYA GA PERLU KTP SESUAI BPKB. TAPI CUKUP KTP PEMILIK KENDARAAN SEKARANG. ANDAI KENDARAAN DIPAKAI BUAT KEJAHATAN, AKAN LANGSUNG KETAHUAN ITU KENDARAAN SIAPA",Negatif,,,2026-02-25 19:46:39.483484+00:00,"BAYAR PAJAK SEHARUSNYA GA PERLU KTP SESUAI BPKB. TAPI CUKUP KTP PEMILIK KENDARAAN SEKARANG. ANDAI KENDARAAN DIPAKAI BUAT KEJAHATAN, AKAN LANGSUNG KETAHUAN ITU KENDARAAN SIAPA",Lainnya,Institusi (Bapenda/Samsat),Pekalongan/Pantura (G)
2259,1,,TikTok,kenapah kinerja yg dari polisi itu kerja nya buruk banget sumpah,Negatif,,,2026-02-25 19:46:39.483484+00:00,2-12,Lainnya,Institusi (Bapenda/Samsat),Solo Raya (AD)
3883,3,,Instagram,"Pajak kendaraan gak usah pake KTP asli pemilik kendaraan pertama, cukup asal bisa menunjukkan BPKB kendaraannya aja... Gak usah dipersulit bayar pajaknya pak",Negatif,,,2026-02-25 19:46:39.483484+00:00,"Pajak kendaraan gak usah pake KTP asli pemilik kendaraan pertama, cukup asal bisa menunjukkan BPKB kendaraannya aja... Gak usah dipersulit bayar pajaknya pak",Lainnya,Institusi (Bapenda/Samsat),Lainnya/Jateng
709,1,,TikTok,"Wes Wes Pak....Aku Kapok duwe Gubernur ngene kie....kene wong cilik kerjo mempeng,pengen pajak motor bekas wae direwangi nembak KTP,,,pokoke aku gelo",Negatif,,,2026-02-25 19:46:39.483484+00:00,2-12,Lainnya,Institusi (Bapenda/Samsat),Lainnya/Jateng
385,1,,TikTok,lgian milih pemimpin dari kepolisian 🤣🤭,Negatif,,,2026-02-25 19:46:39.483484+00:00,6 h yang lalu,Lainnya,Institusi (Bapenda/Samsat),Lainnya/Jateng
276,1,,TikTok,bener2 jadi polisi malah ngurus negoro😩,Negatif,,,2026-02-25 19:46:39.483484+00:00,4 h yang lalu,Lainnya,Institusi (Bapenda/Samsat),Lainnya/Jateng
394,1,,TikTok,Pak POLISI 🤦🏻‍♂️😂,Negatif,,,2026-02-25 19:46:39.483484+00:00,6 h yang lalu,Lainnya,Institusi (Bapenda/Samsat),Lainnya/Jateng
408,1,,TikTok,jngene ae polisi...y tetap naluri polisi😢,Negatif,,,2026-02-25 19:46:39.483484+00:00,6 h yang lalu,Lainnya,Institusi (Bapenda/Samsat),Lainnya/Jateng
1470,1,,TikTok,Rupane nek ngene ketok nek polisine ..spo mbiyennn sing milih aku oraaaaaaaaaa,Negatif,,,2026-02-25 19:46:39.483484+00:00,2-12,Lainnya,Institusi (Bapenda/Samsat),Lainnya/Jateng
1538,1,,TikTok,blm ada sejarah y polisi mengayomi masyarakat.pa LG ini titipan mul,Negatif,,,2026-02-25 19:46:39.483484+00:00,2-12,Lainnya,Institusi (Bapenda/Samsat),Lainnya/Jateng
1981,1,,TikTok,dia dari kepolisian kan... 😁😁😁,Negatif,,,2026-02-25 19:46:39.483484+00:00,2-12,Lainnya,Institusi (Bapenda/Samsat),Lainnya/Jateng
2389,1,,TikTok,PO iseh kurang Jane Ki....nobatne petugas,Negatif,,,2026-02-25 19:46:39.483484+00:00,2-12,Lainnya,Institusi (Bapenda/Samsat),Lainnya/Jateng
234,1,,TikTok,"dana pajakkndaraan betulkah masuk ke kantong gubernur brpa persen betulkah,maaf nanya mas",Negatif,,,2026-02-25 19:46:39.483484+00:00,3 h yang lalu,Lainnya,Institusi (Bapenda/Samsat),Lainnya/Jateng
647,1,,TikTok,Gubernur e mundur wae lagi aku gelem bayar pajak 🤣,Negatif,,,2026-02-25 19:46:39.483484+00:00,2-12,Lainnya,Institusi (Bapenda/Samsat),Lainnya/Jateng
826,1,,TikTok,"beda seperti gubernur Jawa Barat ,pajak di mudahkan",Negatif,,,2026-02-25 19:46:39.483484+00:00,4 h yang lalu,Lainnya,Institusi (Bapenda/Samsat),Lainnya/Jateng
1985,1,,TikTok,untungnya aku ngk milih gubernur ini ....pajak tetap ngk saya bayar walau sangsinya pidana,Negatif,,,2026-02-25 19:46:39.483484+00:00,2-12,Lainnya,Institusi (Bapenda/Samsat),Lainnya/Jateng
1024,1,,TikTok,"🤣🤣🤣🤣🤣🤣🤣
dpt berapa persen buat gubernur dr pajak",Negatif,,,2026-02-25 19:46:39.483484+00:00,1 m yang lalu,Lainnya,Institusi (Bapenda/Samsat),Lainnya/Jateng
1409,1,,TikTok,"tidak usah bayar pajak,gubernur Ndak bisa kerja",Negatif,,,2026-02-25 19:46:39.483484+00:00,2-12,Lainnya,Institusi (Bapenda/Samsat),Lainnya/Jateng
1628,1,,TikTok,gubernur pajak,Negatif,,,2026-02-25 19:46:39.483484+00:00,2-12,Lainnya,Institusi (Bapenda/Samsat),Lainnya/Jateng
1654,1,,TikTok,"Gubernur Pajak😂
Urusan PAJAK NONGGOL TERUS
urusan BENCANA NGILANG",Negatif,,,2026-02-25 19:46:39.483484+00:00,2-12,Lainnya,Institusi (Bapenda/Samsat),Lainnya/Jateng
1878,1,,TikTok,dadi gubernur ae ws ngundakno pajek montor karo pajek pbb.sg warek yo sg duwur.an,Negatif,,,2026-02-25 19:46:39.483484+00:00,2-12,Lainnya,Institusi (Bapenda/Samsat),Lainnya/Jateng
1984,1,,TikTok,"solusinya biar pada bayar pajak lakukan pemutihan
jadinya yg pada nunggak pajak biar pada bayar
contoh aja kebijakan gubenur jjabar ga ush gengsi",Negatif,,,2026-02-25 19:46:39.483484+00:00,2-12,Lainnya,Institusi (Bapenda/Samsat),Lainnya/Jateng
1997,1,,TikTok,ga usah pajak sampe ganti gubernur,Negatif,,,2026-02-25 19:46:39.483484+00:00,2-12,Lainnya,Institusi (Bapenda/Samsat),Lainnya/Jateng
2155,1,,TikTok,"turunkan pajak
atau turunkan gubernur ini",Negatif,,,2026-02-25 19:46:39.483484+00:00,2-12,Lainnya,Institusi (Bapenda/Samsat),Lainnya/Jateng
75,1,,TikTok,"gubernur dr kepolisian,,,hancur",Negatif,,,2026-02-25 19:46:39.483484+00:00,2-13,Lainnya,Institusi (Bapenda/Samsat),Lainnya/Jateng
98,1,,TikTok,gini klw gubernur bekas polisi,Negatif,,,2026-02-25 19:46:39.483484+00:00,2-12,Lainnya,Institusi (Bapenda/Samsat),Lainnya/Jateng
283,1,,TikTok,ngerti polisi kok di jadikan gubernur....??,Negatif,,,2026-02-25 19:46:39.483484+00:00,4 h yang lalu,Lainnya,Institusi (Bapenda/Samsat),Lainnya/Jateng
347,1,,TikTok,"polisi po gubernur jane ,nek gubernur ki kudune meringankan masyarakat ,iki malah mbebani masyarakat !!",Negatif,,,2026-02-25 19:46:39.483484+00:00,5 h yang lalu,Lainnya,Institusi (Bapenda/Samsat),Lainnya/Jateng
760,1,,TikTok,polisi jadi gubernur ya begini,Negatif,,,2026-02-25 19:46:39.483484+00:00,2-12,Lainnya,Institusi (Bapenda/Samsat),Lainnya/Jateng
3734,3,,Instagram,"Umr ra sepiro pajek e edan2an😢 rpp ben gusti Allah seng bales,gusti Allah ra sare",Negatif,,,2026-02-25 19:46:39.483484+00:00,"Umr ra sepiro pajek e edan2an😢 rpp ben gusti Allah seng bales,gusti Allah ra sare",Lainnya,Institusi (Bapenda/Samsat),Lainnya/Jateng
1655,1,,TikTok,"wes Ra pro Karo polisi, ik mantan polisi sisan😁",Negatif,,,2026-02-25 19:46:39.483484+00:00,2-12,Lainnya,Institusi (Bapenda/Samsat),Pekalongan/Pantura (G)
1543,1,,TikTok,"mantap gubernurku, menjadikan warga pengguna motor dan mobil sungkan byr pajak",Negatif,,,2026-02-25 19:46:39.483484+00:00,2-12,Lainnya,Institusi (Bapenda/Samsat),Pekalongan/Pantura (G)
725,1,,TikTok,"mantan polisi jadi gubenur,ya jelas raja tega",Negatif,,,2026-02-25 19:46:39.483484+00:00,2-12,Lainnya,Institusi (Bapenda/Samsat),Pekalongan/Pantura (G)
819,1,,TikTok,Harap dimaklumi wae luurrr Gubernure mantan polisi 😂,Negatif,,,2026-02-25 19:46:39.483484+00:00,1 m yang lalu,Lainnya,Institusi (Bapenda/Samsat),Pekalongan/Pantura (G)
2884,2,,TikTok,"ada issue gub&wagub dpat cuan dr pajak..
apa bener?",Negatif,,,2026-02-25 19:46:39.483484+00:00,1 h yang lalu,Lainnya,Institusi (Bapenda/Samsat),Lainnya/Jateng
2745,2,,TikTok,apapun penjelasannya wagub intinya kaca mata mama udahlah 😂😂 STOP BAYAR PAJAK.,Negatif,,,2026-02-25 19:46:39.483484+00:00,21 j yang lalu,Lainnya,Institusi (Bapenda/Samsat),Lainnya/Jateng
2825,2,,TikTok,gubernur dan wakil gubernur dapat insentif dr hasil pajak kendaraan bermotor,Negatif,,,2026-02-25 19:46:39.483484+00:00,1 h yang lalu,Lainnya,Institusi (Bapenda/Samsat),Lainnya/Jateng
2895,2,,TikTok,WAKIL GUBERNUR DAPAT INSENTIF 900 JUTA - 1 MILYAR PER BULAN DARI PAJAK KENDARAAN KENDARAAN YG KITA BAYAR...,Negatif,,,2026-02-25 19:46:39.483484+00:00,1 h yang lalu,Lainnya,Institusi (Bapenda/Samsat),Lainnya/Jateng
1944,1,,TikTok,rusah mbayar pajak,Negatif,,,2026-02-25 19:46:39.483484+00:00,2-12,Lainnya,Institusi (Bapenda/Samsat),Lainnya/Jateng
3225,3,,Instagram,"PELAYANAN NGGA BISA MENJAMIN SELALU BAGUS , RAKYAT NGGA BUTUH PELAYANAN YG NGGA PASTI , MENDING DI KURANGI AJA PAJAKNYA ANGKA ITU PASTI",Negatif,,,2026-02-25 19:46:39.483484+00:00,"PELAYANAN NGGA BISA MENJAMIN SELALU BAGUS , RAKYAT NGGA BUTUH PELAYANAN YG NGGA PASTI , MENDING DI KURANGI AJA PAJAKNYA ANGKA ITU PASTI",Beban Ekonomi,Institusi (Bapenda/Samsat),Lainnya/Jateng
1333,1,,TikTok,inilah gubernur asalnya polisi dia akan memeras rakyat tidak ada belas kasihan,Netral,,,2026-02-25 19:46:39.483484+00:00,2-12,Beban Ekonomi,Institusi (Bapenda/Samsat),Lainnya/Jateng
573,1,,TikTok,stop bayar pajak..!,Negatif,,,2026-02-25 19:46:39.483484+00:00,2-12,Lainnya,Institusi (Bapenda/Samsat),Lainnya/Jateng
1759,1,,TikTok,"NGOPENI,NGLAKONI,NGAPUSI",Negatif,,,2026-02-25 19:46:39.483484+00:00,2-12,Kekecewaan Politik/Janji,Gubernur,Lainnya/Jateng
1771,1,,TikTok,ngopeni ngelakoni ngapusiii...,Negatif,,,2026-02-25 19:46:39.483484+00:00,2-12,Kekecewaan Politik/Janji,Gubernur,Lainnya/Jateng
1391,1,,TikTok,"setiap kabupaten sapa aja yg noblos ni orang , cabut suara yg di berikan , karena tidak bisa ngopeni , warga Jawa tengah",Negatif,,,2026-02-25 19:46:39.483484+00:00,2-12,Lainnya,Gubernur,Banyumas/Barat (R)
1509,1,,TikTok,"dalan kab pekalongan rusak kabeh,sampean wes weruh durung",Negatif,,,2026-02-25 19:46:39.483484+00:00,2-12,Infrastruktur,Gubernur,Pekalongan/Pantura (G)
1784,1,,TikTok,nyong ora milih tapi Melu rekasa,Negatif,,,2026-02-25 19:46:39.483484+00:00,2-12,Lainnya,Gubernur,Banyumas/Barat (R)
115,1,,TikTok,Nyesel milh orang ini,Negatif,,,2026-02-25 19:46:39.483484+00:00,2-13,Kekecewaan Politik,Gubernur,Lainnya/Jateng
311,1,,TikTok,"Nyapo ....aku biyen kenggoh tonggoku milih wong iki ,...nyesel.....wis kapok ......",Negatif,,,2026-02-25 19:46:39.483484+00:00,5 h yang lalu,Kekecewaan Politik,Gubernur,Lainnya/Jateng
2444,1,,TikTok,pilihane sopo kui,Negatif,,,2026-02-25 19:46:39.483484+00:00,2-12,Kekecewaan Politik,Gubernur,Lainnya/Jateng
48,1,,TikTok,setelah pilih Lutfi apa yang kalian rasakan? 😂😂 jujur kalo aku GETUN TENAN,Negatif,,,2026-02-25 19:46:39.483484+00:00,6 h yang lalu,Kekecewaan Politik,Gubernur,Lainnya/Jateng
560,1,,TikTok,nyesel guwa pilih anda pak.. sangat mengecewakan banget..ngerti kayak gini guwa gk milih,Negatif,,,2026-02-25 19:46:39.483484+00:00,2-12,Kekecewaan Politik,Gubernur,Lainnya/Jateng
691,1,,TikTok,untung aku dulu nghk pilih dia,Negatif,,,2026-02-25 19:46:39.483484+00:00,2-12,Kekecewaan Politik,Gubernur,Lainnya/Jateng
731,1,,TikTok,"salah pilih ,,",Negatif,,,2026-02-25 19:46:39.483484+00:00,2-12,Kekecewaan Politik,Gubernur,Lainnya/Jateng
733,1,,TikTok,rasakno pilihanmu lur,Negatif,,,2026-02-25 19:46:39.483484+00:00,2-12,Kekecewaan Politik,Gubernur,Lainnya/Jateng
900,1,,TikTok,"bintange dipamerke... wani numpak i wani majeki,wani dipilih wani dilengserke..",Negatif,,,2026-02-25 19:46:39.483484+00:00,2-13,Kekecewaan Politik,Gubernur,Lainnya/Jateng
1750,1,,TikTok,"kasihan yang sudah pilih
sudah pilih kena dampaknya juga",Negatif,,,2026-02-25 19:46:39.483484+00:00,2-12,Kekecewaan Politik,Gubernur,Lainnya/Jateng
1779,1,,TikTok,salah pilih😳,Negatif,,,2026-02-25 19:46:39.483484+00:00,2-12,Kekecewaan Politik,Gubernur,Lainnya/Jateng
1789,1,,TikTok,mikmati pilihanmu,Negatif,,,2026-02-25 19:46:39.483484+00:00,2-12,Kekecewaan Politik,Gubernur,Lainnya/Jateng
1796,1,,TikTok,nyesel..ak di bohongi baju coklat ...,Negatif,,,2026-02-25 19:46:39.483484+00:00,2-12,Kekecewaan Politik,Gubernur,Lainnya/Jateng
1838,1,,TikTok,nikmati pilihanmu,Negatif,,,2026-02-25 19:46:39.483484+00:00,2-12,Kekecewaan Politik,Gubernur,Lainnya/Jateng
1884,1,,TikTok,salahe d pilih bos,Negatif,,,2026-02-25 19:46:39.483484+00:00,2-12,Kekecewaan Politik,Gubernur,Lainnya/Jateng
678,1,,TikTok,ngopo biyen milih peyang yo pak...,Negatif,,,2026-02-25 19:46:39.483484+00:00,2-13,Lainnya,Gubernur,Lainnya/Jateng
806,1,,TikTok,untung ra milih,Negatif,,,2026-02-25 19:46:39.483484+00:00,1 m yang lalu,Lainnya,Gubernur,Lainnya/Jateng
1282,1,,TikTok,"untung gk milih orang ini, lgian juga gk kenal",Negatif,,,2026-02-25 19:46:39.483484+00:00,2-12,Lainnya,Gubernur,Lainnya/Jateng
1290,1,,TikTok,kei Doreng malah milih tukang tilang.,Negatif,,,2026-02-25 19:46:39.483484+00:00,2-12,Lainnya,Gubernur,Lainnya/Jateng
1377,1,,TikTok,aku ga milih wongkui tapi aku kenek dampake cookkkk,Negatif,,,2026-02-25 19:46:39.483484+00:00,2-12,Lainnya,Gubernur,Lainnya/Jateng
1610,1,,TikTok,ya begitulah ada rambo milihnya sambo,Negatif,,,2026-02-25 19:46:39.483484+00:00,2-12,Lainnya,Gubernur,Lainnya/Jateng
1547,1,,TikTok,Hoalahh.... Yok absen sg gk milih wong iki tpi keno dampak e ☝,Negatif,,,2026-02-25 19:46:39.483484+00:00,2-12,Lainnya,Gubernur,Lainnya/Jateng
1642,1,,TikTok,alhamdulilah aku milih pak ANDIKA,Negatif,,,2026-02-25 19:46:39.483484+00:00,2-12,Lainnya,Gubernur,Lainnya/Jateng
1646,1,,TikTok,ga pantes untung aq ora milih,Negatif,,,2026-02-25 19:46:39.483484+00:00,2-12,Lainnya,Gubernur,Lainnya/Jateng
1684,1,,TikTok,ternyata yg tidak memilih juga terkena dampaknya,Negatif,,,2026-02-25 19:46:39.483484+00:00,2-12,Lainnya,Gubernur,Lainnya/Jateng
1738,1,,TikTok,sing milih iki sopo to,Negatif,,,2026-02-25 19:46:39.483484+00:00,2-12,Lainnya,Gubernur,Lainnya/Jateng
1748,1,,TikTok,aku ora milih koe. TPI aku malah kena dampake.,Negatif,,,2026-02-25 19:46:39.483484+00:00,2-12,Lainnya,Gubernur,Lainnya/Jateng
1782,1,,TikTok,sing milih ben seneng🤣🤣🤣🤣🤣🤣🤣🤣🤣🤣🤣,Negatif,,,2026-02-25 19:46:39.483484+00:00,2-12,Lainnya,Gubernur,Lainnya/Jateng
1855,1,,TikTok,ngertiyo ramilih kui,Negatif,,,2026-02-25 19:46:39.483484+00:00,2-12,Lainnya,Gubernur,Lainnya/Jateng
1783,1,,TikTok,"pa pa, ora isin sampean",Negatif,,,2026-02-25 19:46:39.483484+00:00,2-12,Lainnya,Gubernur,Lainnya/Jateng
2151,1,,TikTok,sek milih kui mesti gersulo,Negatif,,,2026-02-25 19:46:39.483484+00:00,2-12,Lainnya,Gubernur,Lainnya/Jateng
2195,1,,TikTok,terus terang aku gelo milih wong iki,Negatif,,,2026-02-25 19:46:39.483484+00:00,2-12,Lainnya,Gubernur,Lainnya/Jateng
1052,1,,TikTok,tiru sistim.. oefagang.. murah ramee sekali.. mahal.. gak ada yang mbeli.. pilih mnaaa,Negatif,,,2026-02-25 19:46:39.483484+00:00,1 m yang lalu,Kekecewaan Politik,Gubernur,Lainnya/Jateng
2479,1,,TikTok,makanya jangan pilih pemimpin dari ladusing,Netral,,,2026-02-25 19:46:39.483484+00:00,2-12,Kekecewaan Politik,Gubernur,Lainnya/Jateng
1218,1,,TikTok,iki toblos sanmu... pilihanmu 😂😂,Negatif,,,2026-02-25 19:46:39.483484+00:00,2-12,Kekecewaan Politik,Gubernur,Lainnya/Jateng
1229,1,,TikTok,di kasih bansos juga nanti di pilih lagi,Negatif,,,2026-02-25 19:46:39.483484+00:00,2-12,Kekecewaan Politik,Gubernur,Lainnya/Jateng
371,1,,TikTok,Ojo d pilihne lek nyalon😅😅,Negatif,,,2026-02-25 19:46:39.483484+00:00,6 h yang lalu,Kekecewaan Politik,Gubernur,Lainnya/Jateng
377,1,,TikTok,ternyata kamu lebih hebat Pak Ganjar.nyesel lah aku,Negatif,,,2026-02-25 19:46:39.483484+00:00,6 h yang lalu,Kekecewaan Politik,Gubernur,Lainnya/Jateng
417,1,,TikTok,ayo Iki Lo pilihanmu jajal Pye nek ngene ok,Negatif,,,2026-02-25 19:46:39.483484+00:00,6 h yang lalu,Kekecewaan Politik,Gubernur,Lainnya/Jateng
499,1,,TikTok,lg menikmati pilihan,Negatif,,,2026-02-25 19:46:39.483484+00:00,2-12,Kekecewaan Politik,Gubernur,Lainnya/Jateng
2798,2,,TikTok,opsen sama juga upeti dari rakyat untuk pejabat,Negatif,,,2026-02-25 19:46:39.483484+00:00,1 h yang lalu,Beban Ekonomi,Institusi (Bapenda/Samsat),Lainnya/Jateng
2357,1,,TikTok,tunjukkan programnya dulu baru narik upeti,Negatif,,,2026-02-25 19:46:39.483484+00:00,2-12,Kekecewaan Politik,Institusi (Bapenda/Samsat),Lainnya/Jateng
3891,3,,Instagram,"Memahami matamu lah, bapenda kontol. Utekke ra dinggo blas su",Negatif,,,2026-02-25 19:46:39.483484+00:00,"Memahami matamu lah, bapenda kontol. Utekke ra dinggo blas su",Lainnya,Institusi (Bapenda/Samsat),Lainnya/Jateng
829,1,,TikTok,trus nek pemprov duwe utang opo rakyate sing dipecuti kon bayar...??? sing genah wae makde🗿,Negatif,,,2026-02-25 19:46:39.483484+00:00,2 h yang lalu,Beban Ekonomi,Pemerintahan,Lainnya/Jateng
1098,1,,TikTok,"kapan negara mensejahterakan rakyatnya, bukan jadi sapi perahnya , SDA melimpah tapi masih jd negara miskin ,gonta ganti pemimpin kog ga da bedanya ,",Negatif,,,2026-02-25 19:46:39.483484+00:00,2-13,Beban Ekonomi,Pemerintahan,Lainnya/Jateng
1503,1,,TikTok,utangnya negara ko rakyat yang mau dibikin pusing,Negatif,,,2026-02-25 19:46:39.483484+00:00,2-12,Beban Ekonomi,Pemerintahan,Lainnya/Jateng
1557,1,,TikTok,dasare pingin nyengsarakke rakyat jateng,Negatif,,,2026-02-25 19:46:39.483484+00:00,2-12,Beban Ekonomi,Pemerintahan,Lainnya/Jateng
539,1,,TikTok,dmn2 pemerintah itu menyejahtera kan rakyat nya.. bukan menambah beban rakyat.. cba pelaku korup2 di indo bsa di hukum MD mantap lya nya,Negatif,,,2026-02-25 19:46:39.483484+00:00,2-12,Beban Ekonomi,Pemerintahan,Pekalongan/Pantura (G)
897,1,,TikTok,"lhaa utang pemerintah yang disuruh bayar rakyat, piye maksute",Negatif,,,2026-02-25 19:46:39.483484+00:00,2-13,Beban Ekonomi,Pemerintahan,Pekalongan/Pantura (G)
1374,1,,TikTok,rakyat kecil jadi sapi perahan pemerintah,Negatif,,,2026-02-25 19:46:39.483484+00:00,2-12,Beban Ekonomi,Pemerintahan,Pekalongan/Pantura (G)
726,1,,TikTok,okh... nanti saya buatin konten tentang bobroknya pemerintah di jawa tengah.,Negatif,,,2026-02-25 19:46:39.483484+00:00,2-12,Lainnya,Pemerintahan,Pekalongan/Pantura (G)
958,1,,TikTok,intinya pemerintah membuat aturan yg merugikan masyarakat no 1😏,Negatif,,,2026-02-25 19:46:39.483484+00:00,2-13,Lainnya,Pemerintahan,Pekalongan/Pantura (G)
1867,1,,TikTok,hadehhhh iso ngatur pemerintah tah ora.,Negatif,,,2026-02-25 19:46:39.483484+00:00,2-12,Lainnya,Pemerintahan,Pekalongan/Pantura (G)
522,1,,TikTok,jateng gayeng😄😄😄😄,Negatif,,,2026-02-25 19:46:39.483484+00:00,2-12,Lainnya,Pemerintahan,Lainnya/Jateng
617,1,,TikTok,kudune demo tapi Jateng biasane Ra kompak blas,Negatif,,,2026-02-25 19:46:39.483484+00:00,2-13,Lainnya,Pemerintahan,Lainnya/Jateng
801,1,,TikTok,yakin. akan jadi blunder buat jateng.,Negatif,,,2026-02-25 19:46:39.483484+00:00,1 m yang lalu,Lainnya,Pemerintahan,Lainnya/Jateng
841,1,,TikTok,ciri2 negara mau bangkrut,Negatif,,,2026-02-25 19:46:39.483484+00:00,2-13,Lainnya,Pemerintahan,Lainnya/Jateng
930,1,,TikTok,masalh krugian itu dimna..apa pun kpntingan yng di miliki ngara slalu rugi..bljarlh k negara kirea utara dan ngara china...indonesia slalu rugi...BENSIN BYAR LUNAS JUGA RUGI...PLN BAYAR JUGA RUGI..DLL.PK...,Negatif,,,2026-02-25 19:46:39.483484+00:00,2-13,Lainnya,Pemerintahan,Lainnya/Jateng
1054,1,,TikTok,negara lebih parah dari rentenir,Negatif,,,2026-02-25 19:46:39.483484+00:00,1 m yang lalu,Lainnya,Pemerintahan,Lainnya/Jateng
1106,1,,TikTok,Jateng salah pemimpin ternyata,Negatif,,,2026-02-25 19:46:39.483484+00:00,1 m yang lalu,Lainnya,Pemerintahan,Lainnya/Jateng
1215,1,,TikTok,Sengkunine Jateng,Negatif,,,2026-02-25 19:46:39.483484+00:00,2-12,Lainnya,Pemerintahan,Lainnya/Jateng
2288,1,,TikTok,piye wong Jateng wes entok pemimpin koyok ngene Iki...sek Arep milih seng koyok ngene Iki meneh ora,Negatif,,,2026-02-25 19:46:39.483484+00:00,2-12,Lainnya,Pemerintahan,Lainnya/Jateng
1564,1,,TikTok,"masak yang di bebani masyarakat pak
apa negara ini sudah mau bangkrut ya semua di bebani ke masyarakat",Negatif,,,2026-02-25 19:46:39.483484+00:00,2-12,Lainnya,Pemerintahan,Lainnya/Jateng
1816,1,,TikTok,Ayo kompak jateng,Negatif,,,2026-02-25 19:46:39.483484+00:00,2-12,Lainnya,Pemerintahan,Lainnya/Jateng
1843,1,,TikTok,selamat menikmati masyarakat jateng,Negatif,,,2026-02-25 19:46:39.483484+00:00,2-12,Lainnya,Pemerintahan,Lainnya/Jateng
1893,1,,TikTok,"angel ws angel, ngayomi Jateng oppo malah gwe ambrol😁😁",Negatif,,,2026-02-25 19:46:39.483484+00:00,2-12,Lainnya,Pemerintahan,Lainnya/Jateng
2077,1,,TikTok,jateng kadang gajah,Negatif,,,2026-02-25 19:46:39.483484+00:00,2-12,Lainnya,Pemerintahan,Lainnya/Jateng
2104,1,,TikTok,wong jateng kebodon....😂😂,Negatif,,,2026-02-25 19:46:39.483484+00:00,2-12,Lainnya,Pemerintahan,Lainnya/Jateng
2114,1,,TikTok,SETUJU....... JATENG JADI ANCURR,Negatif,,,2026-02-25 19:46:39.483484+00:00,2-12,Lainnya,Pemerintahan,Lainnya/Jateng
747,1,,TikTok,warga Jateng salah pilih....,Negatif,,,2026-02-25 19:46:39.483484+00:00,2-12,Kekecewaan Politik,Pemerintahan,Lainnya/Jateng
2293,1,,TikTok,"seng utang pemerintahnya yg suruh bayar masyarakatnya,diapusi tok",Negatif,,,2026-02-25 19:46:39.483484+00:00,2-12,Kekecewaan Politik/Janji,Pemerintahan,Pekalongan/Pantura (G)
2142,1,,TikTok,Maaf itu yang bicara siapa ya? Saya jateng tp ngga begitu paham bapak itu🙏,Negatif,,,2026-02-25 19:46:39.483484+00:00,2-12,Lainnya,Pemerintahan,Lainnya/Jateng
2235,1,,TikTok,Jateng seru gaes,Negatif,,,2026-02-25 19:46:39.483484+00:00,2-12,Lainnya,Pemerintahan,Lainnya/Jateng
2283,1,,TikTok,jateng ajior😂🤭,Negatif,,,2026-02-25 19:46:39.483484+00:00,2-12,Lainnya,Pemerintahan,Lainnya/Jateng
2588,2,,TikTok,"Jateng gayeng ❎
Jateng puyeng ✅",Negatif,,,2026-02-25 19:46:39.483484+00:00,22 j yang lalu,Lainnya,Pemerintahan,Lainnya/Jateng
2896,2,,TikTok,kenapa ko hanya di jateng,Negatif,,,2026-02-25 19:46:39.483484+00:00,1 h yang lalu,Lainnya,Pemerintahan,Solo Raya (AD)
2717,2,,TikTok,Jateng puyeng,Negatif,,,2026-02-25 19:46:39.483484+00:00,20 j yang lalu,Lainnya,Pemerintahan,Lainnya/Jateng
2749,2,,TikTok,Jateng jadikan jabar,Negatif,,,2026-02-25 19:46:39.483484+00:00,21 j yang lalu,Lainnya,Pemerintahan,Lainnya/Jateng
2890,2,,TikTok,kog bes yaa jateng ..dg jabar....parah parah,Negatif,,,2026-02-25 19:46:39.483484+00:00,1 h yang lalu,Lainnya,Pemerintahan,Lainnya/Jateng
3559,3,,Instagram,"Kenapa ada pengecualian ""kecuail DKI JAKARTA"", pdhl JATENG UMR nya lebih sedikit ketimbang DKI???",Negatif,,,2026-02-25 19:46:39.483484+00:00,"Kenapa ada pengecualian ""kecuail DKI JAKARTA"", pdhl JATENG UMR nya lebih sedikit ketimbang DKI???",Lainnya,Pemerintahan,Solo Raya (AD)
3336,3,,Instagram,Jateng tidak baik baik saja,Negatif,,,2026-02-25 19:46:39.483484+00:00,Jateng tidak baik baik saja,Lainnya,Pemerintahan,Lainnya/Jateng
3406,3,,Instagram,Jateng Gayeng❌. Jateng Puyeng✅,Negatif,,,2026-02-25 19:46:39.483484+00:00,Jateng Gayeng❌. Jateng Puyeng✅,Lainnya,Pemerintahan,Lainnya/Jateng
3418,3,,Instagram,Sekelas pemprov bisa Salah mengartikan UU pusat 🔥🔥,Negatif,,,2026-02-25 19:46:39.483484+00:00,Sekelas pemprov bisa Salah mengartikan UU pusat 🔥🔥,Lainnya,Pemerintahan,Lainnya/Jateng
3428,3,,Instagram,Jateng mumet,Negatif,,,2026-02-25 19:46:39.483484+00:00,Jateng mumet,Lainnya,Pemerintahan,Lainnya/Jateng
3562,3,,Instagram,UMR JEK PALING RENDAH NENG PULAU JAWA SELAIN DIY.... LOH JATENG KIE,Negatif,,,2026-02-25 19:46:39.483484+00:00,UMR JEK PALING RENDAH NENG PULAU JAWA SELAIN DIY.... LOH JATENG KIE,Lainnya,Pemerintahan,Lainnya/Jateng
3682,3,,Instagram,"😢 sing pusat ngajak efisiensi, sing daerah ngajak liyone... Sing pusing masyarakat",Negatif,,,2026-02-25 19:46:39.483484+00:00,"😢 sing pusat ngajak efisiensi, sing daerah ngajak liyone... Sing pusing masyarakat",Lainnya,Pemerintahan,Lainnya/Jateng
3739,3,,Instagram,Gass yok bisa dimulai dari Jateng,Negatif,,,2026-02-25 19:46:39.483484+00:00,Gass yok bisa dimulai dari Jateng,Lainnya,Pemerintahan,Lainnya/Jateng
3772,3,,Instagram,JATENG GENDENG 😔,Negatif,,,2026-02-25 19:46:39.483484+00:00,JATENG GENDENG 😔,Lainnya,Pemerintahan,Lainnya/Jateng
3815,3,,Instagram,"Jateng kie akeh wong pinter, tp shek goblok "" malah dadi penentu kebijakan.",Negatif,,,2026-02-25 19:46:39.483484+00:00,"Jateng kie akeh wong pinter, tp shek goblok "" malah dadi penentu kebijakan.",Lainnya,Pemerintahan,Lainnya/Jateng
2728,2,,TikTok,"apapun itu alasannya, menaikan pajak bkn pilihan yg tepat Gus,
Jateng telah salah memilih 😂",Negatif,,,2026-02-25 19:46:39.483484+00:00,20 j yang lalu,Kekecewaan Politik,Pemerintahan,Lainnya/Jateng
2473,1,,TikTok,rakyat Jateng cm diem wkwkwk,Negatif,,,2026-02-25 19:46:39.483484+00:00,2-12,Beban Ekonomi,Pemerintahan,Lainnya/Jateng
2499,1,,TikTok,"piutang negara kok di beban,kan ke rakyat
piutang atau target sih....",Negatif,,,2026-02-25 19:46:39.483484+00:00,2-12,Beban Ekonomi,Pemerintahan,Lainnya/Jateng
2143,1,,TikTok,kaya pemerintahan kolonial Belanda 🤣🤣,Negatif,,,2026-02-25 19:46:39.483484+00:00,2-12,Lainnya,Pemerintahan,Pekalongan/Pantura (G)
2729,2,,TikTok,UU yg buat DPR dan pemerintah obyeknya lagi lagi masyarakat remuk,Negatif,,,2026-02-25 19:46:39.483484+00:00,20 j yang lalu,Lainnya,Pemerintahan,Pekalongan/Pantura (G)
2852,2,,TikTok,pemerintah sistim dagang nyari untung,Negatif,,,2026-02-25 19:46:39.483484+00:00,1 h yang lalu,Lainnya,Pemerintahan,Pekalongan/Pantura (G)
3523,3,,Instagram,JATENG selamanya menjadi JATENG yang kita kenal.. 😂,Negatif,,,2026-02-25 19:46:39.483484+00:00,JATENG selamanya menjadi JATENG yang kita kenal.. 😂,Lainnya,Pemerintahan,Pekalongan/Pantura (G)
3603,3,,Instagram,"Kebiasaan pemerintah,cari aman dan saling lempar..😂",Negatif,,,2026-02-25 19:46:39.483484+00:00,"Kebiasaan pemerintah,cari aman dan saling lempar..😂",Lainnya,Pemerintahan,Pekalongan/Pantura (G)
3640,3,,Instagram,"Terlihat hampir di setiap akun pemerintahan jawa tengah komentarnya kebanyakan negatif,,menandakan sudah sangat jenuh masyarakat jawa tengah terhadap kinerja pemerintahanya kah?",Negatif,,,2026-02-25 19:46:39.483484+00:00,"Terlihat hampir di setiap akun pemerintahan jawa tengah komentarnya kebanyakan negatif,,menandakan sudah sangat jenuh masyarakat jawa tengah terhadap kinerja pemerintahanya kah?",Lainnya,Pemerintahan,Pekalongan/Pantura (G)
3749,3,,Instagram,Bola panas nya lempar ke pemerintah pusat ya ges ya,Negatif,,,2026-02-25 19:46:39.483484+00:00,Bola panas nya lempar ke pemerintah pusat ya ges ya,Lainnya,Pemerintahan,Pekalongan/Pantura (G)
2213,1,,TikTok,fungsi pemerintahan apa sih kalau rakyatnya menderita gini,Negatif,,,2026-02-25 19:46:39.483484+00:00,2-12,Beban Ekonomi,Pemerintahan,Pekalongan/Pantura (G)
931,1,,TikTok,"gubernur GK punya skil pemerintahan ,harusnya cari sumbet lain supaya beban rakyat tidak bertambah berat",Negatif,,,2026-02-25 19:46:39.483484+00:00,2-13,Beban Ekonomi,Pemerintahan,Pekalongan/Pantura (G)
427,1,,TikTok,Jateng dapat musibah dapat gubernur mantan kapolda yg hanya nunggu setoran dari anak buahnya,Negatif,,,2026-02-25 19:46:39.483484+00:00,1 m yang lalu,Lainnya,Pemerintahan,Pekalongan/Pantura (G)
2989,3,,Instagram,"Minta tlg  Bappenda Jateng share lampiran Peraturan Gubernur Jateng Nomor 23 Tahun 2025, supaya masyarakat bisa lihat kewajiban yg harus dibayarnya itu dihitung dr komponen apa saja.",Negatif,,,2026-02-25 19:46:39.483484+00:00,"Minta tlg  Bappenda Jateng share lampiran Peraturan Gubernur Jateng Nomor 23 Tahun 2025, supaya masyarakat bisa lihat kewajiban yg harus dibayarnya itu dihitung dr komponen apa saja.",Lainnya,Pemerintahan,Pekalongan/Pantura (G)
3285,3,,Instagram,"Minta tlg  Bappenda Jateng share lampiran Peraturan Gubernur Jateng Nomor 23 Tahun 2025, supaya masyarakat bisa lihat kewajiban yg harus dibayarnya itu dihitung dr komponen apa saja.",Negatif,,,2026-02-25 19:46:39.483484+00:00,"Minta tlg  Bappenda Jateng share lampiran Peraturan Gubernur Jateng Nomor 23 Tahun 2025, supaya masyarakat bisa lihat kewajiban yg harus dibayarnya itu dihitung dr komponen apa saja.",Lainnya,Pemerintahan,Pekalongan/Pantura (G)
3579,3,,Instagram,Gubernur jateng sopo yaa... sampe lali 😂,Negatif,,,2026-02-25 19:46:39.483484+00:00,Gubernur jateng sopo yaa... sampe lali 😂,Lainnya,Pemerintahan,Lainnya/Jateng
447,1,,TikTok,LENGSERKAN GUBERNUR JATENG !!,Negatif,,,2026-02-25 19:46:39.483484+00:00,2-12,Lainnya,Pemerintahan,Lainnya/Jateng
449,1,,TikTok,sudah saatnya kita warga Jateng melengserkan gubernur Jateng yg becus kerja,Negatif,,,2026-02-25 19:46:39.483484+00:00,2-12,Lainnya,Pemerintahan,Lainnya/Jateng
2515,1,,TikTok,serius di pegang gubernur Ahmad lutfi jateng jadi hancur.. tolong di evaluasi pak mendagri,Negatif,,,2026-02-25 19:46:39.483484+00:00,2-12,Lainnya,Pemerintahan,Lainnya/Jateng
453,1,,TikTok,jateng lgi apes punya gub begitu 😂😂😂,Negatif,,,2026-02-25 19:46:39.483484+00:00,2-12,Lainnya,Pemerintahan,Lainnya/Jateng
454,1,,TikTok,coba gubernur Jateng kaya gubernur jabar,Negatif,,,2026-02-25 19:46:39.483484+00:00,2-12,Lainnya,Pemerintahan,Lainnya/Jateng
459,1,,TikTok,"Gub,terbaik ,Jateng maju jogetin aja,",Negatif,,,2026-02-25 19:46:39.483484+00:00,2-12,Lainnya,Pemerintahan,Lainnya/Jateng
496,1,,TikTok,"lohhh Ono gubernure to Jateng Tek kira NDA punya ,nongol2 narik pajalk",Negatif,,,2026-02-25 19:46:39.483484+00:00,2-12,Lainnya,Pemerintahan,Lainnya/Jateng
513,1,,TikTok,gub jateng turunkan aja,Negatif,,,2026-02-25 19:46:39.483484+00:00,2-12,Lainnya,Pemerintahan,Lainnya/Jateng
609,1,,TikTok,Iso isone jateng due gubernur koyo ngene..🙉,Negatif,,,2026-02-25 19:46:39.483484+00:00,2-12,Lainnya,Pemerintahan,Lainnya/Jateng
705,1,,TikTok,klarifikasi gubernur jateng,Negatif,,,2026-02-25 19:46:39.483484+00:00,2-12,Lainnya,Pemerintahan,Lainnya/Jateng
745,1,,TikTok,turunkan gubernur...jateng,Negatif,,,2026-02-25 19:46:39.483484+00:00,2-12,Lainnya,Pemerintahan,Lainnya/Jateng
864,1,,TikTok,gubernur JATENG gk kreatif kalau gubernur JABAR kreatif ngonten tapi hasil ngonten bisa buat bantu warga jabar 👍👍👍,Negatif,,,2026-02-25 19:46:39.483484+00:00,2-13,Lainnya,Pemerintahan,Lainnya/Jateng
878,1,,TikTok,halo warga Jateng apahak setuju kalo gubernur jateng di ganti?,Negatif,,,2026-02-25 19:46:39.483484+00:00,2-13,Lainnya,Pemerintahan,Lainnya/Jateng
58,1,,TikTok,maaf..mungkin warga Jateng waktu milih gubernur ini apakah di iming imingi sesuatu??,Negatif,,,2026-02-25 19:46:39.483484+00:00,5 h yang lalu,Lainnya,Pemerintahan,Lainnya/Jateng
2261,1,,TikTok,sangat bangga yg memilih orang ini gub jateng,Negatif,,,2026-02-25 19:46:39.483484+00:00,2-12,Lainnya,Pemerintahan,Lainnya/Jateng
18,1,,TikTok,DEMO GEDEN. GULINGKAN GUBERNUR JATENG.YANG TIDAK BERPIHAK TERHADAP WARGA NYA,Negatif,,,2026-02-25 19:46:39.483484+00:00,2-13,Lainnya,Pemerintahan,Lainnya/Jateng
118,1,,TikTok,Warga jateng menyesal punya gubernur lufi,Negatif,,,2026-02-25 19:46:39.483484+00:00,2-12,Lainnya,Pemerintahan,Lainnya/Jateng
309,1,,TikTok,gubernur Jateng terbobrok dalam sejarah,Negatif,,,2026-02-25 19:46:39.483484+00:00,5 h yang lalu,Lainnya,Pemerintahan,Lainnya/Jateng
373,1,,TikTok,gubernur Jateng paling Ra becus,Negatif,,,2026-02-25 19:46:39.483484+00:00,6 h yang lalu,Lainnya,Pemerintahan,Lainnya/Jateng
433,1,,TikTok,Pilgub jateng opo seh suwe lur??,Negatif,,,2026-02-25 19:46:39.483484+00:00,2-13,Lainnya,Pemerintahan,Lainnya/Jateng
979,1,,TikTok,Opo salahe masyarakat jateng oleh gub iki 😇😇,Negatif,,,2026-02-25 19:46:39.483484+00:00,2-13,Lainnya,Pemerintahan,Lainnya/Jateng
2231,1,,TikTok,"gubernur jateng ra mutu,",Negatif,,,2026-02-25 19:46:39.483484+00:00,2-12,Lainnya,Pemerintahan,Lainnya/Jateng
2359,1,,TikTok,gubernur jateng terburuk,Negatif,,,2026-02-25 19:46:39.483484+00:00,2-12,Lainnya,Pemerintahan,Lainnya/Jateng
2575,2,,TikTok,"Gubernur ga kaya KDM , jateng ga ada yg bener gubernurnya",Negatif,,,2026-02-25 19:46:39.483484+00:00,1 h yang lalu,Lainnya,Pemerintahan,Lainnya/Jateng
2678,2,,TikTok,intinya warga jateng sudah tdk suka sama Gub. nya,Negatif,,,2026-02-25 19:46:39.483484+00:00,16 j yang lalu,Lainnya,Pemerintahan,Lainnya/Jateng
2901,2,,TikTok,"Jateng Gak nduwe gubernur
urip dewe",Negatif,,,2026-02-25 19:46:39.483484+00:00,1 h yang lalu,Lainnya,Pemerintahan,Lainnya/Jateng
3018,3,,Instagram,Gubernur Jateng namine sinten nggih?,Negatif,,,2026-02-25 19:46:39.483484+00:00,Gubernur Jateng namine sinten nggih?,Lainnya,Pemerintahan,Lainnya/Jateng
3228,3,,Instagram,Jateng rak dwe gubernur😂😂,Negatif,,,2026-02-25 19:46:39.483484+00:00,Jateng rak dwe gubernur😂😂,Lainnya,Pemerintahan,Lainnya/Jateng
3355,3,,Instagram,Pak  jateng lgi rame pak gmna ini gubernur nya😢,Negatif,,,2026-02-25 19:46:39.483484+00:00,Pak  jateng lgi rame pak gmna ini gubernur nya😢,Lainnya,Pemerintahan,Lainnya/Jateng
2546,2,,TikTok,Lagi ngerti iki wakil gubernur jateng,Negatif,,,2026-02-25 19:46:39.483484+00:00,2 h yang lalu,Lainnya,Pemerintahan,Lainnya/Jateng
2781,2,,TikTok,jabat wagub wes 2x kq Jateng rkno perubahan pak pak..ora malah Jateng dadi apik Mlah bosok.,Negatif,,,2026-02-25 19:46:39.483484+00:00,23 j yang lalu,Lainnya,Pemerintahan,Lainnya/Jateng
2920,2,,TikTok,"Tapi sumpah jateng berasa ga ada gubernur dan wagub...
Bisanya cuma neken sana neken sini",Negatif,,,2026-02-25 19:46:39.483484+00:00,1 h yang lalu,Lainnya,Pemerintahan,Lainnya/Jateng
2637,2,,TikTok,Jateng gebrakannya agak Laen. provinsi lain makin bagus kita makin meringis nggak sih,Negatif,,,2026-02-25 19:46:39.483484+00:00,5 j yang lalu,Lainnya,Pemerintahan,Lainnya/Jateng
3719,3,,Instagram,"ORA URUS KUWI MEH KEBIJAKAN SEKO PEMERINTAH PUSAT LAH, PROVINSI LAH, KOTA KABUPATEN LAH, MASYARAKAT ORA URUS! INTINE, KABEH KEBIJAKAN SING MARAI WARGA MASYARAKAT SENGSORO, WAJIB DIPROTES, WAJIB DITOLAK! NEK KOWE ASAL JAWAB IKI KEPUTUSANE PEMERINTAH PUSAT, YO TUGAS MU A, PROTES NEK KEBIJAKANE NGABOTKE RAKYAT, GUNA MU OPO FI, LUTHFI? NON INGGIH TOK KARO OWO, HA?! PARCOK RA ISO KERJO! DONG PORA WE HA!",Negatif,,,2026-02-25 19:46:39.483484+00:00,"ORA URUS KUWI MEH KEBIJAKAN SEKO PEMERINTAH PUSAT LAH, PROVINSI LAH, KOTA KABUPATEN LAH, MASYARAKAT ORA URUS! INTINE, KABEH KEBIJAKAN SING MARAI WARGA MASYARAKAT SENGSORO, WAJIB DIPROTES, WAJIB DITOLAK! NEK KOWE ASAL JAWAB IKI KEPUTUSANE PEMERINTAH PUSAT, YO TUGAS MU A, PROTES NEK KEBIJAKANE NGABOTKE RAKYAT, GUNA MU OPO FI, LUTHFI? NON INGGIH TOK KARO OWO, HA?! PARCOK RA ISO KERJO! DONG PORA WE HA!",Beban Ekonomi,Pemerintahan,Pekalongan/Pantura (G)
323,1,,TikTok,oh ini gubernur Jateng baru tahu,Negatif,,,2026-02-25 19:46:39.483484+00:00,5 h yang lalu,Lainnya,Pemerintahan,Pekalongan/Pantura (G)
461,1,,TikTok,"ini yg dulu dipilih warga Jateng yah...sangat bagus idenya...pasti banyak yg ""setuju""......😆",Negatif,,,2026-02-25 19:46:39.483484+00:00,2-12,Kekecewaan Politik,Pemerintahan,Lainnya/Jateng
3194,3,,Instagram,"Gubernur e. Etok etok orak krungu, gembor e rakyat Jateng. Setiap peraturan yang kalian keluarkan akan berdampak langsung kepada anak cucu kalian. Diatas tidak selamanya, dibawah tidak selamanya",Negatif,,,2026-02-25 19:46:39.483484+00:00,"Gubernur e. Etok etok orak krungu, gembor e rakyat Jateng. Setiap peraturan yang kalian keluarkan akan berdampak langsung kepada anak cucu kalian. Diatas tidak selamanya, dibawah tidak selamanya",Beban Ekonomi,Pemerintahan,Pekalongan/Pantura (G)
64,1,,TikTok,"gini ini kalau polisi jadi pemimpin , rakyat di pajakin terus, persiapan razia besar2an jateng",Negatif,,,2026-02-25 19:46:39.483484+00:00,2-12,Beban Ekonomi,Pemerintahan,Lainnya/Jateng
216,1,,TikTok,"UMR TERENDAH DI YAAA DI JAWA TENGAH, 😂🤣😅 AHHH SUNGGUH DI PERAS WARGA JATENG",Negatif,,,2026-02-25 19:46:39.483484+00:00,2 h yang lalu,Beban Ekonomi,Pemerintahan,Lainnya/Jateng
3117,3,,Instagram,Pegawe ne Bapenda Jateng butuh Gaji dan Tunjangan,Negatif,,,2026-02-25 19:46:39.483484+00:00,Pegawe ne Bapenda Jateng butuh Gaji dan Tunjangan,Lainnya,Pemerintahan,Lainnya/Jateng
29,1,,TikTok,Stop bayar pajak jateng,Negatif,,,2026-02-25 19:46:39.483484+00:00,2 h yang lalu,Lainnya,Pemerintahan,Lainnya/Jateng
125,1,,TikTok,"UMR PALING RENDAH, PAJAK PALING TINGGI…… ITULAH JATENG",Negatif,,,2026-02-25 19:46:39.483484+00:00,2-13,Lainnya,Pemerintahan,Lainnya/Jateng
458,1,,TikTok,mbok cari alternatif lain to pak pak ..jangan nekan rakyat ..UMR Ndak seberapa di Jateng,Netral,,,2026-02-25 19:46:39.483484+00:00,2-12,Beban Ekonomi,Pemerintahan,Solo Raya (AD)
2758,2,,TikTok,opsen hanya untuk Jateng 😂😂😂😂😂,Negatif,,,2026-02-25 19:46:39.483484+00:00,22 j yang lalu,Lainnya,Pemerintahan,Lainnya/Jateng
3095,3,,Instagram,"Iya tarif opsen yg menetapkan pusat, tp tarif pokok PKB yg menetapkan provinsi masing2. Buktinya pemprov DIY bisa, pokok PKBnya diturunkan jadi total ditambah opsen jumlahnya tetap sama waktu opsen belum ada",Negatif,,,2026-02-25 19:46:39.483484+00:00,"Iya tarif opsen yg menetapkan pusat, tp tarif pokok PKB yg menetapkan provinsi masing2. Buktinya pemprov DIY bisa, pokok PKBnya diturunkan jadi total ditambah opsen jumlahnya tetap sama waktu opsen belum ada",Lainnya,Pemerintahan,Lainnya/Jateng
3035,3,,Instagram,Kok iso opsen jateng ki luwih duwur teko daerah liyane?,Negatif,,,2026-02-25 19:46:39.483484+00:00,Kok iso opsen jateng ki luwih duwur teko daerah liyane?,Lainnya,Pemerintahan,Lainnya/Jateng
3478,3,,Instagram,"Sapuin aja min, admin juga orang jateng dan tau serta merasakan.",Negatif,,,2026-02-25 19:46:39.483484+00:00,"Sapuin aja min, admin juga orang jateng dan tau serta merasakan.",Lainnya,Pemerintahan,Lainnya/Jateng
3499,3,,Instagram,"Dalam skema baru UU HKPD:PKB tetap dipungut provinsiTapi ada opsen PKB untuk kabupaten/kotaOpsen ini ditetapkan dalam Perda Provinsi, bukan Perda kabupatenJadi alurnya:UU dari pusat → tentukan batas maksimalPemprov buat Perda → tentukan tarif PKB & opsennyaHasil opsen → dialokasikan ke kabupaten/kota",Negatif,,,2026-02-25 19:46:39.483484+00:00,"Dalam skema baru UU HKPD:PKB tetap dipungut provinsiTapi ada opsen PKB untuk kabupaten/kotaOpsen ini ditetapkan dalam Perda Provinsi, bukan Perda kabupatenJadi alurnya:UU dari pusat → tentukan batas maksimalPemprov buat Perda → tentukan tarif PKB & opsennyaHasil opsen → dialokasikan ke kabupaten/kota",Lainnya,Pemerintahan,Lainnya/Jateng
3595,3,,Instagram,"Mosok?? Jogja ndak ada opsen, sak indonesia mung jateng tertinggi.",Negatif,,,2026-02-25 19:46:39.483484+00:00,"Mosok?? Jogja ndak ada opsen, sak indonesia mung jateng tertinggi.",Lainnya,Pemerintahan,Lainnya/Jateng
46,1,,TikTok,"nilai kendaraan tiap tahun turun tp pajaknya tiap tahun makin melambung, opo njaluk di demo se Jateng wae nek ngene Iki bolo.",Negatif,,,2026-02-25 19:46:39.483484+00:00,2-12,Lainnya,Pemerintahan,Pekalongan/Pantura (G)
1037,1,,TikTok,"aturan mudah kalian sendiri yg bikin, dan rakyatlah yg hrs diperas seumur hidup.. pemerintahan kalian gagal dlm mengemban amanah rakyat🇮🇩🇮🇩🚨🚨🔥🔥",Negatif,,,2026-02-25 19:46:39.483484+00:00,1 m yang lalu,Beban Ekonomi,Pemerintahan,Pekalongan/Pantura (G)
138,1,,TikTok,"hapuskan opsen ! itu cara pemerintah cari dana, seperti berburu di kebun binatang !",Negatif,,,2026-02-25 19:46:39.483484+00:00,2-12,Lainnya,Pemerintahan,Pekalongan/Pantura (G)
1206,1,,TikTok,Di sini ada yg merasa di hutangi sama pemerintah Daerah.,Negatif,,,2026-02-25 19:46:39.483484+00:00,2-12,Lainnya,Pemerintahan,Pekalongan/Pantura (G)
3063,3,,Instagram,"Kenapa cuma DKI saja yang gak kena opsen? Opsen kenapa harus 66%, gak bisakah lebih manusiawi? Tahun 2025 kami sudah pernah mengangkat isu ini, tapi gak ada respon? Jateng itu UMP UMK terendah se Indonesia, mbuk ya mikir, katanya ngopeni, ini bukan ngopeni tapi dadi kompeni",Negatif,,,2026-02-25 19:46:39.483484+00:00,"Kenapa cuma DKI saja yang gak kena opsen? Opsen kenapa harus 66%, gak bisakah lebih manusiawi? Tahun 2025 kami sudah pernah mengangkat isu ini, tapi gak ada respon? Jateng itu UMP UMK terendah se Indonesia, mbuk ya mikir, katanya ngopeni, ini bukan ngopeni tapi dadi kompeni",Lainnya,Pemerintahan,Pekalongan/Pantura (G)
3611,3,,Instagram,"kasian bener pemda. yang bikin aturan pusat, yang kena tetep pemda. soal opsen, soal bpjs, soal apalagi?",Negatif,,,2026-02-25 19:46:39.483484+00:00,"kasian bener pemda. yang bikin aturan pusat, yang kena tetep pemda. soal opsen, soal bpjs, soal apalagi?",Lainnya,Pemerintahan,Lainnya/Jateng
3630,3,,Instagram,"Halo   bisa tolong diaudit atas kebijakan opsen kendaraan jateng, apakah sudah sesuai secara administrasi dan prosedural, mohon diinfokan hasilnya 🙏",Negatif,,,2026-02-25 19:46:39.483484+00:00,"Halo   bisa tolong diaudit atas kebijakan opsen kendaraan jateng, apakah sudah sesuai secara administrasi dan prosedural, mohon diinfokan hasilnya 🙏",Lainnya,Pemerintahan,Lainnya/Jateng
415,1,,TikTok,dijual semua saja KBM plat JATENG.....BELI yang plat luar Jateng.....setuju !!!!,Negatif,,,2026-02-25 19:46:39.483484+00:00,6 h yang lalu,Lainnya,Pemerintahan,Lainnya/Jateng
2994,3,,Instagram,"Bila ditentukan pusat kenapa jogja bisa jauh lebih rendah paduka,jatim juga",Negatif,,,2026-02-25 19:46:39.483484+00:00,"Bila ditentukan pusat kenapa jogja bisa jauh lebih rendah paduka,jatim juga",Lainnya,Pemerintahan,Solo Raya (AD)
63,1,,TikTok,jangan melihat gabener jateng dari sisi negatifnya saja. padahal sisi positifnya saja tidak ada.,Negatif,,,2026-02-25 19:46:39.483484+00:00,2-12,Lainnya,Pemerintahan,Lainnya/Jateng
218,1,,TikTok,Nasibmu jadi warga Jateng. termasuk aku! 🤣,Negatif,,,2026-02-25 19:46:39.483484+00:00,2 h yang lalu,Lainnya,Pemerintahan,Lainnya/Jateng
376,1,,TikTok,remuk jatengku,Negatif,,,2026-02-25 19:46:39.483484+00:00,6 h yang lalu,Lainnya,Pemerintahan,Lainnya/Jateng
437,1,,TikTok,"jateng.... jabar
bedanya apa😂",Negatif,,,2026-02-25 19:46:39.483484+00:00,2-13,Lainnya,Pemerintahan,Lainnya/Jateng
444,1,,TikTok,pk ndelok warga jateng ono gerakane ora,Negatif,,,2026-02-25 19:46:39.483484+00:00,2-12,Lainnya,Pemerintahan,Lainnya/Jateng
451,1,,TikTok,mundur ae gawe jateng ra maju kakean pola,Negatif,,,2026-02-25 19:46:39.483484+00:00,2-12,Lainnya,Pemerintahan,Lainnya/Jateng
460,1,,TikTok,yo di nepalkan jateng,Negatif,,,2026-02-25 19:46:39.483484+00:00,2-12,Lainnya,Pemerintahan,Lainnya/Jateng
503,1,,TikTok,jateng gayeng. .=gayeng mumet e🤣,Negatif,,,2026-02-25 19:46:39.483484+00:00,2-12,Lainnya,Pemerintahan,Lainnya/Jateng
2904,2,,TikTok,Jateng puyeng,Negatif,,,2026-02-25 19:46:39.483484+00:00,1 h yang lalu,Lainnya,Pemerintahan,Lainnya/Jateng
2982,3,,Instagram,JATENG GAYENG ❌ JATENG NGGLIYENG ✅,Negatif,,,2026-02-25 19:46:39.483484+00:00,JATENG GAYENG ❌ JATENG NGGLIYENG ✅,Lainnya,Pemerintahan,Lainnya/Jateng
3326,3,,Instagram,Jateng wes koyo israel isine gawe sengsoro tok,Negatif,,,2026-02-25 19:46:39.483484+00:00,Jateng wes koyo israel isine gawe sengsoro tok,Lainnya,Pemerintahan,Lainnya/Jateng
533,1,,TikTok,nepalkan gubernur jateng lutfi!,Negatif,,,2026-02-25 19:46:39.483484+00:00,2-12,Lainnya,Pemerintahan,Lainnya/Jateng
38,1,,TikTok,gubernur jateng ora mutu....kalah set Karo gubernur Jawa barat....sehat2 kang Dedy mulyadi,Negatif,,,2026-02-25 19:46:39.483484+00:00,2-12,Lainnya,Pemerintahan,Lainnya/Jateng
87,1,,TikTok,dasar nya gubernur Jateng pengen dompet nya tebal,Negatif,,,2026-02-25 19:46:39.483484+00:00,1 h yang lalu,Lainnya,Pemerintahan,Lainnya/Jateng
342,1,,TikTok,Prasaan pajak bertaun2 dapet apa sih jateng?....,Negatif,,,2026-02-25 19:46:39.483484+00:00,5 h yang lalu,Lainnya,Pemerintahan,Lainnya/Jateng
1817,1,,TikTok,birokrasi bayar pajak di Jateng ribed,Negatif,,,2026-02-25 19:46:39.483484+00:00,2-12,Lainnya,Pemerintahan,Lainnya/Jateng
3424,3,,Instagram,Hapus opsen pajak.. klau nggak mau di hpus.. masyarakat Jateng tidak mau bayar pajak.. 🙌🙌,Negatif,,,2026-02-25 19:46:39.483484+00:00,Hapus opsen pajak.. klau nggak mau di hpus.. masyarakat Jateng tidak mau bayar pajak.. 🙌🙌,Lainnya,Pemerintahan,Lainnya/Jateng
481,1,,TikTok,"Jateng kakean utang,terus rakyat Kon mbayar",Negatif,,,2026-02-25 19:46:39.483484+00:00,2-12,Beban Ekonomi,Pemerintahan,Lainnya/Jateng
386,1,,TikTok,negara kaya ko rakyat di pajak in 😁😁😁😁😁,Negatif,,,2026-02-25 19:46:39.483484+00:00,6 h yang lalu,Beban Ekonomi,Pemerintahan,Lainnya/Jateng
52,1,,TikTok,penjajahan dibalik topeng pemerintahan,Negatif,,,2026-02-25 19:46:39.483484+00:00,2 h yang lalu,Lainnya,Pemerintahan,Pekalongan/Pantura (G)
231,1,,TikTok,gaji jajaran pemerintahan aja di potong,Negatif,,,2026-02-25 19:46:39.483484+00:00,3 h yang lalu,Lainnya,Pemerintahan,Pekalongan/Pantura (G)
279,1,,TikTok,"aturan apa, emang selama ini pemerintah kita ngikuti peraturan apa.... penegak hukum ja melanggar hukum dan menggunakan seragam mereka buat senjata kekuasaan",Negatif,,,2026-02-25 19:46:39.483484+00:00,4 h yang lalu,Lainnya,Pemerintahan,Pekalongan/Pantura (G)
2983,3,,Instagram,UMR JATENG paling kecil se JAWA..kalian enak PNS..gaji +bonus ngalir .lah kita yang buruh biasa gimana???mikirlah.. nglakoni apane jendral???,Negatif,,,2026-02-25 19:46:39.483484+00:00,UMR JATENG paling kecil se JAWA..kalian enak PNS..gaji +bonus ngalir .lah kita yang buruh biasa gimana???mikirlah.. nglakoni apane jendral???,Lainnya,Pemerintahan,Pekalongan/Pantura (G)
2907,2,,TikTok,woiiiii jateng darurat pemimpin kowe ngedi wae. ojo sarungan turu wae,Negatif,,,2026-02-25 19:46:39.483484+00:00,1 h yang lalu,Lainnya,Pemerintahan,Solo Raya (AD)
796,1,,TikTok,"warga jateng ojo tuku montor plat jateng,pajeke nguaaawwuurrr tenan, luuarange dak umum menungso😅",Negatif,,,2026-02-25 19:46:39.483484+00:00,6 h yang lalu,Lainnya,Pemerintahan,Lainnya/Jateng
2377,1,,TikTok,"di konten cak Sholeh saat wawancara dgn mantan anggota DPRD di Jatim, gub Jatim dapat insentif dr pajak kendaraan bermotor sekitar 1,7m / bln wakil gub dapat 600jtan , mudah mudahan gub Jateng gak spt itu.",Negatif,,,2026-02-25 19:46:39.483484+00:00,2-12,Lainnya,Pemerintahan,Pekalongan/Pantura (G)
873,1,,TikTok,"bukan salah dia
salah warga Jateng yang memilihnya😏",Netral,,,2026-02-25 19:46:39.483484+00:00,2-13,Lainnya,Pemerintahan,Lainnya/Jateng
25,1,,TikTok,"jateng dari segi ekonomi lemah, umr aja murah, bayar pajak mahal, di mana nurani nya",Negatif,,,2026-02-25 19:46:39.483484+00:00,2 h yang lalu,Beban Ekonomi,Pemerintahan,Pekalongan/Pantura (G)
2586,2,,TikTok,Jateng apes tak ada perubahan bila dibandingkan dengan Jawa Barat,Netral,,,2026-02-25 19:46:39.483484+00:00,1 h yang lalu,Lainnya,Pemerintahan,Lainnya/Jateng
1835,1,,TikTok,"arep bayar pajak ga sesuai identitas diangel angel, giliran arep bayar pajeke mundak ga umum, UMR mundak yo ga sepiro, lha piye masyarakat jateng kon tertib bayar pajek, masuk akal opo ora",Negatif,,,2026-02-25 19:46:39.483484+00:00,2-12,Beban Ekonomi,Pemerintahan,Lainnya/Jateng
2891,2,,TikTok,PEMERINTAH TIDAK PERNAH TRANSPARAN DARI HASIL PAJAK...,Negatif,,,2026-02-25 19:46:39.483484+00:00,1 h yang lalu,Lainnya,Pemerintahan,Pekalongan/Pantura (G)
2134,1,,TikTok,ayo demo rame2 tuntut penurunan pajak opsen khususnya di jateng,Negatif,,,2026-02-25 19:46:39.483484+00:00,2-12,Lainnya,Pemerintahan,Lainnya/Jateng
3154,3,,Instagram,Bubar wae jateng .. umr cilik ntek nggo bayar pajek,Negatif,,,2026-02-25 19:46:39.483484+00:00,Bubar wae jateng .. umr cilik ntek nggo bayar pajek,Lainnya,Pemerintahan,Lainnya/Jateng
3317,3,,Instagram,"STOP BAYAR PAJAK , BIAR JATENG RUNGKAD",Negatif,,,2026-02-25 19:46:39.483484+00:00,"STOP BAYAR PAJAK , BIAR JATENG RUNGKAD",Lainnya,Pemerintahan,Lainnya/Jateng
2365,1,,TikTok,"negara Indonesia SDH kaya sebenarnya, kenapa hrs bayar pajak pk",Negatif,,,2026-02-25 19:46:39.483484+00:00,2-12,Lainnya,Pemerintahan,Solo Raya (AD)
429,1,,TikTok,"nggak usah demo,,seluruh Jateng nggak bayar pajak saja dah beresss",Negatif,,,2026-02-25 19:46:39.483484+00:00,1 m yang lalu,Lainnya,Pemerintahan,Kedu (AA)
436,1,,TikTok,bayar pajak ga utang kok Jateng punya utang,Negatif,,,2026-02-25 19:46:39.483484+00:00,2-13,Lainnya,Pemerintahan,Lainnya/Jateng
782,1,,TikTok,tolak bayar pajak kendaraan di jateng,Negatif,,,2026-02-25 19:46:39.483484+00:00,1 m yang lalu,Lainnya,Pemerintahan,Lainnya/Jateng
905,1,,TikTok,"kalau bisa opsen kecamatan,,30%
desa20% biar sama2 sejahtera,,,,
biar semua pejabat bisa merasakan pajak bersama2,,, tidak hanya pusat saja",Negatif,,,2026-02-25 19:46:39.483484+00:00,2-13,Lainnya,Pemerintahan,Lainnya/Jateng
952,1,,TikTok,beruntung bgt warga Jateng.. sampai pajak aja di perhatikan..,Negatif,,,2026-02-25 19:46:39.483484+00:00,2-13,Lainnya,Pemerintahan,Lainnya/Jateng
1330,1,,TikTok,"apa penghasilan negara cuma pajak.ya....koq asyik pajak,pajak,dan pajak...",Negatif,,,2026-02-25 19:46:39.483484+00:00,2-12,Lainnya,Pemerintahan,Lainnya/Jateng
1926,1,,TikTok,yo warga jateng kompak gk byr pajak,Negatif,,,2026-02-25 19:46:39.483484+00:00,2-12,Lainnya,Pemerintahan,Lainnya/Jateng
1962,1,,TikTok,langsung turun aja kalo apa apa dibebankan kepada masyarakat. harusnya bisa mengelola kekayaan alam Jateng wisata kuliner . bukan patungan pajak terus,Negatif,,,2026-02-25 19:46:39.483484+00:00,2-12,Lainnya,Pemerintahan,Lainnya/Jateng
2018,1,,TikTok,ayo masyarakat Jateng rame rame tidak bayar pajak 👍,Negatif,,,2026-02-25 19:46:39.483484+00:00,2-12,Lainnya,Pemerintahan,Lainnya/Jateng
2075,1,,TikTok,semakin menjerit Jateng gara2 pajak,Negatif,,,2026-02-25 19:46:39.483484+00:00,2-12,Lainnya,Pemerintahan,Lainnya/Jateng
2076,1,,TikTok,"karawang bekasi jakarta tangerang UMR 5-7jutaan,, Jateng UMR rendah pajak tinggi",Negatif,,,2026-02-25 19:46:39.483484+00:00,2-12,Lainnya,Pemerintahan,Lainnya/Jateng
2442,1,,TikTok,bayar pajak 🤣🤣🤣 sesuatu yang aneh di negara ini 😁😁😁😁🤣🤣🤣😂😂,Negatif,,,2026-02-25 19:46:39.483484+00:00,2-12,Lainnya,Pemerintahan,Lainnya/Jateng
2486,1,,TikTok,ayo warga Jateng kompak GK usah byr pajak.,Negatif,,,2026-02-25 19:46:39.483484+00:00,2-12,Lainnya,Pemerintahan,Lainnya/Jateng
2713,2,,TikTok,"STOP PAJAK
JATENG ,!!",Negatif,,,2026-02-25 19:46:39.483484+00:00,20 j yang lalu,Lainnya,Pemerintahan,Lainnya/Jateng
2782,2,,TikTok,"Halah g usah byr pajak....lgian byr pajak ,jln Jateng aj masih bosok",Negatif,,,2026-02-25 19:46:39.483484+00:00,23 j yang lalu,Lainnya,Pemerintahan,Lainnya/Jateng
2834,2,,TikTok,"Beli kendaraan di luar jateng saja,mungkin di Jabar biar pajak masuk ke sana😁",Negatif,,,2026-02-25 19:46:39.483484+00:00,1 h yang lalu,Lainnya,Pemerintahan,Lainnya/Jateng
2906,2,,TikTok,"Halah gedabrus, untuk warga Jateng dengan anda tidak membayar pajak Anda telah menyelamatkan para pejabat koruptor di Jawa Tengah",Negatif,,,2026-02-25 19:46:39.483484+00:00,1 h yang lalu,Lainnya,Pemerintahan,Lainnya/Jateng
874,1,,TikTok,"sing utang pemprov, sing bayar rakyat seko pajak..",Negatif,,,2026-02-25 19:46:39.483484+00:00,2-13,Beban Ekonomi,Pemerintahan,Lainnya/Jateng
2593,2,,TikTok,Jateng taon 2029 kt calon kan kades hoho aja jgn dr keyai atau mantan aparat ga ada yg bisa kerja kl mantan aparat,Negatif,,,2026-02-25 19:46:39.483484+00:00,4 j yang lalu,Lainnya,Pemerintahan,Pekalongan/Pantura (G)
520,1,,TikTok,"Mbolak mbalik kok rakyat sing sengsara.....dhuwit pajek dikorupsi pejabat mnh....bener ora ya? wis mbayar pajek, urusan negara, urusan polisi apa meneh, rakyat dijaluki dhuwit.....dadi pejabat mbok sing amanah pak....pak. rakyat aja dadi kesetmu🙏",Negatif,,,2026-02-25 19:46:39.483484+00:00,2-12,Beban Ekonomi,Pemerintahan,Pekalongan/Pantura (G)
622,1,,TikTok,"lah KLO punya piutang pajak justru pajaknya di perkecil biar warganya pada bayar pajak, kurangnya nyari dong penghasilan daerah diluar pajak
gunannya pemerintah kan buat nyari solusi,percuma dong KLO masalah dilempar ke rakyat lagi",Negatif,,,2026-02-25 19:46:39.483484+00:00,2-13,Beban Ekonomi,Pemerintahan,Pekalongan/Pantura (G)
526,1,,TikTok,pajak gede tp Jateng g berkembang sama skli.. mana UMR jg kecil,Negatif,,,2026-02-25 19:46:39.483484+00:00,2-12,Lainnya,Pemerintahan,Pekalongan/Pantura (G)
750,1,,TikTok,AQ pomo ngentot konangan pemerintah mesti keno pajak 🤭🤭,Negatif,,,2026-02-25 19:46:39.483484+00:00,2-12,Lainnya,Pemerintahan,Pekalongan/Pantura (G)
1045,1,,TikTok,mantap kalau Jateng stop byr pajakse7banget,Negatif,,,2026-02-25 19:46:39.483484+00:00,1 m yang lalu,Lainnya,Pemerintahan,Pekalongan/Pantura (G)
1398,1,,TikTok,g usah byar pajak . per 5 tahun motor atau mobil jual . beli lagi. gtu aja trus. biar pemerintahan g bisa foya2. krna pendptan pemerintahan tertinggi itu hnya dari pajak.,Negatif,,,2026-02-25 19:46:39.483484+00:00,2-12,Lainnya,Pemerintahan,Pekalongan/Pantura (G)
2413,1,,TikTok,knapa kita sdah bayar pajak motor kok punya hutang itu pemerintah,Negatif,,,2026-02-25 19:46:39.483484+00:00,2-12,Lainnya,Pemerintahan,Pekalongan/Pantura (G)
2996,3,,Instagram,Kang  lan bapak  . Bukannya 2025 penerimaan realisasi pajak kendaraan Jateng iku wis minim / rendah ya secara jumlah pembayar pajak. Kalian apa nda mikir? Kenapa kok jumlah pembayar pajak nya rendah begitu. Bukanne malah di gass? Ok gass?,Negatif,,,2026-02-25 19:46:39.483484+00:00,Kang  lan bapak  . Bukannya 2025 penerimaan realisasi pajak kendaraan Jateng iku wis minim / rendah ya secara jumlah pembayar pajak. Kalian apa nda mikir? Kenapa kok jumlah pembayar pajak nya rendah begitu. Bukanne malah di gass? Ok gass?,Lainnya,Pemerintahan,Solo Raya (AD)
3007,3,,Instagram,"jane sadar po ra jateng ump terendah sak indonesia, sosone pajek e ugal2an",Negatif,,,2026-02-25 19:46:39.483484+00:00,"jane sadar po ra jateng ump terendah sak indonesia, sosone pajek e ugal2an",Lainnya,Pemerintahan,Lainnya/Jateng
3008,3,,Instagram,"jateng password nya = umrPAJAK, umr kecil pajaknya gede😂",Negatif,,,2026-02-25 19:46:39.483484+00:00,"jateng password nya = umrPAJAK, umr kecil pajaknya gede😂",Lainnya,Pemerintahan,Lainnya/Jateng
3141,3,,Instagram,Seluruh Indonesia tapi kok yg koar2 cuma di Jateng lainnya pada diam berarti gmna nih ... Kira2 DPR pajak di tanggung sendiri apa negara ..? Tanya serius,Negatif,,,2026-02-25 19:46:39.483484+00:00,Seluruh Indonesia tapi kok yg koar2 cuma di Jateng lainnya pada diam berarti gmna nih ... Kira2 DPR pajak di tanggung sendiri apa negara ..? Tanya serius,Lainnya,Pemerintahan,Lainnya/Jateng
3744,3,,Instagram,Pajak kok doble...pajak pusat karo pajak provinsi...aturan opo kui...rk mutu blasss..,Negatif,,,2026-02-25 19:46:39.483484+00:00,Pajak kok doble...pajak pusat karo pajak provinsi...aturan opo kui...rk mutu blasss..,Lainnya,Pemerintahan,Lainnya/Jateng
3143,3,,Instagram,"coba kamu baca lagi pasal 83 UU HKPD. Emang ada disitu ditulis ""paling tinggi""? Tarif opsen ditetapkan 66% dari pajak terutang, dan itu ketetapan dr pemerintah pusat..",Negatif,,,2026-02-25 19:46:39.483484+00:00,"coba kamu baca lagi pasal 83 UU HKPD. Emang ada disitu ditulis ""paling tinggi""? Tarif opsen ditetapkan 66% dari pajak terutang, dan itu ketetapan dr pemerintah pusat..",Lainnya,Pemerintahan,Pekalongan/Pantura (G)
3775,3,,Instagram,"Bayar pajak dipermudah dong, tinggal klik dari hand phone aja, masa kalah sama yg di luar jateng",Negatif,,,2026-02-25 19:46:39.483484+00:00,"Bayar pajak dipermudah dong, tinggal klik dari hand phone aja, masa kalah sama yg di luar jateng",Lainnya,Pemerintahan,Lainnya/Jateng
3905,3,,Instagram,NEKA NDUE UTEK JANE DINGGO MIKER ...UMR GUR 2JT PAJEK MOK UNDAKNO NEMEN...MENGKO LEK DORA MBAYAR PAJEK KOAR2..ILINGO JATENG IKI UMR POL CILEK SAK INDONESIA,Negatif,,,2026-02-25 19:46:39.483484+00:00,NEKA NDUE UTEK JANE DINGGO MIKER ...UMR GUR 2JT PAJEK MOK UNDAKNO NEMEN...MENGKO LEK DORA MBAYAR PAJEK KOAR2..ILINGO JATENG IKI UMR POL CILEK SAK INDONESIA,Lainnya,Pemerintahan,Lainnya/Jateng
55,1,,TikTok,masyarakat bayar pajak tanpa KTP asli tapi klo lewat calo koq ISO pak????? kui dijawab sek sing jelas...di semua Samsat Jateng seperti itu!!,Negatif,,,2026-02-25 19:46:39.483484+00:00,2-12,Lainnya,Pemerintahan,Lainnya/Jateng
2271,1,,TikTok,"motor mobil baru pajak 40% masuk negara bener ga sih? trus 1th 1x pajak, 5thn ganti plat, klo ga ganti pemilik np ganti plat?",Negatif,,,2026-02-25 19:46:39.483484+00:00,2-12,Lainnya,Pemerintahan,Lainnya/Jateng
3416,3,,Instagram,Beda banget sama negara tetangga ya.. di sana gk ribet & murah pajaknya Mereka liat berita ini ketawa” 😂😂😂,Negatif,,,2026-02-25 19:46:39.483484+00:00,Beda banget sama negara tetangga ya.. di sana gk ribet & murah pajaknya Mereka liat berita ini ketawa” 😂😂😂,Lainnya,Pemerintahan,Lainnya/Jateng
3096,3,,Instagram,Kenapa kalo uud nasional yang menjerit hanya warga jateng saja pak soal pajak😢,Negatif,,,2026-02-25 19:46:39.483484+00:00,Kenapa kalo uud nasional yang menjerit hanya warga jateng saja pak soal pajak😢,Lainnya,Pemerintahan,Solo Raya (AD)
3002,3,,Instagram,BAYAR PAJAK untuk warga jateng Selama Presidennya masih prabowo dan Gubernurnya Lutfi,Negatif,,,2026-02-25 19:46:39.483484+00:00,BAYAR PAJAK untuk warga jateng Selama Presidennya masih prabowo dan Gubernurnya Lutfi,Lainnya,Pemerintahan,Lainnya/Jateng
3429,3,,Instagram,"Daerah lain bisa kok, kenapa Jateng ga bisa? Kenapa ga wani? UMR lho dominan rendah di jayeng, Masa pajaknya lebih tinggi dari daerah lain kan lucu.  coba buka komponen pendapatan daerah seluruhnya, masih banyak sektor yg belum optimal pasti",Negatif,,,2026-02-25 19:46:39.483484+00:00,"Daerah lain bisa kok, kenapa Jateng ga bisa? Kenapa ga wani? UMR lho dominan rendah di jayeng, Masa pajaknya lebih tinggi dari daerah lain kan lucu.  coba buka komponen pendapatan daerah seluruhnya, masih banyak sektor yg belum optimal pasti",Lainnya,Pemerintahan,Solo Raya (AD)
2285,1,,TikTok,di demo besar besaran saja pajak Mulu yang di tinggikan turunkan gub jateng,Negatif,,,2026-02-25 19:46:39.483484+00:00,2-12,Lainnya,Pemerintahan,Lainnya/Jateng
3274,3,,Instagram,"Udah terlanjur!!! Awal tahun udah bayar pajak mobil 5 tahunan ditambah opsen, berasa dipalak pemerintah. Sekarang mau bikin program diskon, gak mempan. Usaha lagi manis! Masyarakat tidak bodoh.",Negatif,,,2026-02-25 19:46:39.483484+00:00,"Udah terlanjur!!! Awal tahun udah bayar pajak mobil 5 tahunan ditambah opsen, berasa dipalak pemerintah. Sekarang mau bikin program diskon, gak mempan. Usaha lagi manis! Masyarakat tidak bodoh.",Lainnya,Pemerintahan,Pekalongan/Pantura (G)
3252,3,,Instagram,"Bumi gonjang ganjing, bapenda jateng memang?",Negatif,,,2026-02-25 19:46:39.483484+00:00,"Bumi gonjang ganjing, bapenda jateng memang?",Lainnya,Pemerintahan,Pekalongan/Pantura (G)
2538,2,,TikTok,Oraaaa sudi bayarrre PAJAK #BOIKOTPAJAK SAMPAI GANTI GUBERNUR. PAJAK HANYA UNTUK MEMPERKAYA PEJABATNYA SAJA. Rakyat yg bayar pajak malah pejabat yg dapat bonus dari insentif pajak. Negara sudah terlanjur Bobrokkkkkk. Ben pejabatnya kalireennn... Ben pejabatnya pinter cari sumber dana lain selain dgn cara memeras rakyatnya sendiri melalui pajak..,Negatif,,,2026-02-25 19:46:39.483484+00:00,4 j yang lalu,Beban Ekonomi,Pemerintahan,Lainnya/Jateng
3896,3,,Instagram,"jateng paling lawak, gubernur gaib, pajak gede, bencana slow respon iyuh",Negatif,,,2026-02-25 19:46:39.483484+00:00,"jateng paling lawak, gubernur gaib, pajak gede, bencana slow respon iyuh",Lainnya,Pemerintahan,Solo Raya (AD)
300,1,,TikTok,"ojo aturan wae seng mbok bahasss dalan""di benahi rumah sakit lapangan kerjo ndang di benahii",Negatif,,,2026-02-25 19:46:39.483484+00:00,4 h yang lalu,Infrastruktur,Pemerintahan,Solo Raya (AD)
1181,1,,TikTok,kakean aturan sampek programmu gak ada yang jalan,Negatif,,,2026-02-25 19:46:39.483484+00:00,2-12,Infrastruktur,Pemerintahan,Lainnya/Jateng
1271,1,,TikTok,Lampu penerangan jalan aja mati semua !!!,Negatif,,,2026-02-25 19:46:39.483484+00:00,2-12,Infrastruktur,Nasib Rakyat / Kesejahteraan,Lainnya/Jateng
1675,1,,TikTok,"ampon rakyat truss pakk yng di tekan, jaln saja bnyak yng rusak kok pak, apa apa kok rakyat",Negatif,,,2026-02-25 19:46:39.483484+00:00,2-12,Infrastruktur,Nasib Rakyat / Kesejahteraan,Lainnya/Jateng
2585,2,,TikTok,"gk usah mbayar pjk ,dalane rusak kabeh",Negatif,,,2026-02-25 19:46:39.483484+00:00,1 h yang lalu,Infrastruktur,Institusi (Bapenda/Samsat),Lainnya/Jateng
3908,3,,Instagram,ciri khas pemerintah Indonesia saling lempar tanggung jawab wkwk,Negatif,,,2026-02-25 19:46:39.483484+00:00,ciri khas pemerintah Indonesia saling lempar tanggung jawab wkwk,Lainnya,Pemerintahan,Pekalongan/Pantura (G)
824,1,,TikTok,aturan bayar cepet. aturan jalan lu mana,Negatif,,,2026-02-25 19:46:39.483484+00:00,6 h yang lalu,Infrastruktur,Pemerintahan,Pekalongan/Pantura (G)
1896,1,,TikTok,"emang dasare gak punya akal,, bisane meres rakyate,, kebiasaan dijalan",Negatif,,,2026-02-25 19:46:39.483484+00:00,2-12,Infrastruktur,Nasib Rakyat / Kesejahteraan,Pekalongan/Pantura (G)
2422,1,,TikTok,"seharusnya bisa lihat Jawatengah ini LG kena musibah banjir tanah longsor di mana""",Negatif,,,2026-02-25 19:46:39.483484+00:00,2-12,Infrastruktur,Lainnya,Pekalongan/Pantura (G)
939,1,,TikTok,tapi jalan rusak GK ada tindakan pk,Negatif,,,2026-02-25 19:46:39.483484+00:00,2-13,Infrastruktur,Lainnya,Lainnya/Jateng
955,1,,TikTok,dalan jeporo orak bakal apek selawase,Negatif,,,2026-02-25 19:46:39.483484+00:00,2-13,Infrastruktur,Lainnya,Lainnya/Jateng
1107,1,,TikTok,dalan rusak ra tau di dandani tapi karepe pajeg munggah .. 😂😂😂😂,Negatif,,,2026-02-25 19:46:39.483484+00:00,2-13,Infrastruktur,Lainnya,Lainnya/Jateng
1141,1,,TikTok,jawa tengah lagi berduka di landa banjir ehh bpk bpk,Negatif,,,2026-02-25 19:46:39.483484+00:00,1 m yang lalu,Infrastruktur,Lainnya,Lainnya/Jateng
1635,1,,TikTok,rusak,Negatif,,,2026-02-25 19:46:39.483484+00:00,2-12,Infrastruktur,Lainnya,Lainnya/Jateng
1787,1,,TikTok,jalan rusak,Negatif,,,2026-02-25 19:46:39.483484+00:00,2-12,Infrastruktur,Lainnya,Lainnya/Jateng
1810,1,,TikTok,aspal e mulus pak?,Negatif,,,2026-02-25 19:46:39.483484+00:00,2-12,Infrastruktur,Lainnya,Lainnya/Jateng
1929,1,,TikTok,"🤣🤣banjir banjir
..jalan..rusak 😂😂🙏🤣",Negatif,,,2026-02-25 19:46:39.483484+00:00,2-12,Infrastruktur,Lainnya,Lainnya/Jateng
1939,1,,TikTok,DALANE BOSOK..,Negatif,,,2026-02-25 19:46:39.483484+00:00,2-12,Infrastruktur,Lainnya,Lainnya/Jateng
1940,1,,TikTok,banjir .......jln....rusak ...kdm.👍👍👌🤣,Negatif,,,2026-02-25 19:46:39.483484+00:00,2-12,Infrastruktur,Lainnya,Lainnya/Jateng
2060,1,,TikTok,dalane di dadanne sek dong pak,Negatif,,,2026-02-25 19:46:39.483484+00:00,2-12,Infrastruktur,Lainnya,Lainnya/Jateng
2109,1,,TikTok,andalan jurusnya rapat,Negatif,,,2026-02-25 19:46:39.483484+00:00,2-12,Infrastruktur,Lainnya,Lainnya/Jateng
2135,1,,TikTok,"PARIku kebanjiran pak...
nunggak sek.... 😂😂😂",Negatif,,,2026-02-25 19:46:39.483484+00:00,2-12,Infrastruktur,Lainnya,Lainnya/Jateng
2223,1,,TikTok,jalannya banyak yg rusak,Negatif,,,2026-02-25 19:46:39.483484+00:00,2-12,Infrastruktur,Lainnya,Lainnya/Jateng
2303,1,,TikTok,"beginilah klo salah jalan,,,",Negatif,,,2026-02-25 19:46:39.483484+00:00,2-12,Infrastruktur,Lainnya,Lainnya/Jateng
2363,1,,TikTok,siap siap turun kejalan,Negatif,,,2026-02-25 19:46:39.483484+00:00,2-12,Infrastruktur,Lainnya,Lainnya/Jateng
2658,2,,TikTok,anti pajK karena jalan masih rusak,Negatif,,,2026-02-25 19:46:39.483484+00:00,10 j yang lalu,Infrastruktur,Lainnya,Lainnya/Jateng
2723,2,,TikTok,dalane dandani karo dirawat pak,Negatif,,,2026-02-25 19:46:39.483484+00:00,20 j yang lalu,Infrastruktur,Lainnya,Lainnya/Jateng
3085,3,,Instagram,Jalan provinsi kondisinya parah pak,Negatif,,,2026-02-25 19:46:39.483484+00:00,Jalan provinsi kondisinya parah pak,Infrastruktur,Lainnya,Lainnya/Jateng
3132,3,,Instagram,Dalan elek kabehhhhh,Negatif,,,2026-02-25 19:46:39.483484+00:00,Dalan elek kabehhhhh,Infrastruktur,Lainnya,Lainnya/Jateng
3136,3,,Instagram,Timbal baliknya apa?jalanan masih rusak,Negatif,,,2026-02-25 19:46:39.483484+00:00,Timbal baliknya apa?jalanan masih rusak,Infrastruktur,Lainnya,Lainnya/Jateng
3270,3,,Instagram,Dalane bolong kabeh,Negatif,,,2026-02-25 19:46:39.483484+00:00,Dalane bolong kabeh,Infrastruktur,Lainnya,Lainnya/Jateng
3321,3,,Instagram,"PARAH WES PARAAAAHHHHHHH, pek menange dewe, dalan gawe proyek abadi",Negatif,,,2026-02-25 19:46:39.483484+00:00,"PARAH WES PARAAAAHHHHHHH, pek menange dewe, dalan gawe proyek abadi",Infrastruktur,Lainnya,Lainnya/Jateng
3374,3,,Instagram,", Dalan bosok",Negatif,,,2026-02-25 19:46:39.483484+00:00,", Dalan bosok",Infrastruktur,Lainnya,Lainnya/Jateng
3454,3,,Instagram,dalan e bosokkkk,Negatif,,,2026-02-25 19:46:39.483484+00:00,dalan e bosokkkk,Infrastruktur,Lainnya,Lainnya/Jateng
3456,3,,Instagram,Minimal dalan e gak ajur,Negatif,,,2026-02-25 19:46:39.483484+00:00,Minimal dalan e gak ajur,Infrastruktur,Lainnya,Lainnya/Jateng
3474,3,,Instagram,Minimal dalanmu alus lah,Negatif,,,2026-02-25 19:46:39.483484+00:00,Minimal dalanmu alus lah,Infrastruktur,Lainnya,Lainnya/Jateng
3547,3,,Instagram,Dalane kae lo wes akeh korban mergo dalan e jeglong kabeh,Negatif,,,2026-02-25 19:46:39.483484+00:00,Dalane kae lo wes akeh korban mergo dalan e jeglong kabeh,Infrastruktur,Lainnya,Lainnya/Jateng
3602,3,,Instagram,"Klau untuk pembangunan jalan gpp lah,",Negatif,,,2026-02-25 19:46:39.483484+00:00,"Klau untuk pembangunan jalan gpp lah,",Infrastruktur,Lainnya,Lainnya/Jateng
3672,3,,Instagram,Dalane apik Yo ora protes 😂🤭 dalan ujan ke kolam :v,Negatif,,,2026-02-25 19:46:39.483484+00:00,Dalane apik Yo ora protes 😂🤭 dalan ujan ke kolam :v,Infrastruktur,Lainnya,Lainnya/Jateng
3678,3,,Instagram,Dalan e diperbaiki tol kntll,Negatif,,,2026-02-25 19:46:39.483484+00:00,Dalan e diperbaiki tol kntll,Infrastruktur,Lainnya,Lainnya/Jateng
3701,3,,Instagram,minimal dalan jeglong di dandani ora malah dadi gundukan iso porak leng celeng😂,Negatif,,,2026-02-25 19:46:39.483484+00:00,minimal dalan jeglong di dandani ora malah dadi gundukan iso porak leng celeng😂,Infrastruktur,Lainnya,Lainnya/Jateng
989,1,,TikTok,"aturan untuk menarik uang rakyat ,tp jalan rusak di diamkan",Negatif,,,2026-02-25 19:46:39.483484+00:00,2-13,Beban Ekonomi,Pemerintahan,Lainnya/Jateng
3025,3,,Instagram,Gak mau niru jabar pak jalan mulai mulus merata 😂,Negatif,,,2026-02-25 19:46:39.483484+00:00,Gak mau niru jabar pak jalan mulai mulus merata 😂,Infrastruktur,Pemerintahan,Lainnya/Jateng
3311,3,,Instagram,tarif PKB dari NJKB saat kapan?Sesuai harga beli dari dealer atau harga pasar wajar tahun berjalan?,Negatif,,,2026-02-25 19:46:39.483484+00:00,tarif PKB dari NJKB saat kapan?Sesuai harga beli dari dealer atau harga pasar wajar tahun berjalan?,Infrastruktur,Lainnya,Pekalongan/Pantura (G)
1437,1,,TikTok,"semua perampokan di dunia ini,pasti berkedok aturan.
mulai perampok jalanan hingga perampok berseragam.",Negatif,,,2026-02-25 19:46:39.483484+00:00,2-12,Infrastruktur,Institusi (Bapenda/Samsat),Lainnya/Jateng
3863,3,,Instagram,"Kabeh mbok pajeki, negoro rusak",Negatif,,,2026-02-25 19:46:39.483484+00:00,"Kabeh mbok pajeki, negoro rusak",Infrastruktur,Institusi (Bapenda/Samsat),Solo Raya (AD)
3558,3,,Instagram,Pajek mbok unggahno tp dalan akeh sing bolong n kuwi lo korban ban mobilku iseh kandel tp mlh bocor pinggir mergo sering keno jeglongan n kudu tak tiptop sing sekali nembel ora murah! Emosi saya!!,Negatif,,,2026-02-25 19:46:39.483484+00:00,Pajek mbok unggahno tp dalan akeh sing bolong n kuwi lo korban ban mobilku iseh kandel tp mlh bocor pinggir mergo sering keno jeglongan n kudu tak tiptop sing sekali nembel ora murah! Emosi saya!!,Infrastruktur,Institusi (Bapenda/Samsat),Solo Raya (AD)
3569,3,,Instagram,Minimal dalane dibenakke pak. Ajur kabeh. Pajak e diuntal sopo?,Negatif,,,2026-02-25 19:46:39.483484+00:00,Minimal dalane dibenakke pak. Ajur kabeh. Pajak e diuntal sopo?,Infrastruktur,Institusi (Bapenda/Samsat),Lainnya/Jateng
3570,3,,Instagram,Jalan depan transmart  penggaron rusak parah .. kalo gak di  cor atau di perbaiki seperti jalan tol .. mending gak usah bayar pajak gak sih,Negatif,,,2026-02-25 19:46:39.483484+00:00,Jalan depan transmart  penggaron rusak parah .. kalo gak di  cor atau di perbaiki seperti jalan tol .. mending gak usah bayar pajak gak sih,Infrastruktur,Institusi (Bapenda/Samsat),Lainnya/Jateng
3650,3,,Instagram,Halah dalan rusak kok bayar pajak,Negatif,,,2026-02-25 19:46:39.483484+00:00,Halah dalan rusak kok bayar pajak,Infrastruktur,Institusi (Bapenda/Samsat),Lainnya/Jateng
3651,3,,Instagram,dalan karo pajek ra seimbang blasss😂,Negatif,,,2026-02-25 19:46:39.483484+00:00,dalan karo pajek ra seimbang blasss😂,Infrastruktur,Institusi (Bapenda/Samsat),Lainnya/Jateng
3658,3,,Instagram,Bangga membayar pajak agar pembangunan berjalan lancar,Negatif,,,2026-02-25 19:46:39.483484+00:00,Bangga membayar pajak agar pembangunan berjalan lancar,Infrastruktur,Institusi (Bapenda/Samsat),Lainnya/Jateng
3711,3,,Instagram,"DALAN ELEK, PAJAK ELIT",Negatif,,,2026-02-25 19:46:39.483484+00:00,"DALAN ELEK, PAJAK ELIT",Infrastruktur,Institusi (Bapenda/Samsat),Lainnya/Jateng
540,1,,TikTok,"halahhh, pajak naik jalan bosok",Negatif,,,2026-02-25 19:46:39.483484+00:00,2-12,Beban Ekonomi,Institusi (Bapenda/Samsat),Lainnya/Jateng
3741,3,,Instagram,"Mbayar pajak ra tau telat, lagi pisan iki ra mbayar pajek mobil. Soale ra ono imbal balike, dalan tetep bosok. Stop bayar pajak sek ✋🏻",Negatif,,,2026-02-25 19:46:39.483484+00:00,"Mbayar pajak ra tau telat, lagi pisan iki ra mbayar pajek mobil. Soale ra ono imbal balike, dalan tetep bosok. Stop bayar pajak sek ✋🏻",Infrastruktur,Institusi (Bapenda/Samsat),Lainnya/Jateng
316,1,,TikTok,dalane remuk pjek e ra umum,Negatif,,,2026-02-25 19:46:39.483484+00:00,5 h yang lalu,Infrastruktur,Lainnya,Lainnya/Jateng
3805,3,,Instagram,Faktanya jalanan masih banyak yang buruk rupa,Negatif,,,2026-02-25 19:46:39.483484+00:00,Faktanya jalanan masih banyak yang buruk rupa,Infrastruktur,Lainnya,Lainnya/Jateng
1160,1,,TikTok,"masyarakat harus turun nih bergerak jangan diam aja karena keserakahan .
masyarakat sudah sulit mau dipersulit lawan satu-satunya jalan🙏",Negatif,,,2026-02-25 19:46:39.483484+00:00,2-12,Infrastruktur,Lainnya,Lainnya/Jateng
327,1,,TikTok,"ini to PK gubernur, ko pas meras rakyat nongol, trus pas ada musibah longsor banjir ko ga nongol ya?",Negatif,,,2026-02-25 19:46:39.483484+00:00,5 h yang lalu,Infrastruktur,Gubernur,Lainnya/Jateng
6,1,,TikTok,"udh jarang nongol, skli nongol bikin Rusak. kerja Gak kelihatan bagus",Negatif,,,2026-02-25 19:46:39.483484+00:00,2-12,Infrastruktur,Wakil Gubernur,Lainnya/Jateng
879,1,,TikTok,minimal jalan baguss,Negatif,,,2026-02-25 19:46:39.483484+00:00,2-13,Infrastruktur,Wakil Gubernur,Lainnya/Jateng
2482,1,,TikTok,"jgn mau byr PJK,prcma byr PJK jln"" rata rusak.ingt telat pajak didenda jln rusak dibiarkan saja apa adil",Negatif,,,2026-02-25 19:46:39.483484+00:00,2-12,Infrastruktur,Institusi (Bapenda/Samsat),Lainnya/Jateng
2551,2,,TikTok,gak usah bayar pajak yen pembangunan jalan gak dipikir,Negatif,,,2026-02-25 19:46:39.483484+00:00,2 j yang lalu,Infrastruktur,Institusi (Bapenda/Samsat),Lainnya/Jateng
2561,2,,TikTok,"bayar pajak telat didendo
dalan bosokkkk dijar'no",Negatif,,,2026-02-25 19:46:39.483484+00:00,1 h yang lalu,Infrastruktur,Institusi (Bapenda/Samsat),Lainnya/Jateng
3476,3,,Instagram,Dalan rusak kabeh opsen percuma 😂,Negatif,,,2026-02-25 19:46:39.483484+00:00,Dalan rusak kabeh opsen percuma 😂,Infrastruktur,Institusi (Bapenda/Samsat),Lainnya/Jateng
3797,3,,Instagram,"Pajek mbok undaki, dalan provinsi malah koyo TAIIIIIIII",Negatif,,,2026-02-25 19:46:39.483484+00:00,"Pajek mbok undaki, dalan provinsi malah koyo TAIIIIIIII",Infrastruktur,Institusi (Bapenda/Samsat),Solo Raya (AD)
3709,3,,Instagram,"Opsen 2025 harusnya sudah terasa di 2026 ini min, tetapi banyak alasan jalan rusak karena efisiensi anggaran..., banyak jalan rusak hanya di tambal kalo mau ada kunjungan pejabat",Negatif,,,2026-02-25 19:46:39.483484+00:00,"Opsen 2025 harusnya sudah terasa di 2026 ini min, tetapi banyak alasan jalan rusak karena efisiensi anggaran..., banyak jalan rusak hanya di tambal kalo mau ada kunjungan pejabat",Infrastruktur,Institusi (Bapenda/Samsat),Lainnya/Jateng
3746,3,,Instagram,ADA OPSEN JALAN TETAP RUSAK,Negatif,,,2026-02-25 19:46:39.483484+00:00,ADA OPSEN JALAN TETAP RUSAK,Infrastruktur,Institusi (Bapenda/Samsat),Lainnya/Jateng
685,1,,TikTok,"misal dalan rusak, aturane piye pak ?",Negatif,,,2026-02-25 19:46:39.483484+00:00,2-13,Infrastruktur,Pemerintahan,Lainnya/Jateng
3258,3,,Instagram,"Jalan rusak aja tutup mata, giliran duwit melek",Negatif,,,2026-02-25 19:46:39.483484+00:00,"Jalan rusak aja tutup mata, giliran duwit melek",Infrastruktur,Institusi (Bapenda/Samsat),Lainnya/Jateng
3852,3,,Instagram,rep gawe korupsi opo ? dalan rusak wae ra cepat di benakke,Negatif,,,2026-02-25 19:46:39.483484+00:00,rep gawe korupsi opo ? dalan rusak wae ra cepat di benakke,Infrastruktur,Pemerintahan,Lainnya/Jateng
3771,3,,Instagram,BAYAR PAJAK TELAT DI DENDO DALAN BOLONG JERUNE RA UMUM SEMANDI GULU PITIK ORA DI DANDANI,Negatif,,,2026-02-25 19:46:39.483484+00:00,BAYAR PAJAK TELAT DI DENDO DALAN BOLONG JERUNE RA UMUM SEMANDI GULU PITIK ORA DI DANDANI,Infrastruktur,Institusi (Bapenda/Samsat),Pekalongan/Pantura (G)
3294,3,,Instagram,Pajek ora oleh telat!!! Dalan bolong dijarno!!! Pajak Karo palak emang bedo 1 huruf!!!,Negatif,,,2026-02-25 19:46:39.483484+00:00,Pajek ora oleh telat!!! Dalan bolong dijarno!!! Pajak Karo palak emang bedo 1 huruf!!!,Infrastruktur,Institusi (Bapenda/Samsat),Pekalongan/Pantura (G)
3874,3,,Instagram,"PAJEK MUNGGAH TERUS, DALAN AKEH SENG AJUR. RA WORTH IT BLAS",Negatif,,,2026-02-25 19:46:39.483484+00:00,"PAJEK MUNGGAH TERUS, DALAN AKEH SENG AJUR. RA WORTH IT BLAS",Infrastruktur,Institusi (Bapenda/Samsat),Lainnya/Jateng
3544,3,,Instagram,"OPSEN HADIR KETIKA MBG HADIR..KALIAN SADAR TIDAK WAHAI RAKYAT ??? TIDAK MAU COCOLOGI TAPI GIMANA YA,JALANNNYA JUGA MASIH BANYAK YG RUSAK ..😂",Negatif,,,2026-02-25 19:46:39.483484+00:00,"OPSEN HADIR KETIKA MBG HADIR..KALIAN SADAR TIDAK WAHAI RAKYAT ??? TIDAK MAU COCOLOGI TAPI GIMANA YA,JALANNNYA JUGA MASIH BANYAK YG RUSAK ..😂",Infrastruktur,Institusi (Bapenda/Samsat),Pekalongan/Pantura (G)
72,1,,TikTok,dalan omahku bolong kabeh fi lutfi...piyee..malah pajak mbok unggahke....,Negatif,,,2026-02-25 19:46:39.483484+00:00,6 h yang lalu,Infrastruktur,Institusi (Bapenda/Samsat),Solo Raya (AD)
80,1,,TikTok,"aku r melu milih malah kena dampak, dalane bodol, wz ra ana pase,, kerjane mbuh ngpa,,,,",Negatif,,,2026-02-25 19:46:39.483484+00:00,2-12,Infrastruktur,Gubernur,Lainnya/Jateng
954,1,,TikTok,jika rakyat diam slalu akan dinaikan pajak dan brati pendapatan tertinggi daerah hanya pajak kemana pendapatan2 lain2nya????trus apakah dg pajak kendaraan jalan2 yg dilalaui sudah sesuai ???,Negatif,,,2026-02-25 19:46:39.483484+00:00,2-13,Beban Ekonomi,Institusi (Bapenda/Samsat),Pekalongan/Pantura (G)
2464,1,,TikTok,jalan Jateng Rusak parah,Negatif,,,2026-02-25 19:46:39.483484+00:00,2-12,Infrastruktur,Pemerintahan,Lainnya/Jateng
3082,3,,Instagram,"Jane no nek bayar pajak yo rpp tapi di imbangi fasilitas dalan dll sing apik to gok dlogok, pajek mundak dalan jeglongan tok",Negatif,,,2026-02-25 19:46:39.483484+00:00,"Jane no nek bayar pajak yo rpp tapi di imbangi fasilitas dalan dll sing apik to gok dlogok, pajek mundak dalan jeglongan tok",Beban Ekonomi,Institusi (Bapenda/Samsat),Lainnya/Jateng
3297,3,,Instagram,"Pajak tinggi, fasilitas tidak memadai",Negatif,,,2026-02-25 19:46:39.483484+00:00,"Pajak tinggi, fasilitas tidak memadai",Infrastruktur,Institusi (Bapenda/Samsat),Lainnya/Jateng
664,1,,TikTok,kabeh seko polisi ki mung onone rusak tok,Negatif,,,2026-02-25 19:46:39.483484+00:00,2-13,Infrastruktur,Institusi (Bapenda/Samsat),Lainnya/Jateng
26,1,,TikTok,kalo pajak motor naik. pendapatan daerah propinsi akan anjlok drastis. masyarakat bekerja untuk makan aja susah ... makanya uang negara jgn di korupsi biar semua bisa sejalan..,Negatif,,,2026-02-25 19:46:39.483484+00:00,2-12,Beban Ekonomi,Pemerintahan,Lainnya/Jateng
630,1,,TikTok,"gimana mau bayar pajak ,jalan aja rusak semua",Negatif,,,2026-02-25 19:46:39.483484+00:00,2-12,Infrastruktur,Institusi (Bapenda/Samsat),Pekalongan/Pantura (G)
856,1,,TikTok,bayar pajak pertahun jalan cornya harus 50 cm,Negatif,,,2026-02-25 19:46:39.483484+00:00,2-13,Infrastruktur,Institusi (Bapenda/Samsat),Pekalongan/Pantura (G)
1416,1,,TikTok,seng di pikir kok pajak trs la mbok dalan seng pikir do bodol kabeh,Negatif,,,2026-02-25 19:46:39.483484+00:00,2-12,Infrastruktur,Institusi (Bapenda/Samsat),Solo Raya (AD)
3625,3,,Instagram,Pajak elit ngaspal dalan sulittt,Negatif,,,2026-02-25 19:46:39.483484+00:00,Pajak elit ngaspal dalan sulittt,Infrastruktur,Institusi (Bapenda/Samsat),Lainnya/Jateng
2421,1,,TikTok,"polisi jd gubernur,ya rusak daerahnya.",Negatif,,,2026-02-25 19:46:39.483484+00:00,2-12,Infrastruktur,Institusi (Bapenda/Samsat),Lainnya/Jateng
109,1,,TikTok,dalane rusak kok Kon pajek teertib,Negatif,,,2026-02-25 19:46:39.483484+00:00,2-13,Infrastruktur,Institusi (Bapenda/Samsat),Lainnya/Jateng
186,1,,TikTok,jalannya juga rusak..ngapain bayar pajak,Negatif,,,2026-02-25 19:46:39.483484+00:00,2-12,Infrastruktur,Institusi (Bapenda/Samsat),Lainnya/Jateng
224,1,,TikTok,rakyat pajak pejabat korupsi jalan rusak,Negatif,,,2026-02-25 19:46:39.483484+00:00,2 h yang lalu,Infrastruktur,Institusi (Bapenda/Samsat),Lainnya/Jateng
229,1,,TikTok,"heiiiiiiii....reward sing taat pajak we ra ana lo nganti saiki.... karepmu piye? yen pada ra taat pajak coba evaluasi kinerjamu le dadi aparat... hasil pajak mlayu ning ndi? akeh lo dalan rusak, samsaya pas udan kaya ngene.. akeh lo rambu² ra fungsi.. iki contone..",Negatif,,,2026-02-25 19:46:39.483484+00:00,3 h yang lalu,Infrastruktur,Institusi (Bapenda/Samsat),Lainnya/Jateng
238,1,,TikTok,"Tolong pajak kendaraan di Jawa Tengah buat ke jalan ,,",Negatif,,,2026-02-25 19:46:39.483484+00:00,3 h yang lalu,Infrastruktur,Institusi (Bapenda/Samsat),Lainnya/Jateng
263,1,,TikTok,"Urusan Pajak: Berdasarkan aturan.
Urusan jalan rusak : Berdasarkan ®©^¢×¢℅¢°¢℅[¢π`™®¢",Negatif,,,2026-02-25 19:46:39.483484+00:00,4 h yang lalu,Infrastruktur,Institusi (Bapenda/Samsat),Lainnya/Jateng
291,1,,TikTok,"dalan rusak koyo kali asat Kon bayar pajak, + luru lokasi kerja ora Nemu2 pie Jane",Negatif,,,2026-02-25 19:46:39.483484+00:00,4 h yang lalu,Infrastruktur,Institusi (Bapenda/Samsat),Lainnya/Jateng
392,1,,TikTok,"aksi damai stop bayar pajak kendaraan bermotor,🤔 daripada turun kejalan juga blm tentu ada perubahan 😌",Negatif,,,2026-02-25 19:46:39.483484+00:00,6 h yang lalu,Infrastruktur,Institusi (Bapenda/Samsat),Lainnya/Jateng
538,1,,TikTok,suruh taat bayar pajak. jalan yg rusak aja banyak. 😂,Negatif,,,2026-02-25 19:46:39.483484+00:00,2-12,Infrastruktur,Institusi (Bapenda/Samsat),Lainnya/Jateng
757,1,,TikTok,bayar pajak jalannya pada ancur,Negatif,,,2026-02-25 19:46:39.483484+00:00,2-12,Infrastruktur,Institusi (Bapenda/Samsat),Lainnya/Jateng
848,1,,TikTok,bayar pajak wae dalan e elek . ora sesuai.,Negatif,,,2026-02-25 19:46:39.483484+00:00,2-13,Infrastruktur,Institusi (Bapenda/Samsat),Lainnya/Jateng
887,1,,TikTok,tidak usah bayar pajak jalan jalan bosok juga tidak ada yang di perbaiki,Negatif,,,2026-02-25 19:46:39.483484+00:00,2-13,Infrastruktur,Institusi (Bapenda/Samsat),Lainnya/Jateng
1066,1,,TikTok,go apa bayar pajak jln2 aja pd rusak,Negatif,,,2026-02-25 19:46:39.483484+00:00,1 m yang lalu,Infrastruktur,Institusi (Bapenda/Samsat),Lainnya/Jateng
1128,1,,TikTok,"rasah di bayar ,dalan remuk kabeh yoan ,pajek gur nglemoke wong2kui tok ,salam akal sehat",Negatif,,,2026-02-25 19:46:39.483484+00:00,1 m yang lalu,Infrastruktur,Institusi (Bapenda/Samsat),Lainnya/Jateng
1351,1,,TikTok,pajak tertip dalane do remuk,Negatif,,,2026-02-25 19:46:39.483484+00:00,2-12,Infrastruktur,Institusi (Bapenda/Samsat),Lainnya/Jateng
1356,1,,TikTok,tae pajak naek dalan nosok,Negatif,,,2026-02-25 19:46:39.483484+00:00,2-12,Infrastruktur,Institusi (Bapenda/Samsat),Lainnya/Jateng
1456,1,,TikTok,dalane kui Lo pak di dandani sek .. pajak harus trasparan ...Jabar kui Lo pak di contoh ....rak sah isen...,Negatif,,,2026-02-25 19:46:39.483484+00:00,2-12,Infrastruktur,Institusi (Bapenda/Samsat),Lainnya/Jateng
1594,1,,TikTok,pajak telat ngeluh jalan rusak berlubang santai. lha trs utang nya sama siapa. bayar pajak aja di persulit. jalan rusak aja di biarkan sekalian tak usah bayar pajak.,Negatif,,,2026-02-25 19:46:39.483484+00:00,2-12,Infrastruktur,Institusi (Bapenda/Samsat),Lainnya/Jateng
1768,1,,TikTok,"jgn teori aja pa,,turun ke jln dan perhatikan rakyat dan jalan2 yg pada blong dan jgn taikan pajak kendaraan,,",Negatif,,,2026-02-25 19:46:39.483484+00:00,2-12,Infrastruktur,Institusi (Bapenda/Samsat),Lainnya/Jateng
1845,1,,TikTok,Pindah aja ke Jawa Barat pajak nya murah dan jalan nya mulus .,Negatif,,,2026-02-25 19:46:39.483484+00:00,2-12,Infrastruktur,Institusi (Bapenda/Samsat),Lainnya/Jateng
1863,1,,TikTok,"tp dalan,e yo dipikirno pak. ojo pajek tok ae.",Negatif,,,2026-02-25 19:46:39.483484+00:00,2-12,Infrastruktur,Institusi (Bapenda/Samsat),Lainnya/Jateng
1945,1,,TikTok,ORA aturan belas.... Dalan elek udan dalane banjir.... Iki lagi do keno musibah kebanjiran & longsor ORA Ono tindakan belassss malah di Bebani pajek 😴,Negatif,,,2026-02-25 19:46:39.483484+00:00,2-12,Infrastruktur,Institusi (Bapenda/Samsat),Lainnya/Jateng
2055,1,,TikTok,"dalan koyok tai , pajek e di undak i",Negatif,,,2026-02-25 19:46:39.483484+00:00,2-12,Infrastruktur,Institusi (Bapenda/Samsat),Lainnya/Jateng
2338,1,,TikTok,aja mikiri pajak tok pikirin jalan sing rusak,Negatif,,,2026-02-25 19:46:39.483484+00:00,2-12,Infrastruktur,Institusi (Bapenda/Samsat),Lainnya/Jateng
2350,1,,TikTok,pajak naek jln msih rusak parah,Negatif,,,2026-02-25 19:46:39.483484+00:00,2-12,Infrastruktur,Institusi (Bapenda/Samsat),Lainnya/Jateng
2414,1,,TikTok,jalan aja bosok ngapain byar pajak,Negatif,,,2026-02-25 19:46:39.483484+00:00,2-12,Infrastruktur,Institusi (Bapenda/Samsat),Lainnya/Jateng
2929,2,,TikTok,"paling ora dalane alus kabeh ngono,pajek jalan teros dalam gedabruss, nik perbaikan jalan mbok di inspeksi kualitas ketebalan aspal sudah sesuai opo durung gek ra diluk² bolong, nik dalan elek yo yahh mbayar pajek",Negatif,,,2026-02-25 19:46:39.483484+00:00,1 h yang lalu,Infrastruktur,Institusi (Bapenda/Samsat),Solo Raya (AD)
2999,3,,Instagram,Dalan podo rusak ora gek2 di dandani iki palah ngunggahke pajek,Negatif,,,2026-02-25 19:46:39.483484+00:00,Dalan podo rusak ora gek2 di dandani iki palah ngunggahke pajek,Infrastruktur,Institusi (Bapenda/Samsat),Lainnya/Jateng
3033,3,,Instagram,Pajek dioyak terus dalan rusak ora diurus,Negatif,,,2026-02-25 19:46:39.483484+00:00,Pajek dioyak terus dalan rusak ora diurus,Infrastruktur,Institusi (Bapenda/Samsat),Lainnya/Jateng
3094,3,,Instagram,"Bayar pajek dalan tambah akeh polisi tidur e durung sing bolong2, nak nambal asal2an heran",Negatif,,,2026-02-25 19:46:39.483484+00:00,"Bayar pajek dalan tambah akeh polisi tidur e durung sing bolong2, nak nambal asal2an heran",Infrastruktur,Institusi (Bapenda/Samsat),Lainnya/Jateng
3105,3,,Instagram,Pajak teros dalane bolong2 do etok2 ra ngeti😬,Negatif,,,2026-02-25 19:46:39.483484+00:00,Pajak teros dalane bolong2 do etok2 ra ngeti😬,Infrastruktur,Institusi (Bapenda/Samsat),Lainnya/Jateng
3446,3,,Instagram,Bayar pajek dalane bodol 😂😂😂,Negatif,,,2026-02-25 19:46:39.483484+00:00,Bayar pajek dalane bodol 😂😂😂,Infrastruktur,Institusi (Bapenda/Samsat),Lainnya/Jateng
3231,3,,Instagram,"Nah sing ngunggahke pajak sopo? Malah uncal uncalan.. Mosok setan sing ngunggahke😂😢 UMR cilik, dalan akeh elek e kok pajeke kendaraan masyarakat sing diundake😢",Negatif,,,2026-02-25 19:46:39.483484+00:00,"Nah sing ngunggahke pajak sopo? Malah uncal uncalan.. Mosok setan sing ngunggahke😂😢 UMR cilik, dalan akeh elek e kok pajeke kendaraan masyarakat sing diundake😢",Infrastruktur,Institusi (Bapenda/Samsat),Lainnya/Jateng
3302,3,,Instagram,"ra urusan, rugi taat bayar pajak, dalan rusak diumbar, respon time sui, akeh sing kendaraane rusak, bahkan korban jiwa, saya pribadi menyarakan, rak bakal bayar pajak, suwun",Negatif,,,2026-02-25 19:46:39.483484+00:00,"ra urusan, rugi taat bayar pajak, dalan rusak diumbar, respon time sui, akeh sing kendaraane rusak, bahkan korban jiwa, saya pribadi menyarakan, rak bakal bayar pajak, suwun",Infrastruktur,Institusi (Bapenda/Samsat),Lainnya/Jateng
3350,3,,Instagram,"Dalane do bosok kabeh, Umr ra sepiro, Pajek ra kiro2.... Utek ke dinggo.... Utekkkeeeee",Negatif,,,2026-02-25 19:46:39.483484+00:00,"Dalane do bosok kabeh, Umr ra sepiro, Pajek ra kiro2.... Utek ke dinggo.... Utekkkeeeee",Infrastruktur,Institusi (Bapenda/Samsat),Lainnya/Jateng
3490,3,,Instagram,😂😂😂 pajak gedi dalan remuk kabeh nggo opo ? Mending karuane loss rk sah bayar . kene bayar tapi ora ono progrea pembangunan kok,Negatif,,,2026-02-25 19:46:39.483484+00:00,😂😂😂 pajak gedi dalan remuk kabeh nggo opo ? Mending karuane loss rk sah bayar . kene bayar tapi ora ono progrea pembangunan kok,Infrastruktur,Institusi (Bapenda/Samsat),Lainnya/Jateng
3493,3,,Instagram,"Bayar pajak  yo ga ada bedanya, jalan masih bolong, rob masih tetap, jalan tambah macet, transportasi umum isine polusi cumi hitam, truk sampah bosok, dll......",Negatif,,,2026-02-25 19:46:39.483484+00:00,"Bayar pajak  yo ga ada bedanya, jalan masih bolong, rob masih tetap, jalan tambah macet, transportasi umum isine polusi cumi hitam, truk sampah bosok, dll......",Infrastruktur,Institusi (Bapenda/Samsat),Lainnya/Jateng
3497,3,,Instagram,"Intinya gini aja, semua pendapatan dari jalan ""tilang, pajak kendaraan, dll"" di kembalikan ke jalan lagi, jalan raya, bukan jalan menuju perut",Negatif,,,2026-02-25 19:46:39.483484+00:00,"Intinya gini aja, semua pendapatan dari jalan ""tilang, pajak kendaraan, dll"" di kembalikan ke jalan lagi, jalan raya, bukan jalan menuju perut",Infrastruktur,Institusi (Bapenda/Samsat),Lainnya/Jateng
3505,3,,Instagram,Anggere dalan.e do alus sampe plosok² tarif toll murah mungkin y do ikhlas mbayar pajek min.....,Negatif,,,2026-02-25 19:46:39.483484+00:00,Anggere dalan.e do alus sampe plosok² tarif toll murah mungkin y do ikhlas mbayar pajek min.....,Infrastruktur,Institusi (Bapenda/Samsat),Lainnya/Jateng
3833,3,,Instagram,"DI TANBAH JALAN BUSUK SEMUA BERLUBANG ,PENERANGAN JALAN MINIM ,TRUS NIKNYA PAJAK YG RATUSAN RIBU BHKAN SAMPE JUTAAN YG NIKMATIN SIAPA 😂😂😂😂😂😂😂",Negatif,,,2026-02-25 19:46:39.483484+00:00,"DI TANBAH JALAN BUSUK SEMUA BERLUBANG ,PENERANGAN JALAN MINIM ,TRUS NIKNYA PAJAK YG RATUSAN RIBU BHKAN SAMPE JUTAAN YG NIKMATIN SIAPA 😂😂😂😂😂😂😂",Infrastruktur,Institusi (Bapenda/Samsat),Lainnya/Jateng
3879,3,,Instagram,"Mbayar pajak nana ya percuma, Nyatane dalane ajeg akeh sing bodol 😂",Negatif,,,2026-02-25 19:46:39.483484+00:00,"Mbayar pajak nana ya percuma, Nyatane dalane ajeg akeh sing bodol 😂",Infrastruktur,Institusi (Bapenda/Samsat),Lainnya/Jateng
2738,2,,TikTok,dalanmu gos di openi Jateng setop bayar pajak,Negatif,,,2026-02-25 19:46:39.483484+00:00,21 j yang lalu,Infrastruktur,Pemerintahan,Lainnya/Jateng
1423,1,,TikTok,dalan bosok pajak naik,Negatif,,,2026-02-25 19:46:39.483484+00:00,2-12,Beban Ekonomi,Institusi (Bapenda/Samsat),Lainnya/Jateng
743,1,,TikTok,"kendaraan tuku tuku dewe, nyicil dewe, nek rusak didandani dewe, nek kecelakaan ribet ngurus asuransine. ngunu dalan ra sepiro apik e, pajek e ra kiro kiro regane. isone mung meres rakyat e. Stop bayar pajak !! rawan dikorupsi !!",Negatif,,,2026-02-25 19:46:39.483484+00:00,2-12,Infrastruktur,Institusi (Bapenda/Samsat),Lainnya/Jateng
772,1,,TikTok,"rakyatnya di bilang hutang pajak
gubernur nya tidur GK kerja masa GK lihat jalan rusak semua
GK ada timbal balik ke rakyat",Negatif,,,2026-02-25 19:46:39.483484+00:00,6 h yang lalu,Infrastruktur,Institusi (Bapenda/Samsat),Lainnya/Jateng
1633,1,,TikTok,PK GUBERNUR TOLONG DONG PAJAK Di gembar Gemborin aj tp jalan PLOSOK DESA DI PERHATIIN DONK ///,Negatif,,,2026-02-25 19:46:39.483484+00:00,2-12,Infrastruktur,Institusi (Bapenda/Samsat),Lainnya/Jateng
273,1,,TikTok,STOP BAYAR PAJAK..JALAN RAYA DI JATENG ANCUR LEBUR,Negatif,,,2026-02-25 19:46:39.483484+00:00,4 h yang lalu,Infrastruktur,Pemerintahan,Lainnya/Jateng
1861,1,,TikTok,"pajak motor mobil Munggah, tapi dalam ora Alus akeh sing bolong. isin angger aku Tah dadi gubernur",Negatif,,,2026-02-25 19:46:39.483484+00:00,2-12,Infrastruktur,Institusi (Bapenda/Samsat),Pekalongan/Pantura (G)
2540,2,,TikTok,amit amit nih klo kecelakaan kran jalan berlubang pemerintah wajib tanggung jawab gk...???,Negatif,,,2026-02-25 19:46:39.483484+00:00,1 h yang lalu,Infrastruktur,Pemerintahan,Pekalongan/Pantura (G)
2833,2,,TikTok,"yg pasti klo pajak nya tinggi intensif gubernur dan wagub yg ikut besar 1 M, mbok di pakai perbaiki infrastruktur jalan msh byk yg rusak bro, intensif perbulan kok 1 M kerjone opo wae",Negatif,,,2026-02-25 19:46:39.483484+00:00,1 h yang lalu,Infrastruktur,Institusi (Bapenda/Samsat),Solo Raya (AD)
2084,1,,TikTok,"tak kira pas sragam coklat tok.. eh ini malah menajadi"".. padahal jalan jateng banyak yg bobrok🥺",Negatif,,,2026-02-25 19:46:39.483484+00:00,2-12,Infrastruktur,Pemerintahan,Lainnya/Jateng
189,1,,TikTok,Jateng dengan UMR terendah tapi pajak kendaraan tertinggi dan jalan raya buruk,Negatif,,,2026-02-25 19:46:39.483484+00:00,2-12,Infrastruktur,Pemerintahan,Lainnya/Jateng
3243,3,,Instagram,Jateng malu dong....dalan e paling wuelik dibanding jatim sama jabar.,Negatif,,,2026-02-25 19:46:39.483484+00:00,Jateng malu dong....dalan e paling wuelik dibanding jatim sama jabar.,Infrastruktur,Pemerintahan,Lainnya/Jateng
3683,3,,Instagram,Rakpopo tenan munggaho nek dalan sak jateng apikkk su,Negatif,,,2026-02-25 19:46:39.483484+00:00,Rakpopo tenan munggaho nek dalan sak jateng apikkk su,Infrastruktur,Pemerintahan,Lainnya/Jateng
3898,3,,Instagram,"Minimal dalane jateng koyok las vegas, dalan amburadul koyok pejabate sok sokan",Negatif,,,2026-02-25 19:46:39.483484+00:00,"Minimal dalane jateng koyok las vegas, dalan amburadul koyok pejabate sok sokan",Infrastruktur,Pemerintahan,Lainnya/Jateng
3486,3,,Instagram,"OPSEN UGAL UGALAN, TAPI DALAN PROVINSI JATENG RUSAK KABEH",Negatif,,,2026-02-25 19:46:39.483484+00:00,"OPSEN UGAL UGALAN, TAPI DALAN PROVINSI JATENG RUSAK KABEH",Infrastruktur,Pemerintahan,Lainnya/Jateng
3465,3,,Instagram,Minimal jalanan di jateng dibikin bagus jgn dibiarkan rusak,Negatif,,,2026-02-25 19:46:39.483484+00:00,Minimal jalanan di jateng dibikin bagus jgn dibiarkan rusak,Infrastruktur,Pemerintahan,Lainnya/Jateng
3045,3,,Instagram,"ws ddi provinsi trtinggal sak jawa ,umr cilik ,jalan rusak ,tambal2lan ,peteng kok iso pk diundake pajek e🤦‍♂️jateng umr cilik tapi jk akeh wong sg krja gaji dibawah umr bos coba survei kelapangan berbaur dg masyarakat",Negatif,,,2026-02-25 19:46:39.483484+00:00,"ws ddi provinsi trtinggal sak jawa ,umr cilik ,jalan rusak ,tambal2lan ,peteng kok iso pk diundake pajek e🤦‍♂️jateng umr cilik tapi jk akeh wong sg krja gaji dibawah umr bos coba survei kelapangan berbaur dg masyarakat",Infrastruktur,Pemerintahan,Lainnya/Jateng
426,1,,TikTok,"cari makan susah,aku jualan bju di pasar banjardawa pmlng,Jateng aja tutup karena sepi.tpi retribusi jalan terus.klo GK bayar berarti hutang...aku utange tambah banyak pak.mohon di stop retribusinya pak.buka lapak bayar,KLO tutup ya GK bayar seperti dlu.mohon pak bayar pajaknya d kembalikan sprti dlu",Negatif,,,2026-02-25 19:46:39.483484+00:00,1 m yang lalu,Beban Ekonomi,Pemerintahan,Lainnya/Jateng
2403,1,,TikTok,pajak naik jln rusak jg ngk di urusi.. jateng jln2 nya bnyk yg butut.. jauh dr jabar dan jatim.. jln butut ngapain byr pajak,Negatif,,,2026-02-25 19:46:39.483484+00:00,2-12,Beban Ekonomi,Pemerintahan,Lainnya/Jateng
3620,3,,Instagram,"Intine ngene lho geng, haruse pajak kui berjalan sesuai dengan infrastruktur. Lha nk Jateng pajak berbanding terbalik dengan infrastruktur ! Contoh jalan pantura geng ! Masyarakat bayar pajak tiap tahun tapi perbaikan jalan setiap ada lubang tok. Iku pun nunggu viral sek ! Nk iso dak yo masyarakat bayar pajak sek utama kui nggo pembangunan ora di nggo bayar kue2 tok geng ! 😂",Negatif,,,2026-02-25 19:46:39.483484+00:00,"Intine ngene lho geng, haruse pajak kui berjalan sesuai dengan infrastruktur. Lha nk Jateng pajak berbanding terbalik dengan infrastruktur ! Contoh jalan pantura geng ! Masyarakat bayar pajak tiap tahun tapi perbaikan jalan setiap ada lubang tok. Iku pun nunggu viral sek ! Nk iso dak yo masyarakat bayar pajak sek utama kui nggo pembangunan ora di nggo bayar kue2 tok geng ! 😂",Infrastruktur,Pemerintahan,Pekalongan/Pantura (G)
2559,2,,TikTok,"Maksudnya kok jalan jalan dijateng masih pada bodol,umumkan hasil pajak kendaraan per tahun terus muluskan pajak seperti jabar. Kan rakuat merasakan jalan mulus",Negatif,,,2026-02-25 19:46:39.483484+00:00,1 h yang lalu,Infrastruktur,Pemerintahan,Pekalongan/Pantura (G)
1373,1,,TikTok,kalo tiap tahun dr hsl pajak bisa buat bagusiin jalan terutama yg masuk wewenang pemprov sih gapapa ....tp ya sudahlah,Negatif,,,2026-02-25 19:46:39.483484+00:00,2-12,Infrastruktur,Pemerintahan,Pekalongan/Pantura (G)
3516,3,,Instagram,"Pajak sulit, kualitas jalan sulit, dalan jateng poll eleke, 😂",Negatif,,,2026-02-25 19:46:39.483484+00:00,"Pajak sulit, kualitas jalan sulit, dalan jateng poll eleke, 😂",Infrastruktur,Pemerintahan,Lainnya/Jateng
3598,3,,Instagram,"Negara sebelah aja pajak cuma 10 dolar fasilitas lengkap sampai pengobatan gratis, disini pajak tinggi hasil masih minim",Negatif,,,2026-02-25 19:46:39.483484+00:00,"Negara sebelah aja pajak cuma 10 dolar fasilitas lengkap sampai pengobatan gratis, disini pajak tinggi hasil masih minim",Infrastruktur,Pemerintahan,Lainnya/Jateng
3261,3,,Instagram,Pajak yg tinggi ga berbanding terbalik dgn jalan yg di miliki Jateng..,Negatif,,,2026-02-25 19:46:39.483484+00:00,Pajak yg tinggi ga berbanding terbalik dgn jalan yg di miliki Jateng..,Infrastruktur,Pemerintahan,Lainnya/Jateng
834,1,,TikTok,Bayar pajak tapi jalan JATENG kalah dgn jalan DIY dan JABAR piyeee toki,Negatif,,,2026-02-25 19:46:39.483484+00:00,4 h yang lalu,Infrastruktur,Pemerintahan,Lainnya/Jateng
443,1,,TikTok,"taat kalo pajak jadi jalan yg bagus , lingkungan bersih ,bencana dah banyak d jateng masih lom kapok juga",Negatif,,,2026-02-25 19:46:39.483484+00:00,2-12,Infrastruktur,Pemerintahan,Kedu (AA)
613,1,,TikTok,Ijin Bapak terlalu banyak peraturan terlalau banyak kebijakan2 yg ga jelas dan semua rakyat kecil yg harus nanggung.kalian yg sebagai aparatur negara menikmati semua fasilitas dari rakyat semoga sadar dan dijauhkan dari musibah 🙏🏻🙏🏻🙏🏻,Negatif,,,2026-02-25 19:46:39.483484+00:00,2-13,Infrastruktur,Pemerintahan,Lainnya/Jateng
2256,1,,TikTok,"kalau bahas tentang pajak muncul..
tapi kalo rakyatnya kena musibah bencana banjir,longsor,dll
selalu menghilang....#jatengTIDAKpunya gubernur",Negatif,,,2026-02-25 19:46:39.483484+00:00,2-12,Infrastruktur,Pemerintahan,Lainnya/Jateng
1773,1,,TikTok,Perassss terussss ..perasss terusss ...uangnya rame2 di korupoppppp,Negatif,,,2026-02-25 19:46:39.483484+00:00,2-12,Beban Ekonomi,Institusi (Bapenda/Samsat),Lainnya/Jateng
1393,1,,TikTok,demi naikin tunjangan dan thr pejabat,Negatif,,,2026-02-25 19:46:39.483484+00:00,2-12,Beban Ekonomi,Pemerintahan,Lainnya/Jateng
1728,1,,TikTok,smua pejabat kl melapor kan tentang keuangan SLALU bilangnya rugi rugi dan rugi....,Negatif,,,2026-02-25 19:46:39.483484+00:00,2-12,Beban Ekonomi,Pemerintahan,Lainnya/Jateng
1775,1,,TikTok,kenapa naik karna banyak utangnya,Negatif,,,2026-02-25 19:46:39.483484+00:00,2-12,Beban Ekonomi,Nasib Rakyat / Kesejahteraan,Solo Raya (AD)
869,1,,TikTok,dasar menguras duit rakyat.,Negatif,,,2026-02-25 19:46:39.483484+00:00,2-13,Beban Ekonomi,Nasib Rakyat / Kesejahteraan,Lainnya/Jateng
1076,1,,TikTok,harusnya naik 100% biar rakyat bahagia & bangga dgn kinerja pimpinannya,Negatif,,,2026-02-25 19:46:39.483484+00:00,1 m yang lalu,Beban Ekonomi,Nasib Rakyat / Kesejahteraan,Lainnya/Jateng
1064,1,,TikTok,"gak malu pak dgn UMK wargamu,paling rendah se JAWA lho pak,kapan berjuang buat wargamu pak????",Negatif,,,2026-02-25 19:46:39.483484+00:00,1 m yang lalu,Beban Ekonomi,Lainnya,Lainnya/Jateng
1081,1,,TikTok,pbb juga naik gk,Negatif,,,2026-02-25 19:46:39.483484+00:00,2-13,Beban Ekonomi,Lainnya,Lainnya/Jateng
1191,1,,TikTok,karena ada uang,Negatif,,,2026-02-25 19:46:39.483484+00:00,2-12,Beban Ekonomi,Lainnya,Lainnya/Jateng
1348,1,,TikTok,"Th 2024 ke 2025 udh naik 25%, masak 2026 mau naik lg bos?",Negatif,,,2026-02-25 19:46:39.483484+00:00,2-12,Beban Ekonomi,Lainnya,Lainnya/Jateng
1468,1,,TikTok,mahal ²,Negatif,,,2026-02-25 19:46:39.483484+00:00,2-12,Beban Ekonomi,Lainnya,Lainnya/Jateng
1539,1,,TikTok,gpp naikin aja soalnya kapan lg mumpung msh menjabat😜,Negatif,,,2026-02-25 19:46:39.483484+00:00,2-12,Beban Ekonomi,Lainnya,Lainnya/Jateng
1577,1,,TikTok,mendingan naik motor bodong....,Negatif,,,2026-02-25 19:46:39.483484+00:00,2-12,Beban Ekonomi,Lainnya,Lainnya/Jateng
1617,1,,TikTok,"lah yoo di usahakan ben ga naik toh,",Negatif,,,2026-02-25 19:46:39.483484+00:00,2-12,Beban Ekonomi,Lainnya,Lainnya/Jateng
1679,1,,TikTok,Nyatane jogja ra mundak. malah mudun,Negatif,,,2026-02-25 19:46:39.483484+00:00,2-12,Beban Ekonomi,Lainnya,Lainnya/Jateng
1707,1,,TikTok,"motor tmbh tua harga makin turun,tp pjk koq mlh naik trus...😂😂",Negatif,,,2026-02-25 19:46:39.483484+00:00,2-12,Beban Ekonomi,Lainnya,Lainnya/Jateng
1732,1,,TikTok,"mundak karepmu ora karepmu kang, kene cah mampu og😎",Negatif,,,2026-02-25 19:46:39.483484+00:00,2-12,Beban Ekonomi,Lainnya,Lainnya/Jateng
1818,1,,TikTok,knp umr ngga di naik in 66% jga???😂😂,Negatif,,,2026-02-25 19:46:39.483484+00:00,2-12,Beban Ekonomi,Lainnya,Lainnya/Jateng
1836,1,,TikTok,"tangung pk, naik100% aja",Negatif,,,2026-02-25 19:46:39.483484+00:00,2-12,Beban Ekonomi,Lainnya,Lainnya/Jateng
1864,1,,TikTok,"yang penting para pejabat kaya raya pak..
naikin terus semua pjak..
ndak usah mikir rakyatmu, bagaimana susahnya cari uang.!!!",Negatif,,,2026-02-25 19:46:39.483484+00:00,2-12,Beban Ekonomi,Pemerintahan,Pekalongan/Pantura (G)
1644,1,,TikTok,"gabener... oh gabener... jarang nongol, sekali nongol minta kenaikan upeti. pangano sing dho milih...!!!",Negatif,,,2026-02-25 19:46:39.483484+00:00,2-12,Beban Ekonomi,Gubernur,Lainnya/Jateng
1888,1,,TikTok,ngko NK wis duwe duit tak bayar utangku pak kalem bae sampean,Negatif,,,2026-02-25 19:46:39.483484+00:00,2-12,Beban Ekonomi,Gubernur,Lainnya/Jateng
1673,1,,TikTok,"dasarnya ujung ujungnya y uang rakyat, yg buat bayar .😂",Negatif,,,2026-02-25 19:46:39.483484+00:00,2-12,Beban Ekonomi,Nasib Rakyat / Kesejahteraan,Lainnya/Jateng
1651,1,,TikTok,nongolnya kalo masalah duit,Negatif,,,2026-02-25 19:46:39.483484+00:00,2-12,Beban Ekonomi,Gubernur,Lainnya/Jateng
608,1,,TikTok,mendingan duite buat nyewa lc,Negatif,,,2026-02-25 19:46:39.483484+00:00,2-13,Beban Ekonomi,Institusi (Bapenda/Samsat),Lainnya/Jateng
351,1,,TikTok,duit duit duit,Negatif,,,2026-02-25 19:46:39.483484+00:00,6 h yang lalu,Beban Ekonomi,Institusi (Bapenda/Samsat),Lainnya/Jateng
944,1,,TikTok,"golek duit lagi angel malah enek"" wae",Negatif,,,2026-02-25 19:46:39.483484+00:00,2-13,Beban Ekonomi,Institusi (Bapenda/Samsat),Lainnya/Jateng
1232,1,,TikTok,terus duitnya di makan sendiri ya 😁😁😁 lucu,Negatif,,,2026-02-25 19:46:39.483484+00:00,2-12,Beban Ekonomi,Institusi (Bapenda/Samsat),Lainnya/Jateng
1329,1,,TikTok,urusan duit aj garcep no warganya yg kena musibah gimna,Negatif,,,2026-02-25 19:46:39.483484+00:00,2-12,Beban Ekonomi,Institusi (Bapenda/Samsat),Lainnya/Jateng
1434,1,,TikTok,dasarnya pengen duit ya pak,Negatif,,,2026-02-25 19:46:39.483484+00:00,2-12,Beban Ekonomi,Institusi (Bapenda/Samsat),Lainnya/Jateng
1480,1,,TikTok,duite ngo ndandak e anak e,Negatif,,,2026-02-25 19:46:39.483484+00:00,2-12,Beban Ekonomi,Institusi (Bapenda/Samsat),Lainnya/Jateng
1544,1,,TikTok,duitnya buat apa. pembangunan jg ngk ada.,Negatif,,,2026-02-25 19:46:39.483484+00:00,2-12,Beban Ekonomi,Institusi (Bapenda/Samsat),Lainnya/Jateng
1085,1,,TikTok,"Naiknya nggak manusiawi, Pk.... itu sama dg mencekik rakyat",Negatif,,,2026-02-25 19:46:39.483484+00:00,1 m yang lalu,Beban Ekonomi,Nasib Rakyat / Kesejahteraan,Pekalongan/Pantura (G)
1601,1,,TikTok,jogja aman. ora mundak,Negatif,,,2026-02-25 19:46:39.483484+00:00,2-12,Beban Ekonomi,Lainnya,Pekalongan/Pantura (G)
1103,1,,TikTok,amboh pak.wes gawean nukang borongane mbek adole selat murah.kabeh mundak.njalok mu pie Tah pak.pengen rakyat mu miskin Kin Tah pie pak.gk Ono solasi liyane opo selain kui🥺,Negatif,,,2026-02-25 19:46:39.483484+00:00,2-13,Beban Ekonomi,Nasib Rakyat / Kesejahteraan,Pekalongan/Pantura (G)
31,1,,TikTok,"dalane be ky guplak,duite pd kemana",Negatif,,,2026-02-25 19:46:39.483484+00:00,4 h yang lalu,Beban Ekonomi,Institusi (Bapenda/Samsat),Pekalongan/Pantura (G)
2826,2,,TikTok,Kenapa daerah lain tidak naik?,Negatif,,,2026-02-25 19:46:39.483484+00:00,1 h yang lalu,Beban Ekonomi,Lainnya,Solo Raya (AD)
1920,1,,TikTok,yang dinaikan termul saja😁,Negatif,,,2026-02-25 19:46:39.483484+00:00,2-12,Beban Ekonomi,Lainnya,Lainnya/Jateng
1950,1,,TikTok,😂😂 delogok motor tuo pjek e mundak larang rego motor e ajur,Negatif,,,2026-02-25 19:46:39.483484+00:00,2-12,Beban Ekonomi,Lainnya,Lainnya/Jateng
2116,1,,TikTok,"gila PJK naiknya tinggi banget,,,",Negatif,,,2026-02-25 19:46:39.483484+00:00,2-12,Beban Ekonomi,Lainnya,Lainnya/Jateng
2277,1,,TikTok,"naik kan lngsung 100℅ aja jngn tanggung"" naik kan nya",Negatif,,,2026-02-25 19:46:39.483484+00:00,2-12,Beban Ekonomi,Lainnya,Lainnya/Jateng
2300,1,,TikTok,saya petani nanam padi ga Tek pupuk Karana cari pupuk mahal sulit pula,Negatif,,,2026-02-25 19:46:39.483484+00:00,2-12,Beban Ekonomi,Lainnya,Lainnya/Jateng
2344,1,,TikTok,cocok pak naikan 100 sekaliyan pak masarakat biar menjerit pak,Negatif,,,2026-02-25 19:46:39.483484+00:00,2-12,Beban Ekonomi,Lainnya,Lainnya/Jateng
2467,1,,TikTok,naikan trs biar pendapatan daerah turun,Negatif,,,2026-02-25 19:46:39.483484+00:00,2-12,Beban Ekonomi,Lainnya,Lainnya/Jateng
2613,2,,TikTok,nggonku mundak langsung 300rb....,Negatif,,,2026-02-25 19:46:39.483484+00:00,2 j yang lalu,Beban Ekonomi,Lainnya,Lainnya/Jateng
2626,2,,TikTok,dilarang Panik😂,Negatif,,,2026-02-25 19:46:39.483484+00:00,22 j yang lalu,Beban Ekonomi,Lainnya,Lainnya/Jateng
2661,2,,TikTok,preee3ttttt ingi pjk yo naik 540rb kok,Negatif,,,2026-02-25 19:46:39.483484+00:00,11 j yang lalu,Beban Ekonomi,Lainnya,Lainnya/Jateng
2681,2,,TikTok,itu sudah naik terasa berat,Negatif,,,2026-02-25 19:46:39.483484+00:00,17 j yang lalu,Beban Ekonomi,Lainnya,Lainnya/Jateng
2688,2,,TikTok,"jkrta juga naik thun kmren. nya motor 955.000
kmrin byar trkhir 2025 akhir 1.151.000",Negatif,,,2026-02-25 19:46:39.483484+00:00,18 j yang lalu,Beban Ekonomi,Lainnya,Lainnya/Jateng
2878,2,,TikTok,"alkhamdulillah motor udh tak jual,mending KLO MW pergi naik gojek ajach...",Negatif,,,2026-02-25 19:46:39.483484+00:00,1 h yang lalu,Beban Ekonomi,Lainnya,Lainnya/Jateng
2893,2,,TikTok,naikan ugal ugalan pak😭,Negatif,,,2026-02-25 19:46:39.483484+00:00,1 h yang lalu,Beban Ekonomi,Lainnya,Lainnya/Jateng
2918,2,,TikTok,kokean naike pak,Negatif,,,2026-02-25 19:46:39.483484+00:00,1 h yang lalu,Beban Ekonomi,Lainnya,Lainnya/Jateng
2960,3,,Instagram,"Tidak ada matamu, intine mundak",Negatif,,,2026-02-25 19:46:39.483484+00:00,"Tidak ada matamu, intine mundak",Beban Ekonomi,Lainnya,Lainnya/Jateng
2973,3,,Instagram,dih naik woy ...,Negatif,,,2026-02-25 19:46:39.483484+00:00,dih naik woy ...,Beban Ekonomi,Lainnya,Lainnya/Jateng
3000,3,,Instagram,Nyatane yo mundak,Negatif,,,2026-02-25 19:46:39.483484+00:00,Nyatane yo mundak,Beban Ekonomi,Lainnya,Lainnya/Jateng
2528,2,,TikTok,Opsen kui pakanan opo koq larang temen ?,Negatif,,,2026-02-25 19:46:39.483484+00:00,1 h yang lalu,Beban Ekonomi,Institusi (Bapenda/Samsat),Lainnya/Jateng
3004,3,,Instagram,Sakmundake🔥,Negatif,,,2026-02-25 19:46:39.483484+00:00,Sakmundake🔥,Beban Ekonomi,Lainnya,Lainnya/Jateng
2306,1,,TikTok,lut kalau bisa 100% naiknya,Negatif,,,2026-02-25 19:46:39.483484+00:00,2-12,Beban Ekonomi,Gubernur,Lainnya/Jateng
2494,1,,TikTok,"hutang suruh bayar rakyat,uang dkorupsi",Negatif,,,2026-02-25 19:46:39.483484+00:00,2-12,Beban Ekonomi,Nasib Rakyat / Kesejahteraan,Lainnya/Jateng
2313,1,,TikTok,"giliran urusan duit nongol...
Masyarakat kena bencana nggak ada nongol",Negatif,,,2026-02-25 19:46:39.483484+00:00,2-12,Beban Ekonomi,Gubernur,Lainnya/Jateng
2169,1,,TikTok,lha d naikan.. ya malah tambah ga bayar,Negatif,,,2026-02-25 19:46:39.483484+00:00,2-12,Beban Ekonomi,Institusi (Bapenda/Samsat),Lainnya/Jateng
2341,1,,TikTok,golet duit lagi angel malah mundak,Negatif,,,2026-02-25 19:46:39.483484+00:00,2-12,Beban Ekonomi,Institusi (Bapenda/Samsat),Lainnya/Jateng
2597,2,,TikTok,jumlah sek dibayar luweh AKEH jumlahe. tapi ora di jenenge mundak .....😂😂😂,Negatif,,,2026-02-25 19:46:39.483484+00:00,2 j yang lalu,Beban Ekonomi,Institusi (Bapenda/Samsat),Lainnya/Jateng
2507,1,,TikTok,di naikin paling jadi sarang parang koruptor,Negatif,,,2026-02-25 19:46:39.483484+00:00,2-12,Beban Ekonomi,Pemerintahan,Lainnya/Jateng
2510,1,,TikTok,"ga ngotak naik nyaa,,kenyang korup",Negatif,,,2026-02-25 19:46:39.483484+00:00,2-12,Beban Ekonomi,Pemerintahan,Lainnya/Jateng
2857,2,,TikTok,korupsinya krg x di naikan lg,Negatif,,,2026-02-25 19:46:39.483484+00:00,1 h yang lalu,Beban Ekonomi,Pemerintahan,Lainnya/Jateng
2578,2,,TikTok,"harusnya mobil tambah tahun turun, realitanya naik, kok banyak argumen",Negatif,,,2026-02-25 19:46:39.483484+00:00,22 j yang lalu,Beban Ekonomi,Lainnya,Pekalongan/Pantura (G)
2690,2,,TikTok,tahun 2025 yg naik banyak,Negatif,,,2026-02-25 19:46:39.483484+00:00,18 j yang lalu,Beban Ekonomi,Lainnya,Pekalongan/Pantura (G)
2696,2,,TikTok,"tahun 2026 ra mundak, la wong mundake wis tahun 2025 😳",Negatif,,,2026-02-25 19:46:39.483484+00:00,18 j yang lalu,Beban Ekonomi,Lainnya,Pekalongan/Pantura (G)
2523,2,,TikTok,mau 2026 2025 kalo bayarnya nambah banyak namanya naik,Negatif,,,2026-02-25 19:46:39.483484+00:00,1 h yang lalu,Beban Ekonomi,Institusi (Bapenda/Samsat),Pekalongan/Pantura (G)
2532,2,,TikTok,"mana gk ada naik
aq bayar aq cek naik ko",Negatif,,,2026-02-25 19:46:39.483484+00:00,1 j yang lalu,Beban Ekonomi,Institusi (Bapenda/Samsat),Pekalongan/Pantura (G)
3101,3,,Instagram,2025 mundak 2026 mundak 😂,Negatif,,,2026-02-25 19:46:39.483484+00:00,2025 mundak 2026 mundak 😂,Beban Ekonomi,Lainnya,Lainnya/Jateng
3050,3,,Instagram,Ra sisan 100% mundak e nanggung men 66% 😂,Negatif,,,2026-02-25 19:46:39.483484+00:00,Ra sisan 100% mundak e nanggung men 66% 😂,Beban Ekonomi,Lainnya,Lainnya/Jateng
3055,3,,Instagram,Gudaleeee rak mundak,Negatif,,,2026-02-25 19:46:39.483484+00:00,Gudaleeee rak mundak,Beban Ekonomi,Lainnya,Lainnya/Jateng
3113,3,,Instagram,Semakin tua tambah Larang ki ngitunge piye,Negatif,,,2026-02-25 19:46:39.483484+00:00,Semakin tua tambah Larang ki ngitunge piye,Beban Ekonomi,Lainnya,Lainnya/Jateng
3129,3,,Instagram,MUNDAK SAKPOLE😮‍💨,Negatif,,,2026-02-25 19:46:39.483484+00:00,MUNDAK SAKPOLE😮‍💨,Beban Ekonomi,Lainnya,Lainnya/Jateng
3135,3,,Instagram,mundak e wahe ugal2 an ok tidak ada pie😂,Negatif,,,2026-02-25 19:46:39.483484+00:00,mundak e wahe ugal2 an ok tidak ada pie😂,Beban Ekonomi,Lainnya,Lainnya/Jateng
3139,3,,Instagram,Ra mundak piye ta bos 🙌,Negatif,,,2026-02-25 19:46:39.483484+00:00,Ra mundak piye ta bos 🙌,Beban Ekonomi,Lainnya,Lainnya/Jateng
3642,3,,Instagram,2025 naik 16℅,Negatif,,,2026-02-25 19:46:39.483484+00:00,2025 naik 16℅,Beban Ekonomi,Lainnya,Lainnya/Jateng
3156,3,,Instagram,Judule genah newsakpole yo mundak sakpole🔥🔥🔥,Negatif,,,2026-02-25 19:46:39.483484+00:00,Judule genah newsakpole yo mundak sakpole🔥🔥🔥,Beban Ekonomi,Lainnya,Lainnya/Jateng
3167,3,,Instagram,"(100×0,91%)+(100×0,91%×66%) nih rumus tarif pkb kalo mau nggak naik bukan pake 1,05%",Negatif,,,2026-02-25 19:46:39.483484+00:00,"(100×0,91%)+(100×0,91%×66%) nih rumus tarif pkb kalo mau nggak naik bukan pake 1,05%",Beban Ekonomi,Lainnya,Lainnya/Jateng
3207,3,,Instagram,Gak melu nyoblos yo tetep melu mundak ik,Negatif,,,2026-02-25 19:46:39.483484+00:00,Gak melu nyoblos yo tetep melu mundak ik,Beban Ekonomi,Lainnya,Lainnya/Jateng
3209,3,,Instagram,Ora mundak piye to pakde.,Negatif,,,2026-02-25 19:46:39.483484+00:00,Ora mundak piye to pakde.,Beban Ekonomi,Lainnya,Lainnya/Jateng
3251,3,,Instagram,2024 lebih murah dari 2025-2026.. fakta seterang ini klo bukan naik apa?,Negatif,,,2026-02-25 19:46:39.483484+00:00,2024 lebih murah dari 2025-2026.. fakta seterang ini klo bukan naik apa?,Beban Ekonomi,Lainnya,Lainnya/Jateng
3262,3,,Instagram,Engga naik cuma nambah,Negatif,,,2026-02-25 19:46:39.483484+00:00,Engga naik cuma nambah,Beban Ekonomi,Lainnya,Lainnya/Jateng
3290,3,,Instagram,jelas² naik koq bilang tidak ada kenaikan....,Negatif,,,2026-02-25 19:46:39.483484+00:00,jelas² naik koq bilang tidak ada kenaikan....,Beban Ekonomi,Lainnya,Lainnya/Jateng
3296,3,,Instagram,SUDAH DICEK NAIKKKK,Negatif,,,2026-02-25 19:46:39.483484+00:00,SUDAH DICEK NAIKKKK,Beban Ekonomi,Lainnya,Lainnya/Jateng
3299,3,,Instagram,"Mataneee nggak ada kenaikan ,",Negatif,,,2026-02-25 19:46:39.483484+00:00,"Mataneee nggak ada kenaikan ,",Beban Ekonomi,Lainnya,Lainnya/Jateng
3316,3,,Instagram,"Meh ngei Duwet ndadak ruwet di tambahi mundak mbarang, maknyusss",Negatif,,,2026-02-25 19:46:39.483484+00:00,"Meh ngei Duwet ndadak ruwet di tambahi mundak mbarang, maknyusss",Beban Ekonomi,Lainnya,Lainnya/Jateng
3327,3,,Instagram,"Mundak,, ora sah nge les",Negatif,,,2026-02-25 19:46:39.483484+00:00,"Mundak,, ora sah nge les",Beban Ekonomi,Lainnya,Lainnya/Jateng
3362,3,,Instagram,mundaksakpole 😂,Negatif,,,2026-02-25 19:46:39.483484+00:00,mundaksakpole 😂,Beban Ekonomi,Lainnya,Lainnya/Jateng
3057,3,,Instagram,"Pak yang kita lihat totalnya naik, jangan muter muter cuma mau bihongin rakyat!",Negatif,,,2026-02-25 19:46:39.483484+00:00,"Pak yang kita lihat totalnya naik, jangan muter muter cuma mau bihongin rakyat!",Beban Ekonomi,Nasib Rakyat / Kesejahteraan,Lainnya/Jateng
3053,3,,Instagram,"Ekonomi lg sulit jng membebankan terlalu tinggi ke rakyat,krn fakta dilapangan ada kenaikan bnyk,mohon direvisi agar rakyat tdk mogok bayar",Negatif,,,2026-02-25 19:46:39.483484+00:00,"Ekonomi lg sulit jng membebankan terlalu tinggi ke rakyat,krn fakta dilapangan ada kenaikan bnyk,mohon direvisi agar rakyat tdk mogok bayar",Beban Ekonomi,Nasib Rakyat / Kesejahteraan,Lainnya/Jateng
3051,3,,Instagram,hanya narasi..toh duitnya jelas masuk pendapatan provinsi,Negatif,,,2026-02-25 19:46:39.483484+00:00,hanya narasi..toh duitnya jelas masuk pendapatan provinsi,Beban Ekonomi,Institusi (Bapenda/Samsat),Lainnya/Jateng
3068,3,,Instagram,"Tahun 2025 kehilangan pendapatan 2,4T... Tahun ini kira2 jd berapa min setelah tambah naik?",Negatif,,,2026-02-25 19:46:39.483484+00:00,"Tahun 2025 kehilangan pendapatan 2,4T... Tahun ini kira2 jd berapa min setelah tambah naik?",Beban Ekonomi,Lainnya,Pekalongan/Pantura (G)
3360,3,,Instagram,"Pembandingnya 2024 dong min, 2025 mah emang udah naik tapi dikasih diskon biar gak rame",Negatif,,,2026-02-25 19:46:39.483484+00:00,"Pembandingnya 2024 dong min, 2025 mah emang udah naik tapi dikasih diskon biar gak rame",Beban Ekonomi,Lainnya,Pekalongan/Pantura (G)
3369,3,,Instagram,"Tahun 2025 kehilangan pendapatan 2,4T... Tahun ini kira2 jd berapa min setelah tambah naik?",Negatif,,,2026-02-25 19:46:39.483484+00:00,"Tahun 2025 kehilangan pendapatan 2,4T... Tahun ini kira2 jd berapa min setelah tambah naik?",Beban Ekonomi,Lainnya,Pekalongan/Pantura (G)
3359,3,,Instagram,Pajaku lho naik hampir 500 an 😂  menyala🔥,Negatif,,,2026-02-25 19:46:39.483484+00:00,Pajaku lho naik hampir 500 an 😂  menyala🔥,Beban Ekonomi,Institusi (Bapenda/Samsat),Lainnya/Jateng
3437,3,,Instagram,Wes larang aplikasi sakpole rak iso sisan,Negatif,,,2026-02-25 19:46:39.483484+00:00,Wes larang aplikasi sakpole rak iso sisan,Beban Ekonomi,Lainnya,Lainnya/Jateng
3378,3,,Instagram,"ora bakal berkah, duit gaji sik mbok pangan sko jerit payah wong sik kerjo bercucuran keringet, eling ora bakal berkah, kabeh ora iklhas walaupun diharuskan bayar, ORA IKLHAS.",Negatif,,,2026-02-25 19:46:39.483484+00:00,"ora bakal berkah, duit gaji sik mbok pangan sko jerit payah wong sik kerjo bercucuran keringet, eling ora bakal berkah, kabeh ora iklhas walaupun diharuskan bayar, ORA IKLHAS.",Beban Ekonomi,Institusi (Bapenda/Samsat),Solo Raya (AD)
3496,3,,Instagram,Naik terooossss,Negatif,,,2026-02-25 19:46:39.483484+00:00,Naik terooossss,Beban Ekonomi,Lainnya,Lainnya/Jateng
3546,3,,Instagram,Tidak ada kenaikan faktanya ada kenaikan lho...,Negatif,,,2026-02-25 19:46:39.483484+00:00,Tidak ada kenaikan faktanya ada kenaikan lho...,Beban Ekonomi,Lainnya,Lainnya/Jateng
3578,3,,Instagram,umr naike ora ono 66% min,Negatif,,,2026-02-25 19:46:39.483484+00:00,umr naike ora ono 66% min,Beban Ekonomi,Lainnya,Lainnya/Jateng
3584,3,,Instagram,Intine luwih larang bos....,Negatif,,,2026-02-25 19:46:39.483484+00:00,Intine luwih larang bos....,Beban Ekonomi,Lainnya,Lainnya/Jateng
3670,3,,Instagram,Fakta dilapangan naik woii,Negatif,,,2026-02-25 19:46:39.483484+00:00,Fakta dilapangan naik woii,Beban Ekonomi,Lainnya,Lainnya/Jateng
3648,3,,Instagram,"Ngecek sakpole ra iso dino iki, wingi iseh 388.000, aplikasi waras lak ngerti2 mundak akeh",Negatif,,,2026-02-25 19:46:39.483484+00:00,"Ngecek sakpole ra iso dino iki, wingi iseh 388.000, aplikasi waras lak ngerti2 mundak akeh",Beban Ekonomi,Lainnya,Lainnya/Jateng
3665,3,,Instagram,Ora urusss... Intine yo Naikkkk 🔥🔥🔥,Negatif,,,2026-02-25 19:46:39.483484+00:00,Ora urusss... Intine yo Naikkkk 🔥🔥🔥,Beban Ekonomi,Lainnya,Lainnya/Jateng
3680,3,,Instagram,Mundak ya mundak ora sah kakean cangkem alesan tok,Negatif,,,2026-02-25 19:46:39.483484+00:00,Mundak ya mundak ora sah kakean cangkem alesan tok,Beban Ekonomi,Lainnya,Lainnya/Jateng
3387,3,,Instagram,"Awal January 2025 yo wes mundak ko go duit mepet logikane luih murah sko taun sak urunge mlah luih akehh lawakkkk, rewangi utang ge genepi kurange gokkdlogok",Negatif,,,2026-02-25 19:46:39.483484+00:00,"Awal January 2025 yo wes mundak ko go duit mepet logikane luih murah sko taun sak urunge mlah luih akehh lawakkkk, rewangi utang ge genepi kurange gokkdlogok",Beban Ekonomi,Nasib Rakyat / Kesejahteraan,Lainnya/Jateng
3659,3,,Instagram,Seng penting ra sido mundak pak pakek ke. Nek aku gulu rakyat soaleee. Kahanan koyo ngene malah pakek diundakne.,Negatif,,,2026-02-25 19:46:39.483484+00:00,Seng penting ra sido mundak pak pakek ke. Nek aku gulu rakyat soaleee. Kahanan koyo ngene malah pakek diundakne.,Beban Ekonomi,Nasib Rakyat / Kesejahteraan,Lainnya/Jateng
3473,3,,Instagram,"Bilangnya tidak ada kenaikan, tapi kok nominal yg harus dibayar naik?",Negatif,,,2026-02-25 19:46:39.483484+00:00,"Bilangnya tidak ada kenaikan, tapi kok nominal yg harus dibayar naik?",Beban Ekonomi,Institusi (Bapenda/Samsat),Lainnya/Jateng
3396,3,,Instagram,"Dari tahun 2023 sampai 2024 turun min, tapi mulai 2025 malah naik ini 2026 malah naik lagi, 🥹 katanya 2025 katanya lebih murah,",Negatif,,,2026-02-25 19:46:39.483484+00:00,"Dari tahun 2023 sampai 2024 turun min, tapi mulai 2025 malah naik ini 2026 malah naik lagi, 🥹 katanya 2025 katanya lebih murah,",Beban Ekonomi,Lainnya,Pekalongan/Pantura (G)
3445,3,,Instagram,Naiknya juga sebenarnya sudah dari April atau waktu pemutihan itu kan? Yg bulan 1-2 tahun kemarin kena diskon.,Negatif,,,2026-02-25 19:46:39.483484+00:00,Naiknya juga sebenarnya sudah dari April atau waktu pemutihan itu kan? Yg bulan 1-2 tahun kemarin kena diskon.,Beban Ekonomi,Lainnya,Pekalongan/Pantura (G)
3566,3,,Instagram,Lha tho sbnre tahun kmrn sdh naik,Negatif,,,2026-02-25 19:46:39.483484+00:00,Lha tho sbnre tahun kmrn sdh naik,Beban Ekonomi,Lainnya,Pekalongan/Pantura (G)
3573,3,,Instagram,"Tahun 2024 byr 1juta 650ribu, tahun 2025 mlh jd 1,900. Nek ra naik jenenge apa lik..??!",Negatif,,,2026-02-25 19:46:39.483484+00:00,"Tahun 2024 byr 1juta 650ribu, tahun 2025 mlh jd 1,900. Nek ra naik jenenge apa lik..??!",Beban Ekonomi,Lainnya,Pekalongan/Pantura (G)
3392,3,,Instagram,"maaf min, punyaku kok naik yaa di Tahun 2025 mau hampir 1X lipatnya ? Sy bayar akhir Des 24 krn jatuh tempo sy di tgl 10 Jan 25",Negatif,,,2026-02-25 19:46:39.483484+00:00,"maaf min, punyaku kok naik yaa di Tahun 2025 mau hampir 1X lipatnya ? Sy bayar akhir Des 24 krn jatuh tempo sy di tgl 10 Jan 25",Beban Ekonomi,Institusi (Bapenda/Samsat),Pekalongan/Pantura (G)
3729,3,,Instagram,naik terosss,Negatif,,,2026-02-25 19:46:39.483484+00:00,naik terosss,Beban Ekonomi,Lainnya,Lainnya/Jateng
3731,3,,Instagram,naik terosss,Negatif,,,2026-02-25 19:46:39.483484+00:00,naik terosss,Beban Ekonomi,Lainnya,Lainnya/Jateng
3748,3,,Instagram,Kata siapa tdk ada kenaikan,Negatif,,,2026-02-25 19:46:39.483484+00:00,Kata siapa tdk ada kenaikan,Beban Ekonomi,Lainnya,Lainnya/Jateng
3791,3,,Instagram,"Owalah , udah jelas2 naik malah bikin statement ngk jelas gini 🤣",Negatif,,,2026-02-25 19:46:39.483484+00:00,"Owalah , udah jelas2 naik malah bikin statement ngk jelas gini 🤣",Beban Ekonomi,Lainnya,Lainnya/Jateng
3806,3,,Instagram,"Intine tetep mundak 66% kan, ming bermain retorik mblubat mblubet",Negatif,,,2026-02-25 19:46:39.483484+00:00,"Intine tetep mundak 66% kan, ming bermain retorik mblubat mblubet",Beban Ekonomi,Lainnya,Lainnya/Jateng
3835,3,,Instagram,Matane. Awale 1.4 juta dadi 1.6 juta ngono kui ra mundak cok???😂😂😂,Negatif,,,2026-02-25 19:46:39.483484+00:00,Matane. Awale 1.4 juta dadi 1.6 juta ngono kui ra mundak cok???😂😂😂,Beban Ekonomi,Lainnya,Lainnya/Jateng
3414,3,,Instagram,"Jawa Tengah dihancurkan, Jawa Barat dinaikkan, strategi Jokowi naikkan KDM untuk mendampingi fufafa",Negatif,,,2026-02-25 19:46:39.483484+00:00,"Jawa Tengah dihancurkan, Jawa Barat dinaikkan, strategi Jokowi naikkan KDM untuk mendampingi fufafa",Beban Ekonomi,Lainnya,Lainnya/Jateng
212,1,,TikTok,calo kan dapet uang,Negatif,,,2026-02-25 19:46:39.483484+00:00,2 h yang lalu,Beban Ekonomi,Lainnya,Lainnya/Jateng
786,1,,TikTok,"Gini pak,murah aja masih ada yang ga mau,apalagi mahal,belum lagi yang lebih mudah lewat calo,kita aja berdagang biar laku harus jual murah",Negatif,,,2026-02-25 19:46:39.483484+00:00,1 m yang lalu,Beban Ekonomi,Lainnya,Lainnya/Jateng
269,1,,TikTok,ekonomi di Jawa Tengah sedang tidak baik' 2,Negatif,,,2026-02-25 19:46:39.483484+00:00,4 h yang lalu,Beban Ekonomi,Lainnya,Lainnya/Jateng
158,1,,TikTok,intinya sebagai rakyat kecil lebih punya dasar bahwa rakyat kecil ekonomi lagi ngenes,Negatif,,,2026-02-25 19:46:39.483484+00:00,2-13,Beban Ekonomi,Nasib Rakyat / Kesejahteraan,Lainnya/Jateng
235,1,,TikTok,yg makan siapa yang di susahin rkyat,Negatif,,,2026-02-25 19:46:39.483484+00:00,3 h yang lalu,Beban Ekonomi,Nasib Rakyat / Kesejahteraan,Lainnya/Jateng
1025,1,,TikTok,"betul punya dasar, tp juga lihat pertimbangan ekonomi rakyat mu pak😭",Negatif,,,2026-02-25 19:46:39.483484+00:00,1 m yang lalu,Beban Ekonomi,Nasib Rakyat / Kesejahteraan,Lainnya/Jateng
1104,1,,TikTok,makanya klo rakyat mau taat pjk dipermudah jangan dipersilit pakde biar pd byr😂,Negatif,,,2026-02-25 19:46:39.483484+00:00,2-13,Beban Ekonomi,Nasib Rakyat / Kesejahteraan,Lainnya/Jateng
1457,1,,TikTok,rakyate LG susah bgt pk,Negatif,,,2026-02-25 19:46:39.483484+00:00,2-12,Beban Ekonomi,Nasib Rakyat / Kesejahteraan,Lainnya/Jateng
1585,1,,TikTok,UTANG....TRUS SENG NGUTANG KUWI SOPO.KOK RAKYAT DI SURUH IKUT NANGGUNG HUTANG.WONG KITA MAKAN YO ORA GRATIS.ANEH KAN.....,Negatif,,,2026-02-25 19:46:39.483484+00:00,2-12,Beban Ekonomi,Nasib Rakyat / Kesejahteraan,Lainnya/Jateng
3787,3,,Instagram,"Ada... Udh naik dr th kemarin min,  Kakean ngelesss aja nih adminnya, habis di suruh atasan ya untuk ngeles????",Negatif,,,2026-02-25 19:46:39.483484+00:00,"Ada... Udh naik dr th kemarin min,  Kakean ngelesss aja nih adminnya, habis di suruh atasan ya untuk ngeles????",Beban Ekonomi,Gubernur,Lainnya/Jateng
3785,3,,Instagram,Alumni coklat dadine pikirane duit duit duit….,Negatif,,,2026-02-25 19:46:39.483484+00:00,Alumni coklat dadine pikirane duit duit duit….,Beban Ekonomi,Institusi (Bapenda/Samsat),Lainnya/Jateng
310,1,,TikTok,wes kendaraan e di dol wae ganti tuku plat jabar opo jatim ben isoh nyumbang daerah liane drpd bayar larang ra jelas😂,Negatif,,,2026-02-25 19:46:39.483484+00:00,5 h yang lalu,Beban Ekonomi,Institusi (Bapenda/Samsat),Lainnya/Jateng
3673,3,,Instagram,"2025 itu sudah ada kenaikan., jadi hoax kalo 2025 lebih murah!!",Negatif,,,2026-02-25 19:46:39.483484+00:00,"2025 itu sudah ada kenaikan., jadi hoax kalo 2025 lebih murah!!",Beban Ekonomi,Pemerintahan,Lainnya/Jateng
3363,3,,Instagram,"nembak ktp dadike PNBP gpp q, luwuh ikhlas dari pd makani gurem""...",Negatif,,,2026-02-25 19:46:39.483484+00:00,"nembak ktp dadike PNBP gpp q, luwuh ikhlas dari pd makani gurem""...",Beban Ekonomi,Nasib Rakyat / Kesejahteraan,Lainnya/Jateng
3856,3,,Instagram,"Ra mundak your head!!! Motor ku vario karbu 2011, tahun wingi (2025) PKB ne 95.000. Bulan februari iki (2026) PKB ne dadi 108.500 🫵🏽",Negatif,,,2026-02-25 19:46:39.483484+00:00,"Ra mundak your head!!! Motor ku vario karbu 2011, tahun wingi (2025) PKB ne 95.000. Bulan februari iki (2026) PKB ne dadi 108.500 🫵🏽",Beban Ekonomi,Lainnya,Pekalongan/Pantura (G)
3887,3,,Instagram,Udah naiik dari tahun kmren..ya bener aja thn ini gak naik,Negatif,,,2026-02-25 19:46:39.483484+00:00,Udah naiik dari tahun kmren..ya bener aja thn ini gak naik,Beban Ekonomi,Lainnya,Pekalongan/Pantura (G)
159,1,,TikTok,wow... pkb di stnk naik.. dibanding th kemarin.. msk motor tahun tua pkb bukan nya turun malah naik.. emg motor kek emas apa?,Negatif,,,2026-02-25 19:46:39.483484+00:00,2-13,Beban Ekonomi,Lainnya,Pekalongan/Pantura (G)
1694,1,,TikTok,ya lihat kondisi ekonomi sangat sulit saat ini dong buat kebutuhan sehari2 aja keteteran,Negatif,,,2026-02-25 19:46:39.483484+00:00,2-12,Beban Ekonomi,Lainnya,Lainnya/Jateng
1541,1,,TikTok,ORA mundak ORA kena bati ya pa gub..siapa sing milih cung,Negatif,,,2026-02-25 19:46:39.483484+00:00,2-12,Beban Ekonomi,Gubernur,Lainnya/Jateng
1690,1,,TikTok,Pajak..mahal..duite kango bancaan..rakyat menjerit....pak,Negatif,,,2026-02-25 19:46:39.483484+00:00,2-12,Beban Ekonomi,Institusi (Bapenda/Samsat),Lainnya/Jateng
2709,2,,TikTok,tidak ada kenaikan apa pajak saya satria Fu thn 2010 ya awal 280.menjadi 320.di 2026.rakyat di peras oleh pejabatnya,Negatif,,,2026-02-25 19:46:39.483484+00:00,20 j yang lalu,Beban Ekonomi,Institusi (Bapenda/Samsat),Lainnya/Jateng
2856,2,,TikTok,mau naikin pajak pkai cara politik,Negatif,,,2026-02-25 19:46:39.483484+00:00,1 h yang lalu,Beban Ekonomi,Institusi (Bapenda/Samsat),Lainnya/Jateng
3260,3,,Instagram,Hapus pajak opsen. Duitku balikno ndess!!,Negatif,,,2026-02-25 19:46:39.483484+00:00,Hapus pajak opsen. Duitku balikno ndess!!,Beban Ekonomi,Institusi (Bapenda/Samsat),Lainnya/Jateng
3279,3,,Instagram,TAI NGASU🔥.. BATALIN KENAIKAN PAJAK,Negatif,,,2026-02-25 19:46:39.483484+00:00,TAI NGASU🔥.. BATALIN KENAIKAN PAJAK,Beban Ekonomi,Institusi (Bapenda/Samsat),Lainnya/Jateng
3597,3,,Instagram,"Seng Jare NGOPENI Rakyat e malah Gawe Susah e Rakyat,,Beban ke Rakyat !!!",Negatif,,,2026-02-25 19:46:39.483484+00:00,"Seng Jare NGOPENI Rakyat e malah Gawe Susah e Rakyat,,Beban ke Rakyat !!!",Beban Ekonomi,Gubernur,Lainnya/Jateng
2147,1,,TikTok,mundur aja klo skiranya bikin susah masyarakat,Negatif,,,2026-02-25 19:46:39.483484+00:00,2-12,Beban Ekonomi,Nasib Rakyat / Kesejahteraan,Lainnya/Jateng
2193,1,,TikTok,pembunuh ekonomi rakyat,Negatif,,,2026-02-25 19:46:39.483484+00:00,2-12,Beban Ekonomi,Nasib Rakyat / Kesejahteraan,Lainnya/Jateng
2419,1,,TikTok,demo demo saja kita sudah miskin tambah di susahin,Negatif,,,2026-02-25 19:46:39.483484+00:00,2-12,Beban Ekonomi,Nasib Rakyat / Kesejahteraan,Lainnya/Jateng
2423,1,,TikTok,lost naik setinggi tingginya biar jajaran gubernur dan pejabat Laen sejahtera,Negatif,,,2026-02-25 19:46:39.483484+00:00,2-12,Beban Ekonomi,Gubernur,Lainnya/Jateng
661,1,,TikTok,gubernur urusan nya duit mulu...,Negatif,,,2026-02-25 19:46:39.483484+00:00,2-13,Beban Ekonomi,Gubernur,Lainnya/Jateng
682,1,,TikTok,Baru kena bencana bukanya membantu meringankan biaya kehidupan rakyatnya tp justru malah membebani.Gubernur model apa ini?,Negatif,,,2026-02-25 19:46:39.483484+00:00,2-13,Beban Ekonomi,Gubernur,Lainnya/Jateng
992,1,,TikTok,lah males gubernur ora ana hasile ngurusi masalah duit cepet.....,Negatif,,,2026-02-25 19:46:39.483484+00:00,2-13,Beban Ekonomi,Gubernur,Lainnya/Jateng
1747,1,,TikTok,dasarnya gubernur e golek2 duit,Negatif,,,2026-02-25 19:46:39.483484+00:00,2-12,Beban Ekonomi,Gubernur,Lainnya/Jateng
1857,1,,TikTok,"ngopeni duit e wng cilik... ngayomi sg duwe duit
gubernur kok nyengsarakne rakyatmu...",Negatif,,,2026-02-25 19:46:39.483484+00:00,2-12,Beban Ekonomi,Gubernur,Lainnya/Jateng
2012,1,,TikTok,malah ora medun malah mundak terus pak gub😅😅😅,Negatif,,,2026-02-25 19:46:39.483484+00:00,2-12,Beban Ekonomi,Gubernur,Lainnya/Jateng
3826,3,,Instagram,Gubernur aj GOIB. Permainan kata-kata saja. Intinya NAIK !!!! IYA KAN. Klo gini mah serukan,Negatif,,,2026-02-25 19:46:39.483484+00:00,Gubernur aj GOIB. Permainan kata-kata saja. Intinya NAIK !!!! IYA KAN. Klo gini mah serukan,Beban Ekonomi,Gubernur,Lainnya/Jateng
3869,3,,Instagram,Tanpa keputusan gubernur ya opsen gak naik... jahatnya kalian,Negatif,,,2026-02-25 19:46:39.483484+00:00,Tanpa keputusan gubernur ya opsen gak naik... jahatnya kalian,Beban Ekonomi,Gubernur,Lainnya/Jateng
2100,1,,TikTok,Gubernur kok gak bisa lihat kehidupan ekonomi warganya...,Negatif,,,2026-02-25 19:46:39.483484+00:00,2-12,Beban Ekonomi,Gubernur,Lainnya/Jateng
2544,2,,TikTok,"Tenan ora yo, thn 2025 sudah naik, thn 2026 beneran ndak naik lagi, koyo ngendikane pak wakil gubernur",Negatif,,,2026-02-25 19:46:39.483484+00:00,3 j yang lalu,Beban Ekonomi,Wakil Gubernur,Lainnya/Jateng
2892,2,,TikTok,"ya pas gubernur polri wakil gus.cocok
naik naik...",Negatif,,,2026-02-25 19:46:39.483484+00:00,1 h yang lalu,Beban Ekonomi,Wakil Gubernur,Lainnya/Jateng
2547,2,,TikTok,PADA BAEN WAKIL KARO GUBERNURE KONG KALI KONG THN 2025 BLM NAIK BARU SEKARANG NAIK 66% CUK,Negatif,,,2026-02-25 19:46:39.483484+00:00,19 j yang lalu,Beban Ekonomi,Wakil Gubernur,Lainnya/Jateng
360,1,,TikTok,"ganti pemimpin yg merakyat bukan yg menyengsarakan rakyat dgn keadaan ekonomi pasar .
gk milihh mlu knoo apes e",Negatif,,,2026-02-25 19:46:39.483484+00:00,6 h yang lalu,Beban Ekonomi,Gubernur,Lainnya/Jateng
289,1,,TikTok,upeti upeti...,Negatif,,,2026-02-25 19:46:39.483484+00:00,4 h yang lalu,Beban Ekonomi,Institusi (Bapenda/Samsat),Lainnya/Jateng
2430,1,,TikTok,Susah,Negatif,,,2026-02-25 19:46:39.483484+00:00,2-12,Beban Ekonomi,Nasib Rakyat / Kesejahteraan,Lainnya/Jateng
3837,3,,Instagram,Mata duiten su,Negatif,,,2026-02-25 19:46:39.483484+00:00,Mata duiten su,Beban Ekonomi,Institusi (Bapenda/Samsat),Lainnya/Jateng
3504,3,,Instagram,kalau gak berevaluasi makan pasti ya begitu.mohon berevaluasi 🙏🙏🙏,Negatif,,,2026-02-25 19:46:39.483484+00:00,kalau gak berevaluasi makan pasti ya begitu.mohon berevaluasi 🙏🙏🙏,Beban Ekonomi,Nasib Rakyat / Kesejahteraan,Lainnya/Jateng
3131,3,,Instagram,"Tidak ada makan siang yang Gratis, di desa makan gratis itu kudu sambatan disik",Netral,,,2026-02-25 19:46:39.483484+00:00,"Tidak ada makan siang yang Gratis, di desa makan gratis itu kudu sambatan disik",Beban Ekonomi,Nasib Rakyat / Kesejahteraan,Lainnya/Jateng
219,1,,TikTok,"upeti kl jaman landa, di peras rakyatnya",Negatif,,,2026-02-25 19:46:39.483484+00:00,2 h yang lalu,Beban Ekonomi,Institusi (Bapenda/Samsat),Pekalongan/Pantura (G)
2560,2,,TikTok,gus ini terjadi di jawa tengah yang lain ga da naik jujur wae gus akal akalan sampun ketok gus,Negatif,,,2026-02-25 19:46:39.483484+00:00,1 h yang lalu,Beban Ekonomi,Wakil Gubernur,Lainnya/Jateng
2566,2,,TikTok,masiio Gus Ra ngatasi yok an tetep mundak wkwkwk,Negatif,,,2026-02-25 19:46:39.483484+00:00,1 h yang lalu,Beban Ekonomi,Wakil Gubernur,Lainnya/Jateng
2675,2,,TikTok,seng di tunggu ora pakek naik bus seng di tunggu ki kebijakan-kebijakan gebernur ki ndi pakek naik datang gak di urusi q saiki wes moh mbayar gus,Negatif,,,2026-02-25 19:46:39.483484+00:00,16 j yang lalu,Beban Ekonomi,Wakil Gubernur,Lainnya/Jateng
372,1,,TikTok,"dasar apa pak...?
dasar bapak buat balik modal kampanye",Negatif,,,2026-02-25 19:46:39.483484+00:00,6 h yang lalu,Kekecewaan Politik,Gubernur,Lainnya/Jateng
3239,3,,Instagram,"Mau pajak harus ada KTP, tapi kalo bayar 50rb boleh.... Trus duit 50rb larinya kemana, harus diusut tuntas ini",Negatif,,,2026-02-25 19:46:39.483484+00:00,"Mau pajak harus ada KTP, tapi kalo bayar 50rb boleh.... Trus duit 50rb larinya kemana, harus diusut tuntas ini",Beban Ekonomi,Institusi (Bapenda/Samsat),Pekalongan/Pantura (G)
135,1,,TikTok,"gak bisa kerja makanya rakyat yg diperas dgn pajak yg tdk masuk akal,rakyat cari uang susah masih di jajah dgn pajak2 yg memberatkan rakyat,enak amat pemrintah",Negatif,,,2026-02-25 19:46:39.483484+00:00,2-12,Beban Ekonomi,Institusi (Bapenda/Samsat),Pekalongan/Pantura (G)
3358,3,,Instagram,Pajek larang larang Koyo UMR e gede gede o wae 😂,Negatif,,,2026-02-25 19:46:39.483484+00:00,Pajek larang larang Koyo UMR e gede gede o wae 😂,Beban Ekonomi,Institusi (Bapenda/Samsat),Lainnya/Jateng
3371,3,,Instagram,Saya kok ada kenaikan pajak y min?,Negatif,,,2026-02-25 19:46:39.483484+00:00,Saya kok ada kenaikan pajak y min?,Beban Ekonomi,Institusi (Bapenda/Samsat),Lainnya/Jateng
3395,3,,Instagram,"Pak,bayarin motorku pak,hasil jual motor uangnya mau  buat pake bayar pajak.",Negatif,,,2026-02-25 19:46:39.483484+00:00,"Pak,bayarin motorku pak,hasil jual motor uangnya mau  buat pake bayar pajak.",Beban Ekonomi,Institusi (Bapenda/Samsat),Lainnya/Jateng
3461,3,,Instagram,Pajak naik + biaya nembak ktp 😢,Negatif,,,2026-02-25 19:46:39.483484+00:00,Pajak naik + biaya nembak ktp 😢,Beban Ekonomi,Institusi (Bapenda/Samsat),Lainnya/Jateng
62,1,,TikTok,Ono bencana ilaaang ...giliran masalah duit nongoool......stop pajak....!!!,Negatif,,,2026-02-25 19:46:39.483484+00:00,2-12,Beban Ekonomi,Institusi (Bapenda/Samsat),Lainnya/Jateng
97,1,,TikTok,KLO semakin mahal pajak Yo malesi bayar,Negatif,,,2026-02-25 19:46:39.483484+00:00,2-12,Beban Ekonomi,Institusi (Bapenda/Samsat),Lainnya/Jateng
108,1,,TikTok,jarang kelihatan sekalinya keluar naikin pajak anj,Negatif,,,2026-02-25 19:46:39.483484+00:00,1 m yang lalu,Beban Ekonomi,Institusi (Bapenda/Samsat),Lainnya/Jateng
132,1,,TikTok,stop pajak larang bayare,Negatif,,,2026-02-25 19:46:39.483484+00:00,2-12,Beban Ekonomi,Institusi (Bapenda/Samsat),Lainnya/Jateng
141,1,,TikTok,rakyat udah mau patuh wajib pajak tapi ini kok malah pajak naik fantastis apa perlu rakyat nunggak pajak lagi pakkk,Negatif,,,2026-02-25 19:46:39.483484+00:00,2-12,Beban Ekonomi,Institusi (Bapenda/Samsat),Lainnya/Jateng
146,1,,TikTok,cari uang sulit malah di breki pajak utk bayar utang.,Negatif,,,2026-02-25 19:46:39.483484+00:00,6 h yang lalu,Beban Ekonomi,Institusi (Bapenda/Samsat),Lainnya/Jateng
151,1,,TikTok,umr terendah PAJAK naik mulu. cokk,Negatif,,,2026-02-25 19:46:39.483484+00:00,6 h yang lalu,Beban Ekonomi,Institusi (Bapenda/Samsat),Lainnya/Jateng
163,1,,TikTok,"masyarakat sdh susah, untuk makan saja susah, pendapatan tdk menentu, untuk bayar pajak yg naiknya tdk umum, menjerit kita,,,",Negatif,,,2026-02-25 19:46:39.483484+00:00,2-13,Beban Ekonomi,Institusi (Bapenda/Samsat),Lainnya/Jateng
165,1,,TikTok,segala masalah solusinya mesti menaikan pajak..malah rakyat yang jadi sapi perah..kalian pejabat yang hidup makmur.....,Negatif,,,2026-02-25 19:46:39.483484+00:00,2-13,Beban Ekonomi,Institusi (Bapenda/Samsat),Lainnya/Jateng
167,1,,TikTok,boro boro mikir rakyat nya di buka kan lapangan kerja malah naikan pajak drastis.pemimpin macam apa. giliran rakyat kena bencana saja malah menghilang,Negatif,,,2026-02-25 19:46:39.483484+00:00,2-13,Beban Ekonomi,Institusi (Bapenda/Samsat),Lainnya/Jateng
168,1,,TikTok,mundur aja pak dr pada naikin pajak aja kerja ny,Negatif,,,2026-02-25 19:46:39.483484+00:00,2-13,Beban Ekonomi,Institusi (Bapenda/Samsat),Lainnya/Jateng
181,1,,TikTok,"wah hebat sekali seperti a Jawa tengah makmur
Jabar udah mulai di hapus pajak Jawa Tengah di naikin hebat hebat",Negatif,,,2026-02-25 19:46:39.483484+00:00,2-12,Beban Ekonomi,Institusi (Bapenda/Samsat),Lainnya/Jateng
239,1,,TikTok,sebenarnya kalo pingin masyarakatnya taat pajak turunin pajaknya jangan Mala dinaikin agar seluruh warga Indonesia itu tidak kesulitan bayar pajaknya,Negatif,,,2026-02-25 19:46:39.483484+00:00,3 h yang lalu,Beban Ekonomi,Institusi (Bapenda/Samsat),Lainnya/Jateng
275,1,,TikTok,prestasinya cuma menaikan pajak🤣🤣🤣,Negatif,,,2026-02-25 19:46:39.483484+00:00,4 h yang lalu,Beban Ekonomi,Institusi (Bapenda/Samsat),Lainnya/Jateng
303,1,,TikTok,Oalah pak pak kok malah naikkan pajak.adakan LG kendaraan2yg mati 2sampe 10 suruh bayar pajak sekali aja.jangan naikan pajak gitu pak.payah,Negatif,,,2026-02-25 19:46:39.483484+00:00,4 h yang lalu,Beban Ekonomi,Institusi (Bapenda/Samsat),Lainnya/Jateng
621,1,,TikTok,apan pjke tmbh larang kompak rk sh d pjki. bkane d turunin iki mlh d njatke,Negatif,,,2026-02-25 19:46:39.483484+00:00,2-13,Beban Ekonomi,Lainnya,Lainnya/Jateng
305,1,,TikTok,dasarnya kamu dapat Vee KLO pajak naik...,Negatif,,,2026-02-25 19:46:39.483484+00:00,4 h yang lalu,Beban Ekonomi,Institusi (Bapenda/Samsat),Lainnya/Jateng
1763,1,,TikTok,"umk naik, pajak ikutan naik",Negatif,,,2026-02-25 19:46:39.483484+00:00,2-12,Beban Ekonomi,Institusi (Bapenda/Samsat),Lainnya/Jateng
334,1,,TikTok,"ngene wae pak.penghasilan pajak setiap kota.uangnya di kelola buat pembangunan kota masing""..jadi nantinya setiap kota pasti maju dalam pembangunanya",Negatif,,,2026-02-25 19:46:39.483484+00:00,5 h yang lalu,Beban Ekonomi,Institusi (Bapenda/Samsat),Lainnya/Jateng
336,1,,TikTok,nanggung pak pajake naik mung 66% mending sekalian naik 1000% ...,Negatif,,,2026-02-25 19:46:39.483484+00:00,5 h yang lalu,Beban Ekonomi,Institusi (Bapenda/Samsat),Lainnya/Jateng
142,1,,TikTok,"UMR TAJENG RENDAH LOH,PABRIK DI MANA MANA,YANG KERJA KENA PAJAK TRUS PAJAK KENDRA MAU NAIK? ,",Negatif,,,2026-02-25 19:46:39.483484+00:00,4 h yang lalu,Beban Ekonomi,Institusi (Bapenda/Samsat),Pekalongan/Pantura (G)
395,1,,TikTok,"penghasilan syulit pajak makin naik,,, tunjangan pejabat makin naik,, males byar pajak,,,,",Negatif,,,2026-02-25 19:46:39.483484+00:00,6 h yang lalu,Beban Ekonomi,Institusi (Bapenda/Samsat),Lainnya/Jateng
402,1,,TikTok,ini orangnya..naikin pajak semaunya,Negatif,,,2026-02-25 19:46:39.483484+00:00,6 h yang lalu,Beban Ekonomi,Institusi (Bapenda/Samsat),Lainnya/Jateng
403,1,,TikTok,Kerja gaji gak naik” semua mahal pajak juga naik makin mat# rakyat kecil,Negatif,,,2026-02-25 19:46:39.483484+00:00,6 h yang lalu,Beban Ekonomi,Institusi (Bapenda/Samsat),Lainnya/Jateng
416,1,,TikTok,"Umr paling kecil biaya pajak rata"" hampir sama😂",Negatif,,,2026-02-25 19:46:39.483484+00:00,6 h yang lalu,Beban Ekonomi,Institusi (Bapenda/Samsat),Lainnya/Jateng
419,1,,TikTok,"naikin UMR aja ga mampu giliran pajak di naikin, justru biar pada bayar ya dimurahin bukan malah dimahalin, gmn sih cara pikirnya",Negatif,,,2026-02-25 19:46:39.483484+00:00,6 h yang lalu,Beban Ekonomi,Institusi (Bapenda/Samsat),Lainnya/Jateng
494,1,,TikTok,nyari duit lagi susah susahnya... malah pajak naik se enaknya... cuk,Negatif,,,2026-02-25 19:46:39.483484+00:00,2-12,Beban Ekonomi,Institusi (Bapenda/Samsat),Lainnya/Jateng
528,1,,TikTok,"wingi bar bayar pajak mobil, semakin tuwa mobil saya kok pajaknya malah naik 😂😂😂",Negatif,,,2026-02-25 19:46:39.483484+00:00,2-12,Beban Ekonomi,Institusi (Bapenda/Samsat),Lainnya/Jateng
532,1,,TikTok,g bakl bayar pajak lagi gw .malesss mahalllllll,Negatif,,,2026-02-25 19:46:39.483484+00:00,2-12,Beban Ekonomi,Institusi (Bapenda/Samsat),Lainnya/Jateng
542,1,,TikTok,"Dapet gaji kena pajak penghasilan
Buat beli barang kena PPN
Buat makan kena pajak resto
Buat beli kendaraan kena PPN, kena PKB, masih kena Opsen.
Itung2an, brapa sebenarnya duit kita ?",Negatif,,,2026-02-25 19:46:39.483484+00:00,2-12,Beban Ekonomi,Institusi (Bapenda/Samsat),Lainnya/Jateng
551,1,,TikTok,"lah mobil dinas dan kunjungan dinas di kurangi aturan di bikin sdh tau gak rakyat, kurangi gaya hidup,rapat di hotel makan enak, rakyat lg susah pajak di naikan 🤦❓",Negatif,,,2026-02-25 19:46:39.483484+00:00,2-12,Beban Ekonomi,Institusi (Bapenda/Samsat),Lainnya/Jateng
584,1,,TikTok,"bayar pajak uangnya buat apa ya, rakyat belum /tidak bayar pajak cuma hitungan di bwah 10 trilyun kok di uber, giliran yang korupsi ratusan trilyun kok adem ayem.",Negatif,,,2026-02-25 19:46:39.483484+00:00,2-12,Beban Ekonomi,Institusi (Bapenda/Samsat),Lainnya/Jateng
597,1,,TikTok,pajak naik demo geden,Negatif,,,2026-02-25 19:46:39.483484+00:00,2-12,Beban Ekonomi,Institusi (Bapenda/Samsat),Lainnya/Jateng
599,1,,TikTok,Gara2 pada nuggak pajak ya yang diuber yang nunggak dong...jangan main naikkan pajak kepada semua pemilik kendaraan...itu kan sangat tak masuk akal.,Negatif,,,2026-02-25 19:46:39.483484+00:00,2-12,Beban Ekonomi,Institusi (Bapenda/Samsat),Lainnya/Jateng
618,1,,TikTok,"rag usah bayar pajak wae
meh bayar wae di angel2 + pajak naik😢",Negatif,,,2026-02-25 19:46:39.483484+00:00,2-13,Beban Ekonomi,Institusi (Bapenda/Samsat),Lainnya/Jateng
629,1,,TikTok,"Masih iri sama pajak kendaraan bermotor malaysia yg murah, eh dinaikin lagi😅",Negatif,,,2026-02-25 19:46:39.483484+00:00,2-12,Beban Ekonomi,Institusi (Bapenda/Samsat),Lainnya/Jateng
673,1,,TikTok,mau taat pajak. mlah larange,Negatif,,,2026-02-25 19:46:39.483484+00:00,2-13,Beban Ekonomi,Institusi (Bapenda/Samsat),Lainnya/Jateng
706,1,,TikTok,ada bencana nggak nongol ...naikkan pajak seenaknya itu lah polisi,Negatif,,,2026-02-25 19:46:39.483484+00:00,2-12,Beban Ekonomi,Institusi (Bapenda/Samsat),Lainnya/Jateng
717,1,,TikTok,selain menaikan pajak apa gak ada yg lain to pak....,Negatif,,,2026-02-25 19:46:39.483484+00:00,2-12,Beban Ekonomi,Institusi (Bapenda/Samsat),Lainnya/Jateng
735,1,,TikTok,"pajak kendaraan dinaikkan tapi GAK ADA PRIORITAS penggunaannya untuk apa, targetnya untuk apa........",Negatif,,,2026-02-25 19:46:39.483484+00:00,2-12,Beban Ekonomi,Institusi (Bapenda/Samsat),Lainnya/Jateng
773,1,,TikTok,Pajak naik untuk tunjangan ASN.........,Negatif,,,2026-02-25 19:46:39.483484+00:00,6 h yang lalu,Beban Ekonomi,Institusi (Bapenda/Samsat),Lainnya/Jateng
775,1,,TikTok,"ekonomi makin sulit pajak malah naik, ibarat kita punya warung sepi malah harganya di naikkan kebijakan edan 😁😄",Negatif,,,2026-02-25 19:46:39.483484+00:00,5 h yang lalu,Beban Ekonomi,Institusi (Bapenda/Samsat),Lainnya/Jateng
777,1,,TikTok,pajak di naikkan bisa jadi untuk lahan korupsi,Negatif,,,2026-02-25 19:46:39.483484+00:00,5 h yang lalu,Beban Ekonomi,Institusi (Bapenda/Samsat),Lainnya/Jateng
803,1,,TikTok,dia siapa... kok muncul2 naikin pajak... kenal jg ga,Negatif,,,2026-02-25 19:46:39.483484+00:00,1 m yang lalu,Beban Ekonomi,Institusi (Bapenda/Samsat),Lainnya/Jateng
1332,1,,TikTok,jangan membebani rakyatmu pak dengan kenaikan pajak.,Negatif,,,2026-02-25 19:46:39.483484+00:00,2-12,Beban Ekonomi,Institusi (Bapenda/Samsat),Lainnya/Jateng
817,1,,TikTok,kita ngebiayain hidup mereka..dari pajak..stoplah,Negatif,,,2026-02-25 19:46:39.483484+00:00,1 m yang lalu,Beban Ekonomi,Institusi (Bapenda/Samsat),Lainnya/Jateng
827,1,,TikTok,gendeng wargane lagi kena bencana malah naikne pajak,Negatif,,,2026-02-25 19:46:39.483484+00:00,2 h yang lalu,Beban Ekonomi,Institusi (Bapenda/Samsat),Lainnya/Jateng
843,1,,TikTok,bukan pajaknya yang harus di naikan tapi administrasi nya yang di rubah..pajeg pasti seratus persen lunas ...kantong aja penuhin dulll kasdul,Negatif,,,2026-02-25 19:46:39.483484+00:00,2-13,Beban Ekonomi,Institusi (Bapenda/Samsat),Lainnya/Jateng
846,1,,TikTok,rakyat taat pajak jika prosedurnya mudah...kalo di persulit buat apa bayar pajak...hanya ngasih makan oknum yg doyan duit aja ...percuma..,Negatif,,,2026-02-25 19:46:39.483484+00:00,2-13,Beban Ekonomi,Institusi (Bapenda/Samsat),Lainnya/Jateng
859,1,,TikTok,"Dasar e ya mbrangas duit
utang2e nggo sampean
pajake dikasih ke rakyat",Negatif,,,2026-02-25 19:46:39.483484+00:00,2-13,Beban Ekonomi,Institusi (Bapenda/Samsat),Lainnya/Jateng
860,1,,TikTok,jos pokoke bapak e dewe nek Gon duwit lasung gas naik pajak,Negatif,,,2026-02-25 19:46:39.483484+00:00,2-13,Beban Ekonomi,Institusi (Bapenda/Samsat),Lainnya/Jateng
876,1,,TikTok,karena kamu yg kzmu pikir itu lapangan pekerjaan itu untuk rakyat supaya rakyat punya uang biar bisa bayar pajak,Negatif,,,2026-02-25 19:46:39.483484+00:00,2-13,Beban Ekonomi,Institusi (Bapenda/Samsat),Lainnya/Jateng
882,1,,TikTok,"rakyat indonesia sebenarnya semua taat pajak kalo dipermudah dan tidak terlalu tinggi,kalo pajak kau naikkan trs kita juga malas tho booos untuk byr pajak kndaraan bermotor",Negatif,,,2026-02-25 19:46:39.483484+00:00,2-13,Beban Ekonomi,Institusi (Bapenda/Samsat),Lainnya/Jateng
886,1,,TikTok,"jarang kelihatan jarang turun ke daerah2 sekali nongol menaikan pajak yg ugal2an ,",Negatif,,,2026-02-25 19:46:39.483484+00:00,2-13,Beban Ekonomi,Institusi (Bapenda/Samsat),Lainnya/Jateng
922,1,,TikTok,gak kelihatan kerjanya.begitu nongol ehhh naikin pajak.,Negatif,,,2026-02-25 19:46:39.483484+00:00,2-13,Beban Ekonomi,Institusi (Bapenda/Samsat),Lainnya/Jateng
929,1,,TikTok,Saya protes keras…!!! Nilai jual makin turun kok pajaknya makin naik….!!! Bandingkan dg prov lain…….,Negatif,,,2026-02-25 19:46:39.483484+00:00,2-13,Beban Ekonomi,Institusi (Bapenda/Samsat),Lainnya/Jateng
1009,1,,TikTok,ngak ada yg mau pajakk..mending buat jajan kalau di naikann,Negatif,,,2026-02-25 19:46:39.483484+00:00,1 m yang lalu,Beban Ekonomi,Institusi (Bapenda/Samsat),Lainnya/Jateng
1021,1,,TikTok,pajak naik pendaptan daerah naik bonusnya bapak jadi banyak kan ya pak???,Negatif,,,2026-02-25 19:46:39.483484+00:00,1 m yang lalu,Beban Ekonomi,Institusi (Bapenda/Samsat),Lainnya/Jateng
1028,1,,TikTok,peras terus warnya pak dg menjerat pajak kendaraan bermotor..naikan trs ...,Negatif,,,2026-02-25 19:46:39.483484+00:00,1 m yang lalu,Beban Ekonomi,Institusi (Bapenda/Samsat),Lainnya/Jateng
1040,1,,TikTok,untuk menambah pemasukan apakah harus menaikan pajak???,Negatif,,,2026-02-25 19:46:39.483484+00:00,1 m yang lalu,Beban Ekonomi,Institusi (Bapenda/Samsat),Lainnya/Jateng
1046,1,,TikTok,jarang kelihatan sekalinya keluar naikin pajak anj,Negatif,,,2026-02-25 19:46:39.483484+00:00,1 m yang lalu,Beban Ekonomi,Institusi (Bapenda/Samsat),Lainnya/Jateng
1059,1,,TikTok,yg memakai uang para pejabat yg berwenang dan yg membayar pajak rakyat...,Negatif,,,2026-02-25 19:46:39.483484+00:00,1 m yang lalu,Beban Ekonomi,Institusi (Bapenda/Samsat),Lainnya/Jateng
1091,1,,TikTok,giliran naikkan pajak pinter,Negatif,,,2026-02-25 19:46:39.483484+00:00,1 m yang lalu,Beban Ekonomi,Institusi (Bapenda/Samsat),Lainnya/Jateng
1118,1,,TikTok,pajak naik,Negatif,,,2026-02-25 19:46:39.483484+00:00,1 m yang lalu,Beban Ekonomi,Institusi (Bapenda/Samsat),Lainnya/Jateng
1123,1,,TikTok,"apaaa gara"" pajek naik terus yaa.,.,yg akhirnya warga jadi mles bayar pajak kendaraan????",Negatif,,,2026-02-25 19:46:39.483484+00:00,1 m yang lalu,Beban Ekonomi,Institusi (Bapenda/Samsat),Lainnya/Jateng
1142,1,,TikTok,Sekali nongol naikin pajak 🗿,Negatif,,,2026-02-25 19:46:39.483484+00:00,1 m yang lalu,Beban Ekonomi,Institusi (Bapenda/Samsat),Lainnya/Jateng
1158,1,,TikTok,rakyat kena prank habis pemutihan pajak naik pusing2.....,Negatif,,,2026-02-25 19:46:39.483484+00:00,2-12,Beban Ekonomi,Institusi (Bapenda/Samsat),Lainnya/Jateng
1163,1,,TikTok,"Aturan yang memberatkan RAKYAT ( kenaikan 60% pajak kendaraan), HARAM hukumnya",Negatif,,,2026-02-25 19:46:39.483484+00:00,2-12,Beban Ekonomi,Institusi (Bapenda/Samsat),Lainnya/Jateng
1169,1,,TikTok,"karena naik nya opsen pajak makanya saya jadi males bayar pajak.
nilai kendaraan makin murah, pajak malah naik",Negatif,,,2026-02-25 19:46:39.483484+00:00,2-12,Beban Ekonomi,Institusi (Bapenda/Samsat),Lainnya/Jateng
1201,1,,TikTok,mending ora tak pajeki nk pajak naik,Negatif,,,2026-02-25 19:46:39.483484+00:00,2-12,Beban Ekonomi,Institusi (Bapenda/Samsat),Lainnya/Jateng
1205,1,,TikTok,Naik pajaknya... max 5 persen... kok utang daerah... pajak kedepan mlh pada gak mau...,Negatif,,,2026-02-25 19:46:39.483484+00:00,2-12,Beban Ekonomi,Institusi (Bapenda/Samsat),Lainnya/Jateng
1208,1,,TikTok,isa ne mung naik no pajek ..... beban Yo ne masarakat..... rakyat ...... pejabat .gak duwe solusi .... Bebani tok .,Negatif,,,2026-02-25 19:46:39.483484+00:00,2-12,Beban Ekonomi,Institusi (Bapenda/Samsat),Lainnya/Jateng
1217,1,,TikTok,"rakyat Kon bayar pajek duwite d makan tikus,, berdasi.tikus,, berdasi tidak semuax kendarak,anz bayar pajak.",Negatif,,,2026-02-25 19:46:39.483484+00:00,2-12,Beban Ekonomi,Institusi (Bapenda/Samsat),Lainnya/Jateng
1246,1,,TikTok,tambah nggak bayar pajak kendaraan naik 66%,Negatif,,,2026-02-25 19:46:39.483484+00:00,2-12,Beban Ekonomi,Institusi (Bapenda/Samsat),Lainnya/Jateng
1259,1,,TikTok,"kerjane gur naikna pajak ,Endi progam ngayomi masyarakat ,,gur umbrus",Negatif,,,2026-02-25 19:46:39.483484+00:00,2-12,Beban Ekonomi,Institusi (Bapenda/Samsat),Lainnya/Jateng
1312,1,,TikTok,"murah aja bnyak yg gak bayar pajak, apa LGI ini naik",Negatif,,,2026-02-25 19:46:39.483484+00:00,2-12,Beban Ekonomi,Institusi (Bapenda/Samsat),Lainnya/Jateng
1324,1,,TikTok,🤣🤣🤣......solusi di naikin pajak lek py wi.,Negatif,,,2026-02-25 19:46:39.483484+00:00,2-12,Beban Ekonomi,Institusi (Bapenda/Samsat),Lainnya/Jateng
1460,1,,TikTok,Pajak naik.. sebenar nya apa si yg di cari.. kok sampai 66%.. buat apa gitu..,Negatif,,,2026-02-25 19:46:39.483484+00:00,2-12,Beban Ekonomi,Institusi (Bapenda/Samsat),Lainnya/Jateng
1463,1,,TikTok,"pajak mahal, kerjaan susah.",Negatif,,,2026-02-25 19:46:39.483484+00:00,2-12,Beban Ekonomi,Institusi (Bapenda/Samsat),Lainnya/Jateng
1471,1,,TikTok,"Bener ngk muncul, sekali muncul Pajak Naik😃",Negatif,,,2026-02-25 19:46:39.483484+00:00,2-12,Beban Ekonomi,Institusi (Bapenda/Samsat),Lainnya/Jateng
1485,1,,TikTok,klo pejabat asal naikan pajak ya anak SD juga bisa,Negatif,,,2026-02-25 19:46:39.483484+00:00,2-12,Beban Ekonomi,Institusi (Bapenda/Samsat),Lainnya/Jateng
1494,1,,TikTok,nyejahterake rakyat rung iso ws naike pajak..,Negatif,,,2026-02-25 19:46:39.483484+00:00,2-12,Beban Ekonomi,Institusi (Bapenda/Samsat),Lainnya/Jateng
1529,1,,TikTok,wingi nembe pemutihan gratis gari siki pajak naik segelem2😳😳😳,Negatif,,,2026-02-25 19:46:39.483484+00:00,2-12,Beban Ekonomi,Institusi (Bapenda/Samsat),Lainnya/Jateng
1540,1,,TikTok,"Parah gak mikir rakyatnya,di saat susah ekonomi sulit pajak malah naik",Negatif,,,2026-02-25 19:46:39.483484+00:00,2-12,Beban Ekonomi,Institusi (Bapenda/Samsat),Lainnya/Jateng
1546,1,,TikTok,mau bayar pajak aja susah . mending beli motor bodong...kena tilang kasikan...,Negatif,,,2026-02-25 19:46:39.483484+00:00,2-12,Beban Ekonomi,Institusi (Bapenda/Samsat),Lainnya/Jateng
1321,1,,TikTok,duit pajak larinya kemana ya?,Negatif,,,2026-02-25 19:46:39.483484+00:00,2-12,Beban Ekonomi,Institusi (Bapenda/Samsat),Pekalongan/Pantura (G)
1552,1,,TikTok,"Ciri ciri pejabat malas cari pendapatan ,paling gampang kasih naik PAJAK😇",Negatif,,,2026-02-25 19:46:39.483484+00:00,2-12,Beban Ekonomi,Institusi (Bapenda/Samsat),Lainnya/Jateng
1569,1,,TikTok,UMK naik gak sampe 7 persen masa pajak naik 66 persen😂,Negatif,,,2026-02-25 19:46:39.483484+00:00,2-12,Beban Ekonomi,Institusi (Bapenda/Samsat),Lainnya/Jateng
1576,1,,TikTok,pajak naik tapi gak ada kemajuan..,Negatif,,,2026-02-25 19:46:39.483484+00:00,2-12,Beban Ekonomi,Institusi (Bapenda/Samsat),Lainnya/Jateng
1588,1,,TikTok,naikin pajak sampingan pejabat.,Negatif,,,2026-02-25 19:46:39.483484+00:00,2-12,Beban Ekonomi,Institusi (Bapenda/Samsat),Lainnya/Jateng
1592,1,,TikTok,oo alah ini to yg menjadikan pajak naik tinggi ....,Negatif,,,2026-02-25 19:46:39.483484+00:00,2-12,Beban Ekonomi,Institusi (Bapenda/Samsat),Lainnya/Jateng
1606,1,,TikTok,yakin aku nyesek lur...pajak naik,Negatif,,,2026-02-25 19:46:39.483484+00:00,2-12,Beban Ekonomi,Institusi (Bapenda/Samsat),Lainnya/Jateng
1619,1,,TikTok,motor makin lama makin tua umurnya kok malah pajaknya makin naik🤔,Negatif,,,2026-02-25 19:46:39.483484+00:00,2-12,Beban Ekonomi,Institusi (Bapenda/Samsat),Lainnya/Jateng
1623,1,,TikTok,solusi cari duit rakyat bayar pajak 😁😂,Negatif,,,2026-02-25 19:46:39.483484+00:00,2-12,Beban Ekonomi,Institusi (Bapenda/Samsat),Lainnya/Jateng
1625,1,,TikTok,"ora usah bayar pajak,percuma bayar pajak duitnya di korupsi",Negatif,,,2026-02-25 19:46:39.483484+00:00,2-12,Beban Ekonomi,Institusi (Bapenda/Samsat),Lainnya/Jateng
1634,1,,TikTok,diam tanpa kata bergerak naikan pajak😂😂🔥,Negatif,,,2026-02-25 19:46:39.483484+00:00,2-12,Beban Ekonomi,Institusi (Bapenda/Samsat),Lainnya/Jateng
1659,1,,TikTok,"lahhh,,,yang belum bayar itu yg di tagih, bukan malah yg taat pajak yg dinaikkan??",Negatif,,,2026-02-25 19:46:39.483484+00:00,2-12,Beban Ekonomi,Institusi (Bapenda/Samsat),Lainnya/Jateng
1590,1,,TikTok,"cara paling gampang naikkan PAD adl naikkan pajak....kog gak kreatif blass nyari pemasukan sektor lainnya ...
he pak....rakyat Iki lagi susah...pemasukan kurang malah mbok tambah kenaikan pajak...",Negatif,,,2026-02-25 19:46:39.483484+00:00,2-12,Beban Ekonomi,Institusi (Bapenda/Samsat),Solo Raya (AD)
1666,1,,TikTok,"ada masalah besar didaerah yg kena bencana nggak nonggol eh kelihatan malah bingkin rusuh naikin pajak
dilihat tuh pak banyak bencana tuh diurus",Negatif,,,2026-02-25 19:46:39.483484+00:00,2-12,Beban Ekonomi,Institusi (Bapenda/Samsat),Lainnya/Jateng
1683,1,,TikTok,"pak pajak kan nggak beli kok dihitung utang ,lha tau masyarakat kesulitan bayar pajak lha kok malah dinaikan ...tambah nggak kebayar",Negatif,,,2026-02-25 19:46:39.483484+00:00,2-12,Beban Ekonomi,Institusi (Bapenda/Samsat),Lainnya/Jateng
1696,1,,TikTok,makanya jangan mempersulit yang mau bayar pajak,Negatif,,,2026-02-25 19:46:39.483484+00:00,2-12,Beban Ekonomi,Institusi (Bapenda/Samsat),Lainnya/Jateng
1698,1,,TikTok,"kerjo kena PHK rung Intuk pesangon lahh Iki pajek motor malah naik ora umum
piye jal.??",Negatif,,,2026-02-25 19:46:39.483484+00:00,2-12,Beban Ekonomi,Institusi (Bapenda/Samsat),Lainnya/Jateng
1706,1,,TikTok,naik pajak Ki di ngo op iya di ngo gajine Dee lah🤣,Negatif,,,2026-02-25 19:46:39.483484+00:00,2-12,Beban Ekonomi,Institusi (Bapenda/Samsat),Lainnya/Jateng
1721,1,,TikTok,beli kendaraan...susah payah masih diperas dengan pajak...m,Negatif,,,2026-02-25 19:46:39.483484+00:00,2-12,Beban Ekonomi,Institusi (Bapenda/Samsat),Lainnya/Jateng
1426,1,,TikTok,salah milih pajak naik,Negatif,,,2026-02-25 19:46:39.483484+00:00,2-12,Beban Ekonomi,Institusi (Bapenda/Samsat),Lainnya/Jateng
1736,1,,TikTok,"maap pak kl aturan menyengsarakan rakyat mu aturan nya di rubah pak, yg blm membayar pajak di bedain pak jgn trs naikin pajak besar gitu🙏🙏",Negatif,,,2026-02-25 19:46:39.483484+00:00,2-12,Beban Ekonomi,Institusi (Bapenda/Samsat),Lainnya/Jateng
1744,1,,TikTok,"wis niat pan majeg, tapi mundak .y duite dadi kurang. akhire ora bayar pajak sit nunggu pemutihan",Negatif,,,2026-02-25 19:46:39.483484+00:00,2-12,Beban Ekonomi,Institusi (Bapenda/Samsat),Lainnya/Jateng
1762,1,,TikTok,isone mung mundake pajek .... 😂,Negatif,,,2026-02-25 19:46:39.483484+00:00,2-12,Beban Ekonomi,Institusi (Bapenda/Samsat),Lainnya/Jateng
1780,1,,TikTok,"umr gak seberapa dibanding daerah lain, pajaknya naik😭😭😭",Negatif,,,2026-02-25 19:46:39.483484+00:00,2-12,Beban Ekonomi,Institusi (Bapenda/Samsat),Lainnya/Jateng
1785,1,,TikTok,Mirip sadewo.. suka menaikan pajak,Negatif,,,2026-02-25 19:46:39.483484+00:00,2-12,Beban Ekonomi,Institusi (Bapenda/Samsat),Lainnya/Jateng
1791,1,,TikTok,"PAJAK naik ngga ada sosialisasi dan pemberitauan,apakah takut...",Negatif,,,2026-02-25 19:46:39.483484+00:00,2-12,Beban Ekonomi,Institusi (Bapenda/Samsat),Lainnya/Jateng
1794,1,,TikTok,"ahkibat piutang daerah tembus 2,8 T karena banyak yg gak bayar. jadi pajak dinaikkan. lah dinaikkan malah tambah gak bayar pajak ini nanti pak 😂.. nangkep ayam bukan dikejar, tapi di beri makan nanti ayam datang sendiri.",Negatif,,,2026-02-25 19:46:39.483484+00:00,2-12,Beban Ekonomi,Institusi (Bapenda/Samsat),Lainnya/Jateng
1815,1,,TikTok,dinaikin malah tambah banyak yg gak bayar pajak,Negatif,,,2026-02-25 19:46:39.483484+00:00,2-12,Beban Ekonomi,Institusi (Bapenda/Samsat),Lainnya/Jateng
1829,1,,TikTok,aampun pak jangan d naikin pajaknya kasihan rakyat jawa.....🤦‍♀️🤦‍♀️,Negatif,,,2026-02-25 19:46:39.483484+00:00,2-12,Beban Ekonomi,Institusi (Bapenda/Samsat),Lainnya/Jateng
1841,1,,TikTok,"seharusnya tu ditrunin pak psjeknya tu biar warga tu bayar pajak..
. kok mlah dinaikkan 60prsn warga eo mlah ogah bayar pajak to pak2",Negatif,,,2026-02-25 19:46:39.483484+00:00,2-12,Beban Ekonomi,Institusi (Bapenda/Samsat),Lainnya/Jateng
1862,1,,TikTok,mgodene angel pajake naik Arep dadi apa Jawa tengah,Negatif,,,2026-02-25 19:46:39.483484+00:00,2-12,Beban Ekonomi,Institusi (Bapenda/Samsat),Lainnya/Jateng
1709,1,,TikTok,aturane dibuat emang diniatkan unt dinaikkan pajaknya.,Negatif,,,2026-02-25 19:46:39.483484+00:00,2-12,Beban Ekonomi,Institusi (Bapenda/Samsat),Pekalongan/Pantura (G)
1868,1,,TikTok,pola pikirnya beda sama KDM. . Jawa Tengah belum naik aja banyak yang nunggak..apa lagi naik. mungkin 85% malah nggak mau bayar pajak.,Negatif,,,2026-02-25 19:46:39.483484+00:00,2-12,Beban Ekonomi,Institusi (Bapenda/Samsat),Lainnya/Jateng
1876,1,,TikTok,"bnr kmrn sy byr pajak motor, naik ny luar biasa",Negatif,,,2026-02-25 19:46:39.483484+00:00,2-12,Beban Ekonomi,Institusi (Bapenda/Samsat),Lainnya/Jateng
1938,1,,TikTok,"lah lagi murah pd ora bayar pajak
ditambah mundak, tambah ora mampu bayar pajak.. 😇😇",Negatif,,,2026-02-25 19:46:39.483484+00:00,2-12,Beban Ekonomi,Institusi (Bapenda/Samsat),Lainnya/Jateng
1947,1,,TikTok,"yg setornya lancar dinaikan pajaknya, yg byr pajaknha telat dikasih amnesti pajak... mending ngga dibayar aja pajaknya, nunggu ada amnesto pajak aj",Negatif,,,2026-02-25 19:46:39.483484+00:00,2-12,Beban Ekonomi,Institusi (Bapenda/Samsat),Lainnya/Jateng
1952,1,,TikTok,"Pajak naik trus,perbaikan gk ada..",Negatif,,,2026-02-25 19:46:39.483484+00:00,2-12,Beban Ekonomi,Institusi (Bapenda/Samsat),Lainnya/Jateng
1969,1,,TikTok,waalaahhhh luurrr. diapusi.....gara gara pilkada dapat sembako sekarang pajak Podo naik,Negatif,,,2026-02-25 19:46:39.483484+00:00,2-12,Beban Ekonomi,Institusi (Bapenda/Samsat),Lainnya/Jateng
2010,1,,TikTok,"Supra 2001 bayar pajak kemarin Desember 2025. 130
dan pas bayar pajak 2024 . 115 ribu. naiknya 15 ribu. kpie Ki bos",Negatif,,,2026-02-25 19:46:39.483484+00:00,2-12,Beban Ekonomi,Institusi (Bapenda/Samsat),Lainnya/Jateng
2013,1,,TikTok,KLO pejabat cuma bisanya menaikan pajak semua orang juga bisa.,Negatif,,,2026-02-25 19:46:39.483484+00:00,2-12,Beban Ekonomi,Institusi (Bapenda/Samsat),Lainnya/Jateng
2019,1,,TikTok,"kt orang kecil tdk perlu banyak teori...yg penting pajak jangan terlalu tinggi ,wong kerja susah dpt duwet..",Negatif,,,2026-02-25 19:46:39.483484+00:00,2-12,Beban Ekonomi,Institusi (Bapenda/Samsat),Lainnya/Jateng
2033,1,,TikTok,kapan rakyatmu bisa menikmati hidup kalo pajak naik terus,Negatif,,,2026-02-25 19:46:39.483484+00:00,2-12,Beban Ekonomi,Institusi (Bapenda/Samsat),Lainnya/Jateng
2047,1,,TikTok,"Jika pendapatan daerah tinggal naik pajak, lalu menaikkan pendapatan masyarakat bgm ?",Negatif,,,2026-02-25 19:46:39.483484+00:00,2-12,Beban Ekonomi,Institusi (Bapenda/Samsat),Lainnya/Jateng
2063,1,,TikTok,"dia enak naikin pajek gaji nya gede, lah liat noh UMR di daerahnya brp,apa ga mikir ksitu",Negatif,,,2026-02-25 19:46:39.483484+00:00,2-12,Beban Ekonomi,Institusi (Bapenda/Samsat),Lainnya/Jateng
2068,1,,TikTok,jelas males wong larang pajak naik terus..,Negatif,,,2026-02-25 19:46:39.483484+00:00,2-12,Beban Ekonomi,Institusi (Bapenda/Samsat),Lainnya/Jateng
2073,1,,TikTok,"ko utang daerah dibebankan msy dgn menaikan pajak...halooow, apakabar pejabat daerah anda sehat",Negatif,,,2026-02-25 19:46:39.483484+00:00,2-12,Beban Ekonomi,Institusi (Bapenda/Samsat),Lainnya/Jateng
2081,1,,TikTok,aturan atau perda dg segala istilahnya hanya di Indonesia orang mau bayar (pajak) aja susah apalagi mau menerima keuntungan dari pajak....,Negatif,,,2026-02-25 19:46:39.483484+00:00,2-12,Beban Ekonomi,Institusi (Bapenda/Samsat),Lainnya/Jateng
1832,1,,TikTok,yang milih luffi. senang pajak naik.,Negatif,,,2026-02-25 19:46:39.483484+00:00,2-12,Beban Ekonomi,Institusi (Bapenda/Samsat),Lainnya/Jateng
2096,1,,TikTok,pajak mundak terus dalam bodok kabeh,Negatif,,,2026-02-25 19:46:39.483484+00:00,2-12,Beban Ekonomi,Institusi (Bapenda/Samsat),Lainnya/Jateng
2127,1,,TikTok,"biar pendapatan pajak meningkat, jangan naikkan pajak, kasih discount..",Negatif,,,2026-02-25 19:46:39.483484+00:00,2-12,Beban Ekonomi,Institusi (Bapenda/Samsat),Lainnya/Jateng
2157,1,,TikTok,sekali njedul pajek mundak.. pas bencana ngilang,Negatif,,,2026-02-25 19:46:39.483484+00:00,2-12,Beban Ekonomi,Institusi (Bapenda/Samsat),Lainnya/Jateng
2179,1,,TikTok,"Pajak naik dalam bodol bae, duit di legi pejabat masalaeh.",Negatif,,,2026-02-25 19:46:39.483484+00:00,2-12,Beban Ekonomi,Institusi (Bapenda/Samsat),Lainnya/Jateng
2186,1,,TikTok,"lha harusnya tunjangan pns atau pengeluaran yang tdk penting di tekan, jagan pajak yg dinaikkan masy menjerit pak de. tolong dievaluasi kenaikannya",Negatif,,,2026-02-25 19:46:39.483484+00:00,2-12,Beban Ekonomi,Institusi (Bapenda/Samsat),Lainnya/Jateng
2188,1,,TikTok,UMR AJA RENDAH KOK PAJAK NAIK TERUS...😎,Negatif,,,2026-02-25 19:46:39.483484+00:00,2-12,Beban Ekonomi,Institusi (Bapenda/Samsat),Lainnya/Jateng
2190,1,,TikTok,"UMR naiknya g seberapa,tp pajak naiknya g kira2",Negatif,,,2026-02-25 19:46:39.483484+00:00,2-12,Beban Ekonomi,Institusi (Bapenda/Samsat),Lainnya/Jateng
2203,1,,TikTok,trus pajak di naikkan nantinya akan bertambah ada yg bayar pajak.! itu diperhitungkan,Negatif,,,2026-02-25 19:46:39.483484+00:00,2-12,Beban Ekonomi,Institusi (Bapenda/Samsat),Lainnya/Jateng
2208,1,,TikTok,"pajak belum dinaikin saja masih bnyk yg nunggak.. aplgi setelah dinaikin..
yg rajin pajak bukanya rajin Mlah bisa males.. 🤭",Negatif,,,2026-02-25 19:46:39.483484+00:00,2-12,Beban Ekonomi,Institusi (Bapenda/Samsat),Lainnya/Jateng
2212,1,,TikTok,rakyatnya kena bencana ga peduli ehh tiba² pas muncul naikin pajak kendaraan 😏😏,Negatif,,,2026-02-25 19:46:39.483484+00:00,2-12,Beban Ekonomi,Institusi (Bapenda/Samsat),Lainnya/Jateng
2214,1,,TikTok,lah terus pajak tambah larang yo malah wegah mbayar to .ndeng gendheng.,Negatif,,,2026-02-25 19:46:39.483484+00:00,2-12,Beban Ekonomi,Institusi (Bapenda/Samsat),Lainnya/Jateng
2316,1,,TikTok,posisi nya pajak naik ra karuan,Negatif,,,2026-02-25 19:46:39.483484+00:00,2-12,Beban Ekonomi,Institusi (Bapenda/Samsat),Lainnya/Jateng
2327,1,,TikTok,"Ini mikir apa kagak sih, rakyat kecil udah menjerit karena kebutuhan lho pak .. masih di tambah pajak naik... hadeehh pusing jadinya",Negatif,,,2026-02-25 19:46:39.483484+00:00,2-12,Beban Ekonomi,Institusi (Bapenda/Samsat),Lainnya/Jateng
2336,1,,TikTok,nongol2 naikin pajak,Negatif,,,2026-02-25 19:46:39.483484+00:00,2-12,Beban Ekonomi,Institusi (Bapenda/Samsat),Lainnya/Jateng
2380,1,,TikTok,mau bayar pajak susah,Negatif,,,2026-02-25 19:46:39.483484+00:00,2-12,Beban Ekonomi,Institusi (Bapenda/Samsat),Lainnya/Jateng
2385,1,,TikTok,turun kerja gk pecus naikin pajak menindas rakyat secara halus,Negatif,,,2026-02-25 19:46:39.483484+00:00,2-12,Beban Ekonomi,Institusi (Bapenda/Samsat),Lainnya/Jateng
2404,1,,TikTok,pajak naik terus jln ga diperbaiki,Negatif,,,2026-02-25 19:46:39.483484+00:00,2-12,Beban Ekonomi,Institusi (Bapenda/Samsat),Lainnya/Jateng
2418,1,,TikTok,lama gk muncul.. sekali muncul naikkan pajak 😁😁,Negatif,,,2026-02-25 19:46:39.483484+00:00,2-12,Beban Ekonomi,Institusi (Bapenda/Samsat),Lainnya/Jateng
2470,1,,TikTok,"Pajak yang mencekik leher rakyatnya ditengah kesulitan ekonomi, susah cari kerja. harga barang"" naik tambah ngelu ndase rakyatmu",Negatif,,,2026-02-25 19:46:39.483484+00:00,2-12,Beban Ekonomi,Institusi (Bapenda/Samsat),Lainnya/Jateng
2475,1,,TikTok,semakin naik bayar pajak malah tambah ga mau bayar pajak.,Negatif,,,2026-02-25 19:46:39.483484+00:00,2-12,Beban Ekonomi,Institusi (Bapenda/Samsat),Lainnya/Jateng
2484,1,,TikTok,cari uang LG susah pajak naik,Negatif,,,2026-02-25 19:46:39.483484+00:00,2-12,Beban Ekonomi,Institusi (Bapenda/Samsat),Lainnya/Jateng
2489,1,,TikTok,"BS nya naikan pajak,pajak dah mahal di naikan LG,jgn byr smua",Negatif,,,2026-02-25 19:46:39.483484+00:00,2-12,Beban Ekonomi,Institusi (Bapenda/Samsat),Kedu (AA)
2498,1,,TikTok,"pikiren sik ekonomi wargomu,,,lg mikir pajek",Negatif,,,2026-02-25 19:46:39.483484+00:00,2-12,Beban Ekonomi,Institusi (Bapenda/Samsat),Lainnya/Jateng
2508,1,,TikTok,Makanya ngonten jd ga hrs naikkan pajak trsss,Negatif,,,2026-02-25 19:46:39.483484+00:00,2-12,Beban Ekonomi,Institusi (Bapenda/Samsat),Lainnya/Jateng
2511,1,,TikTok,UMR naik gak seberapa..pajak naik gak kira2🤭🤭🤭🤭🤭,Negatif,,,2026-02-25 19:46:39.483484+00:00,2-12,Beban Ekonomi,Institusi (Bapenda/Samsat),Lainnya/Jateng
2529,2,,TikTok,UMR Ateng murah pajak mahal,Negatif,,,2026-02-25 19:46:39.483484+00:00,1 h yang lalu,Beban Ekonomi,Institusi (Bapenda/Samsat),Lainnya/Jateng
2545,2,,TikTok,"aku pny kendaraan th 2004, mau bayar pajak jebule naik, gak jadi",Negatif,,,2026-02-25 19:46:39.483484+00:00,1 h yang lalu,Beban Ekonomi,Institusi (Bapenda/Samsat),Lainnya/Jateng
2553,2,,TikTok,"Pejabat dapat mobil / motor dinas yg pajaknya dibayar rakyat, makanya mereka tdk merasa / tdk peduli kl pajak kendaaran naik, justru mereka dpt insentif jika target mencekik rakyat tercapai.",Negatif,,,2026-02-25 19:46:39.483484+00:00,23 j yang lalu,Beban Ekonomi,Institusi (Bapenda/Samsat),Lainnya/Jateng
2562,2,,TikTok,"banyak alasan muter muter..intinya pajak naik...gitu aja ko report...
ora usah di bayar...",Negatif,,,2026-02-25 19:46:39.483484+00:00,1 h yang lalu,Beban Ekonomi,Institusi (Bapenda/Samsat),Lainnya/Jateng
2567,2,,TikTok,"ekonomi lg carut marut pajak kok dinaikan
ra miker sampeyan 👊",Negatif,,,2026-02-25 19:46:39.483484+00:00,1 h yang lalu,Beban Ekonomi,Institusi (Bapenda/Samsat),Lainnya/Jateng
2568,2,,TikTok,kalau pajak naik orang Indonesia jangan bayar pajak semua nya,Negatif,,,2026-02-25 19:46:39.483484+00:00,18 j yang lalu,Beban Ekonomi,Institusi (Bapenda/Samsat),Lainnya/Jateng
2584,2,,TikTok,uang ny pajak..untuk THR pejAbat ny ya pak.....,Negatif,,,2026-02-25 19:46:39.483484+00:00,21 j yang lalu,Beban Ekonomi,Institusi (Bapenda/Samsat),Lainnya/Jateng
2645,2,,TikTok,intine pejabate gak ISO nyambutgawe...Bene cepet ntuk dwit..gawe coro sing gampang Yo naikin pajeke .,Negatif,,,2026-02-25 19:46:39.483484+00:00,6 j yang lalu,Beban Ekonomi,Institusi (Bapenda/Samsat),Lainnya/Jateng
2682,2,,TikTok,"benar sekali Pokok pajaknya tidak naik
cuma ada tambahan opsen dikit cuma 66℅ dari pokok pajak
kalau kendaraan di jual buat bayar pajak masib sisa banyaak
untung di atur undang² pajaknya daripada kena begal malah masuk penjara kan sengsara kita",Negatif,,,2026-02-25 19:46:39.483484+00:00,17 j yang lalu,Beban Ekonomi,Institusi (Bapenda/Samsat),Lainnya/Jateng
2706,2,,TikTok,gak naik pajaknya.. komponen lainnya yg nambah....hmmmmm lidah...oh lidah,Negatif,,,2026-02-25 19:46:39.483484+00:00,19 j yang lalu,Beban Ekonomi,Institusi (Bapenda/Samsat),Lainnya/Jateng
2708,2,,TikTok,umr naik 100rb pajak naik 1juta ngono to gos,Negatif,,,2026-02-25 19:46:39.483484+00:00,19 j yang lalu,Beban Ekonomi,Institusi (Bapenda/Samsat),Lainnya/Jateng
2742,2,,TikTok,Sedihnya itu mobil makin tua bukan malah murah pajak nya malah makin mahal,Negatif,,,2026-02-25 19:46:39.483484+00:00,21 j yang lalu,Beban Ekonomi,Institusi (Bapenda/Samsat),Lainnya/Jateng
2779,2,,TikTok,rakyat yg jadi sapi perah pejabat mengatasnamakan opsen pajak 🤕,Negatif,,,2026-02-25 19:46:39.483484+00:00,23 j yang lalu,Beban Ekonomi,Institusi (Bapenda/Samsat),Lainnya/Jateng
2807,2,,TikTok,Pajak gak naik bolo cuma peningkatan 😂😂😂😂,Negatif,,,2026-02-25 19:46:39.483484+00:00,1 h yang lalu,Beban Ekonomi,Institusi (Bapenda/Samsat),Lainnya/Jateng
2843,2,,TikTok,tolong transparansi uang pajak digunakan untuk apa... bisa nggak seperti KDM yg membuka ke publik semua anggaran dan uang pajak.,Negatif,,,2026-02-25 19:46:39.483484+00:00,1 h yang lalu,Beban Ekonomi,Institusi (Bapenda/Samsat),Lainnya/Jateng
2863,2,,TikTok,intinya pajak kendaraan Jawa Tengah mahal,Negatif,,,2026-02-25 19:46:39.483484+00:00,1 h yang lalu,Beban Ekonomi,Institusi (Bapenda/Samsat),Lainnya/Jateng
2886,2,,TikTok,"apapun penjelasan nya......
pajak jgn mahal , krn sumber daya alam kita banyak......😭",Negatif,,,2026-02-25 19:46:39.483484+00:00,1 h yang lalu,Beban Ekonomi,Institusi (Bapenda/Samsat),Lainnya/Jateng
2888,2,,TikTok,lain daerah pajak naik pembangunan ok la ini,Negatif,,,2026-02-25 19:46:39.483484+00:00,1 h yang lalu,Beban Ekonomi,Institusi (Bapenda/Samsat),Lainnya/Jateng
2902,2,,TikTok,"apapun bahasanya pajak naik y tetep naik pak,",Negatif,,,2026-02-25 19:46:39.483484+00:00,1 h yang lalu,Beban Ekonomi,Institusi (Bapenda/Samsat),Lainnya/Jateng
2917,2,,TikTok,kalo pajak naik ya gaji Umr juga hrs naik,Negatif,,,2026-02-25 19:46:39.483484+00:00,7 j yang lalu,Beban Ekonomi,Institusi (Bapenda/Samsat),Lainnya/Jateng
2930,3,,Instagram,"Ora urus,, intine naik.. Kalau bisa hapus itu opsen.. Kalau gak ya saya bakal stop byr pajak.. Krna selama ini enak yg gak byr pajak soalnya ada pemutihan.. Kita bayar 5thn tepat waktu mereka cmn byr 1 kali. Rugi bgt jdi pajak yg taat..",Negatif,,,2026-02-25 19:46:39.483484+00:00,"Ora urus,, intine naik.. Kalau bisa hapus itu opsen.. Kalau gak ya saya bakal stop byr pajak.. Krna selama ini enak yg gak byr pajak soalnya ada pemutihan.. Kita bayar 5thn tepat waktu mereka cmn byr 1 kali. Rugi bgt jdi pajak yg taat..",Beban Ekonomi,Institusi (Bapenda/Samsat),Lainnya/Jateng
830,1,,TikTok,aku sih pilih tunggu pemutihan atau ganti gubernur wae. ada razia? netizen lebih cerdas.buat whatsapp group info cegatan parcok,Negatif,,,2026-02-25 19:46:39.483484+00:00,2 h yang lalu,Kekecewaan Politik,Gubernur,Lainnya/Jateng
2990,3,,Instagram,"Misal aku iso ngeshare foto pajek Motor seko taun 2023-2026 tak share neng kene Mundake kpie pak ??? Kok ngeyel, bien ki soyo tuwo motore soyo miduk pajeke lha iki kok ndak soyo mundak",Negatif,,,2026-02-25 19:46:39.483484+00:00,"Misal aku iso ngeshare foto pajek Motor seko taun 2023-2026 tak share neng kene Mundake kpie pak ??? Kok ngeyel, bien ki soyo tuwo motore soyo miduk pajeke lha iki kok ndak soyo mundak",Beban Ekonomi,Institusi (Bapenda/Samsat),Lainnya/Jateng
2958,3,,Instagram,"Ora urus,, intine naik.. Kalau bisa hapus itu opsen.. Kalau gak ya saya bakal stop byr pajak.. Krna selama ini enak yg gak byr pajak soalnya ada pemutihan.. Kita bayar 5thn tepat waktu mereka cmn byr 1 kali. Rugi bgt jdi pajak yg taat..",Negatif,,,2026-02-25 19:46:39.483484+00:00,"Ora urus,, intine naik.. Kalau bisa hapus itu opsen.. Kalau gak ya saya bakal stop byr pajak.. Krna selama ini enak yg gak byr pajak soalnya ada pemutihan.. Kita bayar 5thn tepat waktu mereka cmn byr 1 kali. Rugi bgt jdi pajak yg taat..",Beban Ekonomi,Institusi (Bapenda/Samsat),Lainnya/Jateng
3030,3,,Instagram,Kenaikan yang jomplang antara pajak dan UMK ohh lucunya negeriku. Semua serba pajak,Negatif,,,2026-02-25 19:46:39.483484+00:00,Kenaikan yang jomplang antara pajak dan UMK ohh lucunya negeriku. Semua serba pajak,Beban Ekonomi,Institusi (Bapenda/Samsat),Lainnya/Jateng
3091,3,,Instagram,"Umr naik 7% , pajak kendaraan naik 20% , sehatkah anda",Negatif,,,2026-02-25 19:46:39.483484+00:00,"Umr naik 7% , pajak kendaraan naik 20% , sehatkah anda",Beban Ekonomi,Institusi (Bapenda/Samsat),Lainnya/Jateng
3894,3,,Instagram,Masalah duit pajek rakus tenan,Negatif,,,2026-02-25 19:46:39.483484+00:00,Masalah duit pajek rakus tenan,Beban Ekonomi,Institusi (Bapenda/Samsat),Lainnya/Jateng
3058,3,,Instagram,Rakyate lagi susah malah di undake pajake  to bro,Negatif,,,2026-02-25 19:46:39.483484+00:00,Rakyate lagi susah malah di undake pajake  to bro,Beban Ekonomi,Institusi (Bapenda/Samsat),Lainnya/Jateng
3061,3,,Instagram,Nek pajeke mundak trus dadi dubai ngno rapopo. Iki pajak mundak faedahe blass ra ono! Ndagele kok yo kebangeten ngene kuto ne..,Negatif,,,2026-02-25 19:46:39.483484+00:00,Nek pajeke mundak trus dadi dubai ngno rapopo. Iki pajak mundak faedahe blass ra ono! Ndagele kok yo kebangeten ngene kuto ne..,Beban Ekonomi,Institusi (Bapenda/Samsat),Lainnya/Jateng
3069,3,,Instagram,all new ertiga thn 2018bayar pajak 2025  2.7jt2026 2.9jtbesok 2027  3.2jt orak mundak seko ngendi min ??,Negatif,,,2026-02-25 19:46:39.483484+00:00,all new ertiga thn 2018bayar pajak 2025  2.7jt2026 2.9jtbesok 2027  3.2jt orak mundak seko ngendi min ??,Beban Ekonomi,Institusi (Bapenda/Samsat),Lainnya/Jateng
3080,3,,Instagram,all new ertiga thn 2018bayar pajak 2025  2.7jt2026 2.9jtbesok 2027  3.2jt orak mundak seko ngendi min ??,Negatif,,,2026-02-25 19:46:39.483484+00:00,all new ertiga thn 2018bayar pajak 2025  2.7jt2026 2.9jtbesok 2027  3.2jt orak mundak seko ngendi min ??,Beban Ekonomi,Institusi (Bapenda/Samsat),Lainnya/Jateng
1328,1,,TikTok,kecewa pak,Negatif,,,2026-02-25 19:46:39.483484+00:00,2-12,Kekecewaan Politik,Lainnya,Lainnya/Jateng
3118,3,,Instagram,"Ada, eh berani nutup""in di realita, gaji kami kecil, pajaknya gede, harga kebutuhan naik terus, ayam aja sampe 40rb/kg lho, cek pasar, meleeekk 🔥",Negatif,,,2026-02-25 19:46:39.483484+00:00,"Ada, eh berani nutup""in di realita, gaji kami kecil, pajaknya gede, harga kebutuhan naik terus, ayam aja sampe 40rb/kg lho, cek pasar, meleeekk 🔥",Beban Ekonomi,Institusi (Bapenda/Samsat),Lainnya/Jateng
3119,3,,Instagram,"Siap min, 2026 saya undur diri bayar pajak. Lebih baik uang 2.5 juta buat hal yg berguna daripada buat pajak😂",Negatif,,,2026-02-25 19:46:39.483484+00:00,"Siap min, 2026 saya undur diri bayar pajak. Lebih baik uang 2.5 juta buat hal yg berguna daripada buat pajak😂",Beban Ekonomi,Institusi (Bapenda/Samsat),Lainnya/Jateng
3157,3,,Instagram,"Logika umum harga jual kendaraan semakin lama maka harga jual kendaraan akan semakin turun, tapi pajak malah tambah naik? 😢",Negatif,,,2026-02-25 19:46:39.483484+00:00,"Logika umum harga jual kendaraan semakin lama maka harga jual kendaraan akan semakin turun, tapi pajak malah tambah naik? 😢",Beban Ekonomi,Institusi (Bapenda/Samsat),Lainnya/Jateng
3230,3,,Instagram,UMR gak seberapa Naik pajaknya gk kira2,Negatif,,,2026-02-25 19:46:39.483484+00:00,UMR gak seberapa Naik pajaknya gk kira2,Beban Ekonomi,Institusi (Bapenda/Samsat),Lainnya/Jateng
3177,3,,Instagram,Pajak sesuai jeneng aplikasi mundak SAKPOLE 😂,Negatif,,,2026-02-25 19:46:39.483484+00:00,Pajak sesuai jeneng aplikasi mundak SAKPOLE 😂,Beban Ekonomi,Institusi (Bapenda/Samsat),Lainnya/Jateng
3895,3,,Instagram,Pajak hanya untuk makan Koruptor,Negatif,,,2026-02-25 19:46:39.483484+00:00,Pajak hanya untuk makan Koruptor,Beban Ekonomi,Institusi (Bapenda/Samsat),Lainnya/Jateng
3179,3,,Instagram,Pernyataanmu basi min. Katanya gx ada kenaikan pajak. Apakah harus menyerahkan buktinya?,Negatif,,,2026-02-25 19:46:39.483484+00:00,Pernyataanmu basi min. Katanya gx ada kenaikan pajak. Apakah harus menyerahkan buktinya?,Beban Ekonomi,Institusi (Bapenda/Samsat),Lainnya/Jateng
3181,3,,Instagram,"rego pit e mudun, pajek e kok mundak. pie to lek",Negatif,,,2026-02-25 19:46:39.483484+00:00,"rego pit e mudun, pajek e kok mundak. pie to lek",Beban Ekonomi,Institusi (Bapenda/Samsat),Lainnya/Jateng
3193,3,,Instagram,"Kendaraan umur e soyo tuo, pajek e tambah mundak Ki rumus Seko ende",Negatif,,,2026-02-25 19:46:39.483484+00:00,"Kendaraan umur e soyo tuo, pajek e tambah mundak Ki rumus Seko ende",Beban Ekonomi,Institusi (Bapenda/Samsat),Lainnya/Jateng
3202,3,,Instagram,"Ora mundak matamu, motorku revo 2008 pajak biasane mung 150 ewu ko saiki malah mundak dadi 190 ewu, lha selisih 40 ewu ora mok diarani mundak???",Negatif,,,2026-02-25 19:46:39.483484+00:00,"Ora mundak matamu, motorku revo 2008 pajak biasane mung 150 ewu ko saiki malah mundak dadi 190 ewu, lha selisih 40 ewu ora mok diarani mundak???",Beban Ekonomi,Institusi (Bapenda/Samsat),Lainnya/Jateng
3208,3,,Instagram,Logikamu ra masuk min. Mben taun kendaraan keno depresiasi. Lha kok pajeke malah mundak,Negatif,,,2026-02-25 19:46:39.483484+00:00,Logikamu ra masuk min. Mben taun kendaraan keno depresiasi. Lha kok pajeke malah mundak,Beban Ekonomi,Institusi (Bapenda/Samsat),Lainnya/Jateng
3211,3,,Instagram,"Tapi saya sudah bayar pajak motor kemarin pertengahan Januari, yang naiknya melejit, Astaghfirullah 😭😭😭💔",Negatif,,,2026-02-25 19:46:39.483484+00:00,"Tapi saya sudah bayar pajak motor kemarin pertengahan Januari, yang naiknya melejit, Astaghfirullah 😭😭😭💔",Beban Ekonomi,Institusi (Bapenda/Samsat),Lainnya/Jateng
3219,3,,Instagram,"Yang taat pajak di naikin pajaknya,yg telat di putihkan.mending telat aja nunggu pemutihan.",Negatif,,,2026-02-25 19:46:39.483484+00:00,"Yang taat pajak di naikin pajaknya,yg telat di putihkan.mending telat aja nunggu pemutihan.",Beban Ekonomi,Institusi (Bapenda/Samsat),Lainnya/Jateng
3237,3,,Instagram,"Ora urus,, intine naik.. Kalau bisa hapus itu opsen.. Kalau gak ya saya bakal stop byr pajak.. Krna selama ini enak yg gak byr pajak soalnya ada pemutihan.. Kita bayar 5thn tepat waktu mereka cmn byr 1 kali. Rugi bgt jdi pajak yg taat..",Negatif,,,2026-02-25 19:46:39.483484+00:00,"Ora urus,, intine naik.. Kalau bisa hapus itu opsen.. Kalau gak ya saya bakal stop byr pajak.. Krna selama ini enak yg gak byr pajak soalnya ada pemutihan.. Kita bayar 5thn tepat waktu mereka cmn byr 1 kali. Rugi bgt jdi pajak yg taat..",Beban Ekonomi,Institusi (Bapenda/Samsat),Lainnya/Jateng
3265,3,,Instagram,tidak naik tapi ada tambahan pajak opsen eh masih ngeles aja dengan adanya opsen tersebut jumlah yang harus dikeluarkan bertambah yaitu ada kenaikan pembayaran dari kami ke kalian kyk gitu ga bisa ngitung ayo lah pakai logika dan jangan ngeles,Negatif,,,2026-02-25 19:46:39.483484+00:00,tidak naik tapi ada tambahan pajak opsen eh masih ngeles aja dengan adanya opsen tersebut jumlah yang harus dikeluarkan bertambah yaitu ada kenaikan pembayaran dari kami ke kalian kyk gitu ga bisa ngitung ayo lah pakai logika dan jangan ngeles,Beban Ekonomi,Institusi (Bapenda/Samsat),Lainnya/Jateng
3271,3,,Instagram,"Opsen opsen jangkrek, ngeneiki marai seng males pajek. koyo kurangmen duet. 66% lebih dari setengah biaya pajek kendaraan loh. pie nasib e seng kerjo serabutan, gajine di bawah umr? sampean ora miker tekan kono? jek untung beliau² kui gelem pajek, ndelalah nek ora?",Negatif,,,2026-02-25 19:46:39.483484+00:00,"Opsen opsen jangkrek, ngeneiki marai seng males pajek. koyo kurangmen duet. 66% lebih dari setengah biaya pajek kendaraan loh. pie nasib e seng kerjo serabutan, gajine di bawah umr? sampean ora miker tekan kono? jek untung beliau² kui gelem pajek, ndelalah nek ora?",Beban Ekonomi,Institusi (Bapenda/Samsat),Lainnya/Jateng
3275,3,,Instagram,"yokk lebih creative lagi, biar ngga hanya mengandalkan pajak warganya. minimal kenaikan tunjangan2 itu tidak dicari lewat menaikkan pajak.",Negatif,,,2026-02-25 19:46:39.483484+00:00,"yokk lebih creative lagi, biar ngga hanya mengandalkan pajak warganya. minimal kenaikan tunjangan2 itu tidak dicari lewat menaikkan pajak.",Beban Ekonomi,Institusi (Bapenda/Samsat),Lainnya/Jateng
3283,3,,Instagram,Tidak ada opo Iki min? Pajak Supra wes GK kuat mlayu maune 115 Iki kok dadi 288 opo kui seng dimaksud TDK ada kenaikan pajak?,Negatif,,,2026-02-25 19:46:39.483484+00:00,Tidak ada opo Iki min? Pajak Supra wes GK kuat mlayu maune 115 Iki kok dadi 288 opo kui seng dimaksud TDK ada kenaikan pajak?,Beban Ekonomi,Institusi (Bapenda/Samsat),Lainnya/Jateng
3286,3,,Instagram,Duwe motor jadul kok pajake mundak ki piye 😂 bapenda gak guna,Negatif,,,2026-02-25 19:46:39.483484+00:00,Duwe motor jadul kok pajake mundak ki piye 😂 bapenda gak guna,Beban Ekonomi,Institusi (Bapenda/Samsat),Lainnya/Jateng
1204,1,,TikTok,gubernur r kanggo gawe....nyesel cuuu....,Negatif,,,2026-02-25 19:46:39.483484+00:00,2-12,Kekecewaan Politik,Gubernur,Lainnya/Jateng
3309,3,,Instagram,"Nilai kendaraan mudun terus, tp pajeke mundak terus.",Negatif,,,2026-02-25 19:46:39.483484+00:00,"Nilai kendaraan mudun terus, tp pajeke mundak terus.",Beban Ekonomi,Institusi (Bapenda/Samsat),Lainnya/Jateng
3314,3,,Instagram,"Taun wingi pajak mobil wis mundak 300rb lho min, nek taun iki mundak meneh, prei sik bayar pajek. Percuma taat pajek 😢",Negatif,,,2026-02-25 19:46:39.483484+00:00,"Taun wingi pajak mobil wis mundak 300rb lho min, nek taun iki mundak meneh, prei sik bayar pajek. Percuma taat pajek 😢",Beban Ekonomi,Institusi (Bapenda/Samsat),Lainnya/Jateng
3471,3,,Instagram,Motor tua bukannya semakin menyusut untuk pajak nya malah tambah mahal😢,Negatif,,,2026-02-25 19:46:39.483484+00:00,Motor tua bukannya semakin menyusut untuk pajak nya malah tambah mahal😢,Beban Ekonomi,Institusi (Bapenda/Samsat),Lainnya/Jateng
441,1,,TikTok,umr di jawa tengah itu di naikan jngan pjak saja yg di naikan,Negatif,,,2026-02-25 19:46:39.483484+00:00,2-12,Beban Ekonomi,Lainnya,Lainnya/Jateng
492,1,,TikTok,cobalah liat d sana sini bencana.. malah menaikkan apa apa semua,Negatif,,,2026-02-25 19:46:39.483484+00:00,2-12,Beban Ekonomi,Lainnya,Lainnya/Jateng
3329,3,,Instagram,"Pajak nya netep. PAJAK OPSEN = PAJAK TAMBAHAN. APA²AN MAKSUD ANDA? YG TDINYA BAYAR PALING 6JT, INI JD 8JT AN +. DIKIRA DUIT TINGGAL METIK APA",Negatif,,,2026-02-25 19:46:39.483484+00:00,"Pajak nya netep. PAJAK OPSEN = PAJAK TAMBAHAN. APA²AN MAKSUD ANDA? YG TDINYA BAYAR PALING 6JT, INI JD 8JT AN +. DIKIRA DUIT TINGGAL METIK APA",Beban Ekonomi,Institusi (Bapenda/Samsat),Lainnya/Jateng
3338,3,,Instagram,"Kendaraan soyo tuwo taun² wingi makin turun, lha iki kok dadi larang mnh. Rego motorku wis ra sepiro. Pajeke mlh mundak.",Negatif,,,2026-02-25 19:46:39.483484+00:00,"Kendaraan soyo tuwo taun² wingi makin turun, lha iki kok dadi larang mnh. Rego motorku wis ra sepiro. Pajeke mlh mundak.",Beban Ekonomi,Institusi (Bapenda/Samsat),Lainnya/Jateng
3364,3,,Instagram,"ga meh bayar pajak wae wis mundak ben taun, bayar pajak ra tambah gawe masyarakate sejahtera wae kok 🫣🥰",Negatif,,,2026-02-25 19:46:39.483484+00:00,"ga meh bayar pajak wae wis mundak ben taun, bayar pajak ra tambah gawe masyarakate sejahtera wae kok 🫣🥰",Beban Ekonomi,Institusi (Bapenda/Samsat),Lainnya/Jateng
3376,3,,Instagram,"Tarif naik,banyak motor pajak mati",Negatif,,,2026-02-25 19:46:39.483484+00:00,"Tarif naik,banyak motor pajak mati",Beban Ekonomi,Institusi (Bapenda/Samsat),Lainnya/Jateng
3388,3,,Instagram,Pajeke mundak gajih umr pira ora pancen lengob!,Negatif,,,2026-02-25 19:46:39.483484+00:00,Pajeke mundak gajih umr pira ora pancen lengob!,Beban Ekonomi,Institusi (Bapenda/Samsat),Lainnya/Jateng
3407,3,,Instagram,Pajak Naik pejabat makin elit,Negatif,,,2026-02-25 19:46:39.483484+00:00,Pajak Naik pejabat makin elit,Beban Ekonomi,Institusi (Bapenda/Samsat),Lainnya/Jateng
3668,3,,Instagram,"Biasane bayar pajek motor 200ewu esih oleh susukan, saiki bayar pajek 300ewu.Gajine ajeg pajeke mundak,",Negatif,,,2026-02-25 19:46:39.483484+00:00,"Biasane bayar pajek motor 200ewu esih oleh susukan, saiki bayar pajek 300ewu.Gajine ajeg pajeke mundak,",Beban Ekonomi,Institusi (Bapenda/Samsat),Lainnya/Jateng
3413,3,,Instagram,"Mending rasah pajekan ngasi ono pemutihan, opo gunane taat pajak renek reward opo2 malah pajeke mundak sedangkan sing pajeke mati suwi kepenak tenan entuk pemutihan",Negatif,,,2026-02-25 19:46:39.483484+00:00,"Mending rasah pajekan ngasi ono pemutihan, opo gunane taat pajak renek reward opo2 malah pajeke mundak sedangkan sing pajeke mati suwi kepenak tenan entuk pemutihan",Beban Ekonomi,Institusi (Bapenda/Samsat),Lainnya/Jateng
3436,3,,Instagram,"Tetep wae ono opsen to,pajak tetep mundak,gas rak bayar",Negatif,,,2026-02-25 19:46:39.483484+00:00,"Tetep wae ono opsen to,pajak tetep mundak,gas rak bayar",Beban Ekonomi,Institusi (Bapenda/Samsat),Lainnya/Jateng
3439,3,,Instagram,"Intine pajak mundak, 2024 = 2 jt, 2025 = 2,4 jt, 2026 = mbuh dadi piro, aplikasi sakpole dierrorkan setelah banyak yang protes besaran PKB😂",Negatif,,,2026-02-25 19:46:39.483484+00:00,"Intine pajak mundak, 2024 = 2 jt, 2025 = 2,4 jt, 2026 = mbuh dadi piro, aplikasi sakpole dierrorkan setelah banyak yang protes besaran PKB😂",Beban Ekonomi,Institusi (Bapenda/Samsat),Lainnya/Jateng
3441,3,,Instagram,"Bln dpn aku bayar pajek min, wis ta cek ning sakpole, jumalah sing kudu di bayar luwih larang dri thun sblumnya, iku ra mundak ? Opo ganti rego ?",Negatif,,,2026-02-25 19:46:39.483484+00:00,"Bln dpn aku bayar pajek min, wis ta cek ning sakpole, jumalah sing kudu di bayar luwih larang dri thun sblumnya, iku ra mundak ? Opo ganti rego ?",Beban Ekonomi,Institusi (Bapenda/Samsat),Lainnya/Jateng
3448,3,,Instagram,"Ojo sak geleme dewe to pak pakk, pajak dikurangi tp opsen mundak ra mekakat parah !!! Ekonomi rakyat lagi parah parahe ojo tambah di injak pake opsen pakkk",Negatif,,,2026-02-25 19:46:39.483484+00:00,"Ojo sak geleme dewe to pak pakk, pajak dikurangi tp opsen mundak ra mekakat parah !!! Ekonomi rakyat lagi parah parahe ojo tambah di injak pake opsen pakkk",Beban Ekonomi,Institusi (Bapenda/Samsat),Lainnya/Jateng
1264,1,,TikTok,gubernur pilihan mu dewe 😭😭😭😭😭,Negatif,,,2026-02-25 19:46:39.483484+00:00,2-12,Kekecewaan Politik,Gubernur,Lainnya/Jateng
3451,3,,Instagram,"Rak ono udan,,rak ono angin,,ngerti2 pajek naik. Rak ono sosialisasi blas. Ndolor po rak?",Negatif,,,2026-02-25 19:46:39.483484+00:00,"Rak ono udan,,rak ono angin,,ngerti2 pajek naik. Rak ono sosialisasi blas. Ndolor po rak?",Beban Ekonomi,Institusi (Bapenda/Samsat),Lainnya/Jateng
3458,3,,Instagram,Motor semakin tua pajak malah naik... Waduhhhhhhhhhhhhhhh,Negatif,,,2026-02-25 19:46:39.483484+00:00,Motor semakin tua pajak malah naik... Waduhhhhhhhhhhhhhhh,Beban Ekonomi,Institusi (Bapenda/Samsat),Lainnya/Jateng
3462,3,,Instagram,"Ora urus,, intine naik.. Kalau bisa hapus itu opsen.. Kalau gak ya saya bakal stop byr pajak.. Krna selama ini enak yg gak byr pajak soalnya ada pemutihan.. Kita bayar 5thn tepat waktu mereka cmn byr 1 kali. Rugi bgt jdi pajak yg taat..",Negatif,,,2026-02-25 19:46:39.483484+00:00,"Ora urus,, intine naik.. Kalau bisa hapus itu opsen.. Kalau gak ya saya bakal stop byr pajak.. Krna selama ini enak yg gak byr pajak soalnya ada pemutihan.. Kita bayar 5thn tepat waktu mereka cmn byr 1 kali. Rugi bgt jdi pajak yg taat..",Beban Ekonomi,Institusi (Bapenda/Samsat),Lainnya/Jateng
3470,3,,Instagram,"Bagi hasil nek ora mundak kan iso. Lha iki motorq scoopy 2019, thun 2024 pajak 230an, 2025 pajak 250an, 2026 pajak 280an. Ki nek ora naik opo 😂",Negatif,,,2026-02-25 19:46:39.483484+00:00,"Bagi hasil nek ora mundak kan iso. Lha iki motorq scoopy 2019, thun 2024 pajak 230an, 2025 pajak 250an, 2026 pajak 280an. Ki nek ora naik opo 😂",Beban Ekonomi,Institusi (Bapenda/Samsat),Lainnya/Jateng
3636,3,,Instagram,"maaf motor mau saya kandangin dan gak mau bayar pajak, harga sembako mahal, PLN PDAM mahal tambah pajak2 mencekik",Negatif,,,2026-02-25 19:46:39.483484+00:00,"maaf motor mau saya kandangin dan gak mau bayar pajak, harga sembako mahal, PLN PDAM mahal tambah pajak2 mencekik",Beban Ekonomi,Institusi (Bapenda/Samsat),Lainnya/Jateng
3543,3,,Instagram,Aplikasi mundak sakpole eror opo gen surprais gen ora iso do ngecek pajak sing mundak kui ?,Negatif,,,2026-02-25 19:46:39.483484+00:00,Aplikasi mundak sakpole eror opo gen surprais gen ora iso do ngecek pajak sing mundak kui ?,Beban Ekonomi,Institusi (Bapenda/Samsat),Lainnya/Jateng
3545,3,,Instagram,"Rasah bayar sek sakdurunge medun, motor lawas soyo suwe soyo larang bayar pajake",Negatif,,,2026-02-25 19:46:39.483484+00:00,"Rasah bayar sek sakdurunge medun, motor lawas soyo suwe soyo larang bayar pajake",Beban Ekonomi,Institusi (Bapenda/Samsat),Lainnya/Jateng
3553,3,,Instagram,Kalau tetap naik biarkan saja gak usah bayar pajak.,Negatif,,,2026-02-25 19:46:39.483484+00:00,Kalau tetap naik biarkan saja gak usah bayar pajak.,Beban Ekonomi,Institusi (Bapenda/Samsat),Lainnya/Jateng
3561,3,,Instagram,Mobil tambah murah kok total pajake tambah larang..,Negatif,,,2026-02-25 19:46:39.483484+00:00,Mobil tambah murah kok total pajake tambah larang..,Beban Ekonomi,Institusi (Bapenda/Samsat),Lainnya/Jateng
3565,3,,Instagram,Ngapain ada pemutihan klo ujungan kenaikan pajak?,Negatif,,,2026-02-25 19:46:39.483484+00:00,Ngapain ada pemutihan klo ujungan kenaikan pajak?,Beban Ekonomi,Institusi (Bapenda/Samsat),Lainnya/Jateng
3604,3,,Instagram,"Ora urus,, intine naik.. Kalau bisa hapus itu opsen.. Kalau gak ya saya bakal stop byr pajak.. Krna selama ini enak yg gak byr pajak soalnya ada pemutihan.. Kita bayar 5thn tepat waktu mereka cmn byr 1 kali. Rugi bgt jdi pajak yg taat..",Negatif,,,2026-02-25 19:46:39.483484+00:00,"Ora urus,, intine naik.. Kalau bisa hapus itu opsen.. Kalau gak ya saya bakal stop byr pajak.. Krna selama ini enak yg gak byr pajak soalnya ada pemutihan.. Kita bayar 5thn tepat waktu mereka cmn byr 1 kali. Rugi bgt jdi pajak yg taat..",Beban Ekonomi,Institusi (Bapenda/Samsat),Lainnya/Jateng
3614,3,,Instagram,Pajak naik 16% gara2 opsen..UMR dinaikin min.16% dong..!!!,Negatif,,,2026-02-25 19:46:39.483484+00:00,Pajak naik 16% gara2 opsen..UMR dinaikin min.16% dong..!!!,Beban Ekonomi,Institusi (Bapenda/Samsat),Lainnya/Jateng
3617,3,,Instagram,Ga tau lah.. Yang jelas udh bayar pajak naiknya WOW 😮,Negatif,,,2026-02-25 19:46:39.483484+00:00,Ga tau lah.. Yang jelas udh bayar pajak naiknya WOW 😮,Beban Ekonomi,Institusi (Bapenda/Samsat),Lainnya/Jateng
3664,3,,Instagram,Seng penting rasido mundak pak pajek ke.,Negatif,,,2026-02-25 19:46:39.483484+00:00,Seng penting rasido mundak pak pajek ke.,Beban Ekonomi,Institusi (Bapenda/Samsat),Lainnya/Jateng
3691,3,,Instagram,meningkatkan pendapatan daerah tidak hanya dengan cara menaikan pajak pak… yokk cari cara lain ya biar masyarakat tetap anteng,Negatif,,,2026-02-25 19:46:39.483484+00:00,meningkatkan pendapatan daerah tidak hanya dengan cara menaikan pajak pak… yokk cari cara lain ya biar masyarakat tetap anteng,Beban Ekonomi,Institusi (Bapenda/Samsat),Lainnya/Jateng
3694,3,,Instagram,Pajak Naik Mung Go Ngopeni Pejabat KORUP azuu azuuuu,Negatif,,,2026-02-25 19:46:39.483484+00:00,Pajak Naik Mung Go Ngopeni Pejabat KORUP azuu azuuuu,Beban Ekonomi,Institusi (Bapenda/Samsat),Lainnya/Jateng
3730,3,,Instagram,Mohon kenaikan tarif opsen pajak 2026 bisa ditinjau kembali. Ekonomi belum sepenuhnya stabil dan kenaikan yang cukup tinggi akan sangat dirasakan masyarakat. Kami berharap kebijakan yang diambil tetap mengedepankan keadilan dan kesejahteraan rakyat,Negatif,,,2026-02-25 19:46:39.483484+00:00,Mohon kenaikan tarif opsen pajak 2026 bisa ditinjau kembali. Ekonomi belum sepenuhnya stabil dan kenaikan yang cukup tinggi akan sangat dirasakan masyarakat. Kami berharap kebijakan yang diambil tetap mengedepankan keadilan dan kesejahteraan rakyat,Beban Ekonomi,Institusi (Bapenda/Samsat),Lainnya/Jateng
1274,1,,TikTok,"gubernur pilihan mu to,",Negatif,,,2026-02-25 19:46:39.483484+00:00,2-12,Kekecewaan Politik,Gubernur,Lainnya/Jateng
1285,1,,TikTok,salah pilih orang di jadikan gubernor ya ini resikonya,Negatif,,,2026-02-25 19:46:39.483484+00:00,2-12,Kekecewaan Politik,Gubernur,Lainnya/Jateng
3757,3,,Instagram,"Munggah, bedhone cetho karo seng taun sebelume. Contoh motor matic 125 cc th 2023 (238k) 2024 (228) 2025 (251). Ngeri toh bedane padahal pasaran second e medon teros malah pajak e sing mundak 😂",Negatif,,,2026-02-25 19:46:39.483484+00:00,"Munggah, bedhone cetho karo seng taun sebelume. Contoh motor matic 125 cc th 2023 (238k) 2024 (228) 2025 (251). Ngeri toh bedane padahal pasaran second e medon teros malah pajak e sing mundak 😂",Beban Ekonomi,Institusi (Bapenda/Samsat),Lainnya/Jateng
3765,3,,Instagram,Jogja gak naik pajaknya 😂😂😂,Negatif,,,2026-02-25 19:46:39.483484+00:00,Jogja gak naik pajaknya 😂😂😂,Beban Ekonomi,Institusi (Bapenda/Samsat),Lainnya/Jateng
3770,3,,Instagram,Aku ikhlas bayar pajak sing penting duit e ora mlebu kantonge tikus berdasi dan pembangunan e jelas nyata enek,Negatif,,,2026-02-25 19:46:39.483484+00:00,Aku ikhlas bayar pajak sing penting duit e ora mlebu kantonge tikus berdasi dan pembangunan e jelas nyata enek,Beban Ekonomi,Institusi (Bapenda/Samsat),Lainnya/Jateng
3777,3,,Instagram,"Kae jogja lho pajek e malah midun, opsen di jipukke dana seko pkb, lha iki kok malah jipuk opsen ra ngotak, opsen mundak sakpole",Negatif,,,2026-02-25 19:46:39.483484+00:00,"Kae jogja lho pajek e malah midun, opsen di jipukke dana seko pkb, lha iki kok malah jipuk opsen ra ngotak, opsen mundak sakpole",Beban Ekonomi,Institusi (Bapenda/Samsat),Lainnya/Jateng
3780,3,,Instagram,Mbuh pajek e larang eram kon sugih pie,Negatif,,,2026-02-25 19:46:39.483484+00:00,Mbuh pajek e larang eram kon sugih pie,Beban Ekonomi,Institusi (Bapenda/Samsat),Lainnya/Jateng
3782,3,,Instagram,Kendaraan tambah tua tambah mahal pajaknya,Negatif,,,2026-02-25 19:46:39.483484+00:00,Kendaraan tambah tua tambah mahal pajaknya,Beban Ekonomi,Institusi (Bapenda/Samsat),Lainnya/Jateng
3793,3,,Instagram,pajek pbb larang pajek motor larang 😂😂😂😂😂,Negatif,,,2026-02-25 19:46:39.483484+00:00,pajek pbb larang pajek motor larang 😂😂😂😂😂,Beban Ekonomi,Institusi (Bapenda/Samsat),Lainnya/Jateng
3799,3,,Instagram,"hapus opsen pkb,pajak naik 66% KONYOL",Negatif,,,2026-02-25 19:46:39.483484+00:00,"hapus opsen pkb,pajak naik 66% KONYOL",Beban Ekonomi,Institusi (Bapenda/Samsat),Lainnya/Jateng
3851,3,,Instagram,"Bahasane wong bodo,,,tidak naik . Tambahan di OPSEN pajak. Persetan dengan bahasa itu",Negatif,,,2026-02-25 19:46:39.483484+00:00,"Bahasane wong bodo,,,tidak naik . Tambahan di OPSEN pajak. Persetan dengan bahasa itu",Beban Ekonomi,Institusi (Bapenda/Samsat),Lainnya/Jateng
3884,3,,Instagram,Heleh tai...... Intinya pajak kendaraan naik bayarnya,Negatif,,,2026-02-25 19:46:39.483484+00:00,Heleh tai...... Intinya pajak kendaraan naik bayarnya,Beban Ekonomi,Institusi (Bapenda/Samsat),Lainnya/Jateng
3903,3,,Instagram,Pinter ngeles.. Intinya pajak nya naik. Banyak alesan...,Negatif,,,2026-02-25 19:46:39.483484+00:00,Pinter ngeles.. Intinya pajak nya naik. Banyak alesan...,Beban Ekonomi,Institusi (Bapenda/Samsat),Lainnya/Jateng
3906,3,,Instagram,Ngopo bayar pajek😂koyo duit pajek dibalekne ning rakyat wae,Negatif,,,2026-02-25 19:46:39.483484+00:00,Ngopo bayar pajek😂koyo duit pajek dibalekne ning rakyat wae,Beban Ekonomi,Institusi (Bapenda/Samsat),Lainnya/Jateng
672,1,,TikTok,"Jawa Tengah remuk2, ekonomi gonjang ganjing pajak malah di naikin, makany pajak itu di permudah gak di naikin, rapat sama jokowi ya 😏😏",Negatif,,,2026-02-25 19:46:39.483484+00:00,2-13,Beban Ekonomi,Institusi (Bapenda/Samsat),Lainnya/Jateng
3893,3,,Instagram,"UMR lu pikirin lutpi, jgn dikit22 pajak naik😂 ampun deh ah",Negatif,,,2026-02-25 19:46:39.483484+00:00,"UMR lu pikirin lutpi, jgn dikit22 pajak naik😂 ampun deh ah",Beban Ekonomi,Institusi (Bapenda/Samsat),Lainnya/Jateng
414,1,,TikTok,Wis wisssss…pajak dinaikan….lutfiiii..lutfiiiii,Negatif,,,2026-02-25 19:46:39.483484+00:00,6 h yang lalu,Beban Ekonomi,Institusi (Bapenda/Samsat),Lainnya/Jateng
1548,1,,TikTok,duhhh pak lutfi. kahanan lagi angel. pajek mundak kabeh,Negatif,,,2026-02-25 19:46:39.483484+00:00,2-12,Beban Ekonomi,Institusi (Bapenda/Samsat),Lainnya/Jateng
1406,1,,TikTok,jangan cuma bisa naikin pajak aja tapi dipermudah juga tho pak pajak Kho dadak focopy dadak gwo KTP asli yn GK pakek KTP gak bisa tapi lewat calo bayar 50bisa trus muu balik nama bayar mahal dan harus ganti BPKB ribet,Negatif,,,2026-02-25 19:46:39.483484+00:00,2-12,Beban Ekonomi,Institusi (Bapenda/Samsat),Lainnya/Jateng
1444,1,,TikTok,"Bayar pajak KLO GK BW KTP nya pemilik, terlalu banyak NEMBAKNYA,,, DIPERSULIT. NAIKKAN HINGGA 200% 🤸🏾",Negatif,,,2026-02-25 19:46:39.483484+00:00,2-12,Beban Ekonomi,Institusi (Bapenda/Samsat),Lainnya/Jateng
1502,1,,TikTok,"aku ora arep pejek mending duite go bayar sekolah
nek tuku motor mending plat AB jogja murah pajeke",Negatif,,,2026-02-25 19:46:39.483484+00:00,2-12,Beban Ekonomi,Institusi (Bapenda/Samsat),Lainnya/Jateng
1908,1,,TikTok,"pantesan kmaren ke samsat bayar pajak naik byk banget, biasa pajak 250rb tiba"" jd 300rb'an",Negatif,,,2026-02-25 19:46:39.483484+00:00,2-12,Beban Ekonomi,Institusi (Bapenda/Samsat),Lainnya/Jateng
2603,2,,TikTok,motorku plat B Jane meh tak mutasi. ha ra sido ah pajeke larang pol kok,Negatif,,,2026-02-25 19:46:39.483484+00:00,1 j yang lalu,Beban Ekonomi,Institusi (Bapenda/Samsat),Lainnya/Jateng
3517,3,,Instagram,"Mohon evaluasi layanan SAMSAT Keliling. Di beberapa titik justru dijaga dan dilayani oleh security, bukan pegawai resmi SAMSAT. Ini rawan miskomunikasi dan penyalahgunaan wewenang. Selain itu, ditemukan juga kasus pembulatan biaya pajak yang terlalu tinggi dari nominal seharusnya. Mohon transparansi dan pengawasan agar pelayanan lebih profesional dan terpercaya. 🙏",Negatif,,,2026-02-25 19:46:39.483484+00:00,"Mohon evaluasi layanan SAMSAT Keliling. Di beberapa titik justru dijaga dan dilayani oleh security, bukan pegawai resmi SAMSAT. Ini rawan miskomunikasi dan penyalahgunaan wewenang. Selain itu, ditemukan juga kasus pembulatan biaya pajak yang terlalu tinggi dari nominal seharusnya. Mohon transparansi dan pengawasan agar pelayanan lebih profesional dan terpercaya. 🙏",Beban Ekonomi,Institusi (Bapenda/Samsat),Lainnya/Jateng
1362,1,,TikTok,gubernur pilihan mu,Negatif,,,2026-02-25 19:46:39.483484+00:00,2-12,Kekecewaan Politik,Gubernur,Lainnya/Jateng
1615,1,,TikTok,nyesel gak pilih gubernur ini?? aku sih nyesel,Negatif,,,2026-02-25 19:46:39.483484+00:00,2-12,Kekecewaan Politik,Gubernur,Lainnya/Jateng
1699,1,,TikTok,pilih ora due gubernur,Negatif,,,2026-02-25 19:46:39.483484+00:00,2-12,Kekecewaan Politik,Gubernur,Lainnya/Jateng
1705,1,,TikTok,ga usah di pilih lagi gubernur yg dari pkb,Negatif,,,2026-02-25 19:46:39.483484+00:00,2-12,Kekecewaan Politik,Gubernur,Lainnya/Jateng
3460,3,,Instagram,"Makannya kalo bayar pajak syaratnya jangan belibet, sekarang ya masak hanya perkara gak pakai KTP gak bisa bayar Ngotak anda itu",Negatif,,,2026-02-25 19:46:39.483484+00:00,"Makannya kalo bayar pajak syaratnya jangan belibet, sekarang ya masak hanya perkara gak pakai KTP gak bisa bayar Ngotak anda itu",Beban Ekonomi,Institusi (Bapenda/Samsat),Lainnya/Jateng
3480,3,,Instagram,"Kalau masyarakat mau taat pajak, minimal jangan memberatkan masyarakat yang sudah taat dengan biaya yang tinggi dan di mudahkan dalam pengurusan pajak, kalau tidak ada KTP asli setidaknya ada opsi lain sebagai kepemilikan kedaraan yang sah (bpkb) bisa untuk bukti.",Negatif,,,2026-02-25 19:46:39.483484+00:00,"Kalau masyarakat mau taat pajak, minimal jangan memberatkan masyarakat yang sudah taat dengan biaya yang tinggi dan di mudahkan dalam pengurusan pajak, kalau tidak ada KTP asli setidaknya ada opsi lain sebagai kepemilikan kedaraan yang sah (bpkb) bisa untuk bukti.",Beban Ekonomi,Institusi (Bapenda/Samsat),Lainnya/Jateng
3537,3,,Instagram,"Ktp butuh asli, pajak opsen naik 😂",Negatif,,,2026-02-25 19:46:39.483484+00:00,"Ktp butuh asli, pajak opsen naik 😂",Beban Ekonomi,Institusi (Bapenda/Samsat),Lainnya/Jateng
3712,3,,Instagram,"Pajak naik, pelayanan makin rumit. Udah tambah biaya pajak, tambah pula biaya buat operasional pembayarannya.. 😢",Negatif,,,2026-02-25 19:46:39.483484+00:00,"Pajak naik, pelayanan makin rumit. Udah tambah biaya pajak, tambah pula biaya buat operasional pembayarannya.. 😢",Beban Ekonomi,Institusi (Bapenda/Samsat),Lainnya/Jateng
2238,1,,TikTok,walah pak gub...wong duite ora go rakyat meneh...arep opo mbayar pajak...,Negatif,,,2026-02-25 19:46:39.483484+00:00,2-12,Beban Ekonomi,Institusi (Bapenda/Samsat),Lainnya/Jateng
1560,1,,TikTok,bagus ya pak... bikin rakyat bangga pajak naik,Negatif,,,2026-02-25 19:46:39.483484+00:00,2-12,Beban Ekonomi,Institusi (Bapenda/Samsat),Lainnya/Jateng
565,1,,TikTok,"naikin psjak buat Bancakan antek-anteknya,",Negatif,,,2026-02-25 19:46:39.483484+00:00,2-12,Beban Ekonomi,Lainnya,Lainnya/Jateng
3161,3,,Instagram,Dalan do bobrok pajak mundak e ra umum.,Negatif,,,2026-02-25 19:46:39.483484+00:00,Dalan do bobrok pajak mundak e ra umum.,Beban Ekonomi,Institusi (Bapenda/Samsat),Lainnya/Jateng
3284,3,,Instagram,"Kata siapa 2025 lebih murah? 2024 & 2025 berangkat sendiri ke samsat untuk bayar pajak. Di tahun 2024 pajak naik 12% & di 2025 pajak naik 14%. Kenapa bisa tau kenaikannya berapa persen? Saya tanya ke petugas samsat di loket pembayaran, dan mereka menjawab pajak naik sekian persen. Tidak pernah ada diskon, tapi memang selalu ada kenaikan. Motor umur 9tahun, tiap tahun pajak semakin naik, tapi nilai kendaraan semakin rendah. Scoopy tahun 2016 di tahun 2025 pajak hampir tembus 300k (Selalu taat bayar pajak 1bulan sebelum jatuh tempo).",Negatif,,,2026-02-25 19:46:39.483484+00:00,"Kata siapa 2025 lebih murah? 2024 & 2025 berangkat sendiri ke samsat untuk bayar pajak. Di tahun 2024 pajak naik 12% & di 2025 pajak naik 14%. Kenapa bisa tau kenaikannya berapa persen? Saya tanya ke petugas samsat di loket pembayaran, dan mereka menjawab pajak naik sekian persen. Tidak pernah ada diskon, tapi memang selalu ada kenaikan. Motor umur 9tahun, tiap tahun pajak semakin naik, tapi nilai kendaraan semakin rendah. Scoopy tahun 2016 di tahun 2025 pajak hampir tembus 300k (Selalu taat bayar pajak 1bulan sebelum jatuh tempo).",Beban Ekonomi,Institusi (Bapenda/Samsat),Pekalongan/Pantura (G)
3563,3,,Instagram,Pak fungsi KTP asli saat bayar pajak apa ? Lalu uang nembak KTP masuk mana ? Terimakasih,Negatif,,,2026-02-25 19:46:39.483484+00:00,Pak fungsi KTP asli saat bayar pajak apa ? Lalu uang nembak KTP masuk mana ? Terimakasih,Beban Ekonomi,Institusi (Bapenda/Samsat),Pekalongan/Pantura (G)
3618,3,,Instagram,"Kalau memang nda ada kenaikan adu data yuk min, saya masih simpan stnk pajak 5th terakhir 😂😂",Negatif,,,2026-02-25 19:46:39.483484+00:00,"Kalau memang nda ada kenaikan adu data yuk min, saya masih simpan stnk pajak 5th terakhir 😂😂",Beban Ekonomi,Institusi (Bapenda/Samsat),Pekalongan/Pantura (G)
321,1,,TikTok,😃😃😃😂😂😂lutfi Lutfi😄😄😄😂😂😂😂ojo ngunu rakyat banyak yg susah.,Negatif,,,2026-02-25 19:46:39.483484+00:00,5 h yang lalu,Beban Ekonomi,Gubernur,Lainnya/Jateng
825,1,,TikTok,aturan lu sendiri fi ludfi emng yg mana mantan polisi yha ttp aja urusan yg dia pikirin bagaimana cara bisa dapet duit ra urus rakyat nya susah menanggung beban untuk hidup yg penting dapet duit itu yg ada dipikirkan si gubernur Jawa Tengah laen sama gubernur Jawa Barat,Negatif,,,2026-02-25 19:46:39.483484+00:00,6 h yang lalu,Beban Ekonomi,Institusi (Bapenda/Samsat),Pekalongan/Pantura (G)
916,1,,TikTok,"gub mantan polisi,JD wajar lah sama2 polisi sama tau cari uang😁😁",Negatif,,,2026-02-25 19:46:39.483484+00:00,2-13,Beban Ekonomi,Institusi (Bapenda/Samsat),Pekalongan/Pantura (G)
113,1,,TikTok,gubernur bisanya naikan pajak..pembagunan melempem,Negatif,,,2026-02-25 19:46:39.483484+00:00,2-12,Beban Ekonomi,Institusi (Bapenda/Samsat),Lainnya/Jateng
389,1,,TikTok,bayar pajak buat biayai hidup gedakan gubernur ga mampu beli gendakan ga usah maenan gedakan akibat nya rakyat yg di peras,Negatif,,,2026-02-25 19:46:39.483484+00:00,6 h yang lalu,Beban Ekonomi,Institusi (Bapenda/Samsat),Lainnya/Jateng
576,1,,TikTok,"makan warga cilik saja lagi susahhh pakkk. lauk pauk naik semua.
gubernur mikirrr kprwe carane ekonomi penakk go byar pajak.
naik 200% tidk masalah asal cari duit kpnak .",Negatif,,,2026-02-25 19:46:39.483484+00:00,2-12,Beban Ekonomi,Institusi (Bapenda/Samsat),Lainnya/Jateng
707,1,,TikTok,perkembangan Jawa Tengah gak ada.. tapi main naikan pajak aja... contoh dong gubernur jabar,Negatif,,,2026-02-25 19:46:39.483484+00:00,2-12,Beban Ekonomi,Institusi (Bapenda/Samsat),Lainnya/Jateng
951,1,,TikTok,"gubernur Jawa Tengah,, g ad smaa sekali gebrakan ny,, justru muncul malah naikin pajak",Negatif,,,2026-02-25 19:46:39.483484+00:00,2-13,Beban Ekonomi,Institusi (Bapenda/Samsat),Lainnya/Jateng
3012,3,,Instagram,"Sekarang kenapa kalau mau bayar pajak motor,  kalau KTP beda sama atas nama STNK harus ada biaya nembak 50.000?   nk raiso ngrampungi iki percumah dadi gubernur",Negatif,,,2026-02-25 19:46:39.483484+00:00,"Sekarang kenapa kalau mau bayar pajak motor,  kalau KTP beda sama atas nama STNK harus ada biaya nembak 50.000?   nk raiso ngrampungi iki percumah dadi gubernur",Beban Ekonomi,Institusi (Bapenda/Samsat),Solo Raya (AD)
1110,1,,TikTok,pajak di naikkan gaji gubenur di kurangin,Negatif,,,2026-02-25 19:46:39.483484+00:00,2-13,Beban Ekonomi,Institusi (Bapenda/Samsat),Lainnya/Jateng
1389,1,,TikTok,gubernur polisi yo retine duit,Negatif,,,2026-02-25 19:46:39.483484+00:00,2-12,Beban Ekonomi,Institusi (Bapenda/Samsat),Lainnya/Jateng
13,1,,TikTok,mbok yo kreatif cari uang buat pendapatan daerah. jangan mencekik rakyat dg pajak.,Negatif,,,2026-02-25 19:46:39.483484+00:00,2-12,Beban Ekonomi,Institusi (Bapenda/Samsat),Solo Raya (AD)
1630,1,,TikTok,umk naik sak uprit pajak naik sak geleme gubefnur,Negatif,,,2026-02-25 19:46:39.483484+00:00,2-12,Beban Ekonomi,Institusi (Bapenda/Samsat),Lainnya/Jateng
1636,1,,TikTok,"mator Soyo tuo pajek Soyo larang...
Josss gubenurq 😅😂😂",Negatif,,,2026-02-25 19:46:39.483484+00:00,2-12,Beban Ekonomi,Institusi (Bapenda/Samsat),Lainnya/Jateng
1853,1,,TikTok,gak perlu gubernur hebat untuk hanya sekedar menaikkan pajak..,Negatif,,,2026-02-25 19:46:39.483484+00:00,2-12,Beban Ekonomi,Institusi (Bapenda/Samsat),Lainnya/Jateng
2459,1,,TikTok,"tanggung sekalian naik nya 200% , mulai skrg kompak jgn byr pajak kendaraan semasa gubernur luhfi",Negatif,,,2026-02-25 19:46:39.483484+00:00,2-12,Beban Ekonomi,Institusi (Bapenda/Samsat),Lainnya/Jateng
586,1,,TikTok,"asline ilmune gampang pakgub, pajak mahal ribet pasti yg ga bayar banyak, tp kalo pajak murah mudah pasti banyak yg bayar, jd income lebih banyak.",Negatif,,,2026-02-25 19:46:39.483484+00:00,2-12,Beban Ekonomi,Institusi (Bapenda/Samsat),Lainnya/Jateng
1018,1,,TikTok,"UMR kecil, pajak naik, KTP harus asli tapi kalo titip calo bisa diurus, mengapa di diamkan bapak gubernur yg terhormat..",Negatif,,,2026-02-25 19:46:39.483484+00:00,1 m yang lalu,Beban Ekonomi,Institusi (Bapenda/Samsat),Lainnya/Jateng
2604,2,,TikTok,Hapus Opsen Gus itu yang membebani . Mobil nilai semakin turun kok pajaknya naik . iki piye to .........??????,Negatif,,,2026-02-25 19:46:39.483484+00:00,1 j yang lalu,Beban Ekonomi,Institusi (Bapenda/Samsat),Lainnya/Jateng
2837,2,,TikTok,"Gus kembali ke pajak sebelum nya tidak naik, baru bayar",Negatif,,,2026-02-25 19:46:39.483484+00:00,1 h yang lalu,Beban Ekonomi,Institusi (Bapenda/Samsat),Lainnya/Jateng
448,1,,TikTok,jateng makin menjerit pajak naiknya ngk pake otak gubnurnya,Negatif,,,2026-02-25 19:46:39.483484+00:00,2-12,Beban Ekonomi,Pemerintahan,Lainnya/Jateng
8,1,,TikTok,"seyogyanya yang belum bayar ya ditagih, bukan yang aktif bayar malah pajaknya dinaikan untuk menutup piutang yang belum bayar",Negatif,,,2026-02-25 19:46:39.483484+00:00,2-12,Beban Ekonomi,Institusi (Bapenda/Samsat),Lainnya/Jateng
35,1,,TikTok,"mslh nya krn piutang blm byr pajak, hrs nya cr solusi gmn biar org mau bayar bukan trs naikin pajak buat nutup. 🧠 pasti di vantat",Negatif,,,2026-02-25 19:46:39.483484+00:00,4 h yang lalu,Beban Ekonomi,Institusi (Bapenda/Samsat),Lainnya/Jateng
296,1,,TikTok,"aturane pajak harus di murah kan dan di mudah kan ,jangan di persulit dan jangan di naikin yg di naikin motor nya aja pak Jawa tengah mesti maju 😅",Negatif,,,2026-02-25 19:46:39.483484+00:00,4 h yang lalu,Beban Ekonomi,Institusi (Bapenda/Samsat),Lainnya/Jateng
816,1,,TikTok,pajak bumi dan bangunan milik pejabat apa kabar? harusnya juga naik 66%,Negatif,,,2026-02-25 19:46:39.483484+00:00,1 m yang lalu,Beban Ekonomi,Institusi (Bapenda/Samsat),Lainnya/Jateng
1342,1,,TikTok,ga usah bayar pajak lah pajak naik banyak,Negatif,,,2026-02-25 19:46:39.483484+00:00,2-12,Beban Ekonomi,Institusi (Bapenda/Samsat),Lainnya/Jateng
1369,1,,TikTok,bisanya naikin pajak ada musibah ga pernah muncul,Negatif,,,2026-02-25 19:46:39.483484+00:00,2-12,Beban Ekonomi,Institusi (Bapenda/Samsat),Lainnya/Jateng
1727,1,,TikTok,orang Miskin Di Larang Kaya Kerja Sebulan Juga Ngga Cukup Buat Beli Emas Satu Gramm😂 Ehh Ini Malah Di Tambahh Pajak Naikk 👏👏,Negatif,,,2026-02-25 19:46:39.483484+00:00,2-12,Beban Ekonomi,Institusi (Bapenda/Samsat),Lainnya/Jateng
1740,1,,TikTok,kenaikan UMK Ra sepiro. naik pajake Ra kiro2,Negatif,,,2026-02-25 19:46:39.483484+00:00,2-12,Beban Ekonomi,Institusi (Bapenda/Samsat),Lainnya/Jateng
2090,1,,TikTok,pajak terlalu d urusin dan d utamakan untuk menyejahterakan para pejabat dan aparat,Negatif,,,2026-02-25 19:46:39.483484+00:00,2-12,Beban Ekonomi,Institusi (Bapenda/Samsat),Lainnya/Jateng
2599,2,,TikTok,Motor semakin tua tapi pajaknya mlh semakin naik ttp ga masuk akal…,Negatif,,,2026-02-25 19:46:39.483484+00:00,4 j yang lalu,Beban Ekonomi,Institusi (Bapenda/Samsat),Lainnya/Jateng
2656,2,,TikTok,"penak yang punnya aturan
kita yang merasakan pajak naik..",Negatif,,,2026-02-25 19:46:39.483484+00:00,10 j yang lalu,Beban Ekonomi,Institusi (Bapenda/Samsat),Lainnya/Jateng
3180,3,,Instagram,Transparansi penggunaan pajak harus jelas. Rakyat harus bisa akses data penerimaan vs realisasi penggunaan uang pajak tersebut..,Negatif,,,2026-02-25 19:46:39.483484+00:00,Transparansi penggunaan pajak harus jelas. Rakyat harus bisa akses data penerimaan vs realisasi penggunaan uang pajak tersebut..,Beban Ekonomi,Institusi (Bapenda/Samsat),Lainnya/Jateng
3527,3,,Instagram,🔥🔥🔥🔥🔥🔥🔥 ...... ngopeni nglakoni....... ngopeni dengan menaikkan pajak.... nglakoni dng TDK peduli dng rakyat nya 😂😂😂😂😂😂,Negatif,,,2026-02-25 19:46:39.483484+00:00,🔥🔥🔥🔥🔥🔥🔥 ...... ngopeni nglakoni....... ngopeni dengan menaikkan pajak.... nglakoni dng TDK peduli dng rakyat nya 😂😂😂😂😂😂,Beban Ekonomi,Institusi (Bapenda/Samsat),Lainnya/Jateng
3489,3,,Instagram,Pak aku taat pajak bgt loh pak. Mhn pak jangan diperiweuh dgn kenaikan pajak.,Negatif,,,2026-02-25 19:46:39.483484+00:00,Pak aku taat pajak bgt loh pak. Mhn pak jangan diperiweuh dgn kenaikan pajak.,Beban Ekonomi,Institusi (Bapenda/Samsat),Lainnya/Jateng
3514,3,,Instagram,'Meningkatkan kualitas’ menaikkan tarif pajak kaleee,Negatif,,,2026-02-25 19:46:39.483484+00:00,'Meningkatkan kualitas’ menaikkan tarif pajak kaleee,Beban Ekonomi,Institusi (Bapenda/Samsat),Lainnya/Jateng
3696,3,,Instagram,"pajak itu bukan dagangan , masa ada diskon2 nan.....bilsng saja jika orang2 yg ada di bapenda tidak mampu  menaikan PAD dari  hasil non pajak...... digaji buat kerja bukan ambil simpel naikan pajak agar  PAD naik.....pancen pejabat kita g  brlajar dari kasus demo2 di 2025 kemaren",Negatif,,,2026-02-25 19:46:39.483484+00:00,"pajak itu bukan dagangan , masa ada diskon2 nan.....bilsng saja jika orang2 yg ada di bapenda tidak mampu  menaikan PAD dari  hasil non pajak...... digaji buat kerja bukan ambil simpel naikan pajak agar  PAD naik.....pancen pejabat kita g  brlajar dari kasus demo2 di 2025 kemaren",Beban Ekonomi,Institusi (Bapenda/Samsat),Lainnya/Jateng
3702,3,,Instagram,Aku lho September 2025 bayar pajak udah ada kenaikan. Mundak 500ewu. Dzalim.,Negatif,,,2026-02-25 19:46:39.483484+00:00,Aku lho September 2025 bayar pajak udah ada kenaikan. Mundak 500ewu. Dzalim.,Beban Ekonomi,Institusi (Bapenda/Samsat),Lainnya/Jateng
3247,3,,Instagram,"kendaraan makin tua nilai jual makin turun, laaah malah PAJAKE makin naik. PEKOOOOKK PEKOOOK... Blending wetengmu akeh sindate kapok koe!!!",Negatif,,,2026-02-25 19:46:39.483484+00:00,"kendaraan makin tua nilai jual makin turun, laaah malah PAJAKE makin naik. PEKOOOOKK PEKOOOK... Blending wetengmu akeh sindate kapok koe!!!",Beban Ekonomi,Institusi (Bapenda/Samsat),Lainnya/Jateng
43,1,,TikTok,"Berarti piutang pajak justru dibebankan kepada yang rajin dan taat bayar pajak dengan menaikan OPSEN.
Coba pak bayar pajak dipermudah gak usah pakai KTP asli yang punya motor lama.",Negatif,,,2026-02-25 19:46:39.483484+00:00,6 h yang lalu,Beban Ekonomi,Institusi (Bapenda/Samsat),Lainnya/Jateng
476,1,,TikTok,bayar pajak naik proses dipersulit ngapain hrs bayar pajak,Negatif,,,2026-02-25 19:46:39.483484+00:00,4 h yang lalu,Beban Ekonomi,Institusi (Bapenda/Samsat),Lainnya/Jateng
574,1,,TikTok,"Beban Masyarakat yg paling berat klo mau bayar pajak kendaraan, terutama klo beli motornya seken harus pakai KTP makanya banyak yg malas bayar pajak kendaraan",Negatif,,,2026-02-25 19:46:39.483484+00:00,2-12,Beban Ekonomi,Institusi (Bapenda/Samsat),Lainnya/Jateng
604,1,,TikTok,pajak naik tp kl mau bayar pajak klau GK bawa KTP GK bisa pajak tp kalau melalui Calok bisa bayar ap bedahnya,Negatif,,,2026-02-25 19:46:39.483484+00:00,2-12,Beban Ekonomi,Institusi (Bapenda/Samsat),Lainnya/Jateng
697,1,,TikTok,"kl banyak nunggak atuh di cari masalahnya bukan di naekin pajaknya, di permudah, ga usah pakek fotokopian yg 6k (tangerang) selembar, segala harus lampirin ktp asli, bpkb asli. eh kl ga bawa bpkb ada biaya pengesahan gocap apa cepe yah (lagi2 di tangerang).",Negatif,,,2026-02-25 19:46:39.483484+00:00,2-12,Beban Ekonomi,Institusi (Bapenda/Samsat),Lainnya/Jateng
779,1,,TikTok,pak mau tanya klo bayar pajak nembak KTP itu uang nembak KTP masuk nya kmna yah...😁🙏🙏,Negatif,,,2026-02-25 19:46:39.483484+00:00,1 m yang lalu,Beban Ekonomi,Institusi (Bapenda/Samsat),Lainnya/Jateng
781,1,,TikTok,"sy mulai hari ini tdk akan bayar pajak motor, ribet udh mau bayar, eh pajak naik eh msh prosesnya dipersulit....",Negatif,,,2026-02-25 19:46:39.483484+00:00,1 m yang lalu,Beban Ekonomi,Institusi (Bapenda/Samsat),Lainnya/Jateng
3235,3,,Instagram,Harusnya mikir!!!!! Pajak kendaraan kita overprice nomor 1 sedunia. Masyarakat taat pajak sudah beryukur. Ini malah bayar pajak di persulit harus pake ktp asli dan ini itu ketambah ini mau di naikin gila gilaan. 2.,Negatif,,,2026-02-25 19:46:39.483484+00:00,Harusnya mikir!!!!! Pajak kendaraan kita overprice nomor 1 sedunia. Masyarakat taat pajak sudah beryukur. Ini malah bayar pajak di persulit harus pake ktp asli dan ini itu ketambah ini mau di naikin gila gilaan. 2.,Beban Ekonomi,Institusi (Bapenda/Samsat),Lainnya/Jateng
3240,3,,Instagram,Harusnya mikir!!!!! Pajak kendaraan kita overprice nomor 1 sedunia. Masyarakat taat pajak sudah beryukur. Ini malah bayar pajak di persulit harus pake ktp asli dan ini itu ketambah ini mau di naikin gila gilaan. 2.,Negatif,,,2026-02-25 19:46:39.483484+00:00,Harusnya mikir!!!!! Pajak kendaraan kita overprice nomor 1 sedunia. Masyarakat taat pajak sudah beryukur. Ini malah bayar pajak di persulit harus pake ktp asli dan ini itu ketambah ini mau di naikin gila gilaan. 2.,Beban Ekonomi,Institusi (Bapenda/Samsat),Lainnya/Jateng
183,1,,TikTok,sekalinya nongol gubernur satu ini langsung naikin pajak 😭,Negatif,,,2026-02-25 19:46:39.483484+00:00,2-12,Beban Ekonomi,Institusi (Bapenda/Samsat),Lainnya/Jateng
255,1,,TikTok,POLISI JADI GUBERNUR ISI OTAKNYA DUIT DUIT DUIT !!!,Negatif,,,2026-02-25 19:46:39.483484+00:00,4 h yang lalu,Beban Ekonomi,Institusi (Bapenda/Samsat),Lainnya/Jateng
3755,3,,Instagram,"Rakyat kayaknya bukan gamau bayar pajek, duitnya ga ada..",Netral,,,2026-02-25 19:46:39.483484+00:00,"Rakyat kayaknya bukan gamau bayar pajek, duitnya ga ada..",Beban Ekonomi,Institusi (Bapenda/Samsat),Lainnya/Jateng
1751,1,,TikTok,nikmati saja pilihanmu... gubernur e pulisi,Negatif,,,2026-02-25 19:46:39.483484+00:00,2-12,Kekecewaan Politik,Gubernur,Lainnya/Jateng
2485,1,,TikTok,gubernur ndk BS kerja kok dl di pilih,Negatif,,,2026-02-25 19:46:39.483484+00:00,2-12,Kekecewaan Politik,Gubernur,Lainnya/Jateng
3423,3,,Instagram,"kenapa ya dari pemerintah tidak melakukan pencerdasan ke masyarakat, sebelum adanya opsen PKB 1.5% tapi setelah ada opsen PKB turun jadi 1.05% tapi ditambah  1.05% x 66%, PKB + Opesen = 1.05% + 0.693% = 1.743%, atau kenaikan sebesar 16%",Negatif,,,2026-02-25 19:46:39.483484+00:00,"kenapa ya dari pemerintah tidak melakukan pencerdasan ke masyarakat, sebelum adanya opsen PKB 1.5% tapi setelah ada opsen PKB turun jadi 1.05% tapi ditambah  1.05% x 66%, PKB + Opesen = 1.05% + 0.693% = 1.743%, atau kenaikan sebesar 16%",Beban Ekonomi,Pemerintahan,Pekalongan/Pantura (G)
3528,3,,Instagram,Benar memang tidak ada kenaikan di 2026. Kenaikan mulai di 2025 yang tidak dirasakan oleh yang mendapatkan program jateng merah putih.,Negatif,,,2026-02-25 19:46:39.483484+00:00,Benar memang tidak ada kenaikan di 2026. Kenaikan mulai di 2025 yang tidak dirasakan oleh yang mendapatkan program jateng merah putih.,Beban Ekonomi,Pemerintahan,Pekalongan/Pantura (G)
1381,1,,TikTok,"dasarnya pemerintahan anda membuat masyarakat tambah susah ,,,",Negatif,,,2026-02-25 19:46:39.483484+00:00,2-12,Beban Ekonomi,Pemerintahan,Pekalongan/Pantura (G)
3134,3,,Instagram,"Turunkan PKB Kendaraan, jng membebani rakyat di tengah ekonomi yg sulit!!! 👎. Daerah lain bisa menurunlan PKB agar tdk memberatkan, pkb jabar di turunkan pembangunan tetap jalan. jateng kenapa ga bisa?😪",Negatif,,,2026-02-25 19:46:39.483484+00:00,"Turunkan PKB Kendaraan, jng membebani rakyat di tengah ekonomi yg sulit!!! 👎. Daerah lain bisa menurunlan PKB agar tdk memberatkan, pkb jabar di turunkan pembangunan tetap jalan. jateng kenapa ga bisa?😪",Beban Ekonomi,Pemerintahan,Solo Raya (AD)
589,1,,TikTok,jangan heran ya untuk yg punya KTP JATENG kalian jika Beli Kendaraan akan jauh lebih mahal di banding misal yg terdekat aja JABAR 🙏,Negatif,,,2026-02-25 19:46:39.483484+00:00,2-12,Beban Ekonomi,Pemerintahan,Lainnya/Jateng
330,1,,TikTok,yg kesini gara-gara pajak jateng naik😁,Negatif,,,2026-02-25 19:46:39.483484+00:00,5 h yang lalu,Beban Ekonomi,Pemerintahan,Lainnya/Jateng
3019,3,,Instagram,Wes tow... Ganti gubernur... Podo salah pilih tow .. wkwkwkwkk ..,Negatif,,,2026-02-25 19:46:39.483484+00:00,Wes tow... Ganti gubernur... Podo salah pilih tow .. wkwkwkwkk ..,Kekecewaan Politik,Gubernur,Lainnya/Jateng
12,1,,TikTok,"selamat buat gubernur pilihan rakyat
ayo jangan pernah sedih karena udah pilihanmu",Negatif,,,2026-02-25 19:46:39.483484+00:00,1 h yang lalu,Kekecewaan Politik,Gubernur,Lainnya/Jateng
2943,3,,Instagram,"Sebagai gubernur provinsi harusnya bisa memperjuangkan keluhan masyarakatnya, entah itu dirunding dengan pemerintahan pusat dan keluhan masyarakat jateng di sampaikan langsung ke pusat, tidak hanya mengikuti kebijakan pusat yang tentunya merugikan masyarakat. walaupun itu opsen di tetapkan pemerintah pusat dan di terima kab/kota, mosok rakyate keberatan dengan kebijakan opsen ini ngak diperjuangkan ke pusat pak ???????? Tohh anda  juga di pihak koalisi bukan sebagai oposisi pastinya bisa dirundingkan dengan pusat",Negatif,,,2026-02-25 19:46:39.483484+00:00,"Sebagai gubernur provinsi harusnya bisa memperjuangkan keluhan masyarakatnya, entah itu dirunding dengan pemerintahan pusat dan keluhan masyarakat jateng di sampaikan langsung ke pusat, tidak hanya mengikuti kebijakan pusat yang tentunya merugikan masyarakat. walaupun itu opsen di tetapkan pemerintah pusat dan di terima kab/kota, mosok rakyate keberatan dengan kebijakan opsen ini ngak diperjuangkan ke pusat pak ???????? Tohh anda  juga di pihak koalisi bukan sebagai oposisi pastinya bisa dirundingkan dengan pusat",Beban Ekonomi,Pemerintahan,Pekalongan/Pantura (G)
2987,3,,Instagram,mundak pak mobil motor mundak kabeh pak pbb yo mundak pak gilani  opo sakjateng mandek bayar pajak wae yo cahh piee ki,Negatif,,,2026-02-25 19:46:39.483484+00:00,mundak pak mobil motor mundak kabeh pak pbb yo mundak pak gilani  opo sakjateng mandek bayar pajak wae yo cahh piee ki,Beban Ekonomi,Pemerintahan,Pekalongan/Pantura (G)
164,1,,TikTok,"gerakan tak bayar pajak motor/PBB kalo naiknya tak nalar,negara meringankan beban rakyat,bukan malah membebani&mencekik leher rakyat,negri yg tak sdg baik2 saja,rakyat cuman bisa bertahan,atau menentangnya sekalian,mata&hati penguasa tdk dipakainya.",Negatif,,,2026-02-25 19:46:39.483484+00:00,2-13,Beban Ekonomi,Pemerintahan,Pekalongan/Pantura (G)
3097,3,,Instagram,"Ra urusan pokoke mundak yo mundak,, kari urusanmu karo pusat iso goyang opo ora,, nk ora yo wes gl bayar pajak,",Negatif,,,2026-02-25 19:46:39.483484+00:00,"Ra urusan pokoke mundak yo mundak,, kari urusanmu karo pusat iso goyang opo ora,, nk ora yo wes gl bayar pajak,",Beban Ekonomi,Pemerintahan,Lainnya/Jateng
3308,3,,Instagram,Bukannya umr jateng yang di naikin malah pajaknya yang di naikin,Negatif,,,2026-02-25 19:46:39.483484+00:00,Bukannya umr jateng yang di naikin malah pajaknya yang di naikin,Beban Ekonomi,Pemerintahan,Lainnya/Jateng
3761,3,,Instagram,Kok DIY tidak senaik itu pajaknya kalo dari pusat,Negatif,,,2026-02-25 19:46:39.483484+00:00,Kok DIY tidak senaik itu pajaknya kalo dari pusat,Beban Ekonomi,Pemerintahan,Lainnya/Jateng
3626,3,,Instagram,"Seharusnya masyarakat sudah memprediksi ketika memilih pimpinan pusat yg programnya bikin boncos , maka harus siap dg kenaikan pajak dll.",Negatif,,,2026-02-25 19:46:39.483484+00:00,"Seharusnya masyarakat sudah memprediksi ketika memilih pimpinan pusat yg programnya bikin boncos , maka harus siap dg kenaikan pajak dll.",Beban Ekonomi,Pemerintahan,Lainnya/Jateng
60,1,,TikTok,"naikan UMR 50% JATENG PAK baru naikin pajak.
UMR ora sepiro pajeke medeni wong🤦",Negatif,,,2026-02-25 19:46:39.483484+00:00,1 m yang lalu,Beban Ekonomi,Pemerintahan,Lainnya/Jateng
128,1,,TikTok,UMR e paling rendah lut.... jateng Ki paling cilik UMR e . melek.o... rakyatmu Ki sengsoro Kabeh Rego bahan pokok Podo MBI sing UMR e 4jt... tambah pajake mundak... Jateng akeh galian tambah sing di bekingi modelan seragam coklat Ki dwite Ning ndintoo,Negatif,,,2026-02-25 19:46:39.483484+00:00,2-13,Beban Ekonomi,Pemerintahan,Lainnya/Jateng
191,1,,TikTok,"UMR Jateng itu masih rendah pak, belum saatnya pajak naik",Negatif,,,2026-02-25 19:46:39.483484+00:00,2-12,Beban Ekonomi,Pemerintahan,Lainnya/Jateng
230,1,,TikTok,"harus nya mikir pak.. kalau masyrakat belum bayar pajak.. berrti masyarakat Jateng ekonomi nya di bawah rata*""",Negatif,,,2026-02-25 19:46:39.483484+00:00,3 h yang lalu,Beban Ekonomi,Pemerintahan,Lainnya/Jateng
256,1,,TikTok,ciri ciri negara dolim..pemimpin selalu menaikkan pajak pada rakyat,Negatif,,,2026-02-25 19:46:39.483484+00:00,4 h yang lalu,Beban Ekonomi,Pemerintahan,Lainnya/Jateng
366,1,,TikTok,pajaknya yg sudah tidak masuk akal terlalu mahal katanya indonesia negara kaya preeeeeetttttttt,Negatif,,,2026-02-25 19:46:39.483484+00:00,6 h yang lalu,Beban Ekonomi,Pemerintahan,Lainnya/Jateng
545,1,,TikTok,rakyat diperas untuk membiayai mereka. pajak itu warisan penjajah. tp negara bangga dgn pendapatan pajak,Negatif,,,2026-02-25 19:46:39.483484+00:00,2-12,Beban Ekonomi,Pemerintahan,Lainnya/Jateng
380,1,,TikTok,"Pertalite disubsidi gak seberapa, pajak kendaraan bermotor dinaikkan berkali lipat dari subsidi pertalite.. Pemerintah punya otak gak sih..????😏😏",Negatif,,,2026-02-25 19:46:39.483484+00:00,6 h yang lalu,Beban Ekonomi,Pemerintahan,Pekalongan/Pantura (G)
588,1,,TikTok,ekonomi sdg susah pajak naik trs pjk tanah naik. kendaraaan naik jg. enak betul kata nya abdi negara,Negatif,,,2026-02-25 19:46:39.483484+00:00,2-12,Beban Ekonomi,Pemerintahan,Lainnya/Jateng
632,1,,TikTok,Akhirnya rayat kecil yang sampean peras...uang pajak hanya untuk foya2 para penguasa dan dpr,Negatif,,,2026-02-25 19:46:39.483484+00:00,2-12,Beban Ekonomi,Pemerintahan,Lainnya/Jateng
1663,1,,TikTok,"pakkkkk kenapa harus pajak yg dinaikannnnn .
tak kiro jateng makin makmur tp ........😂😂😂😂",Negatif,,,2026-02-25 19:46:39.483484+00:00,2-12,Beban Ekonomi,Pemerintahan,Solo Raya (AD)
721,1,,TikTok,Kesalahan terbesar pendapatan daerah/negara adalah dominan dr pajak. Ga ada kreatifitas para pejabat dalam mencari sumber pendapatan selain dr pajak. Pajak = upeti era modern😅,Negatif,,,2026-02-25 19:46:39.483484+00:00,2-12,Beban Ekonomi,Pemerintahan,Lainnya/Jateng
751,1,,TikTok,ternyata di jateng masih ada kompeni yg masih memeras uang rakyat dari pajak,Negatif,,,2026-02-25 19:46:39.483484+00:00,2-12,Beban Ekonomi,Pemerintahan,Lainnya/Jateng
911,1,,TikTok,"Negara kaya SDA tp tdk bs mensejahterakan rakyatnya, justru pajak-pajak yg dinaikan,",Negatif,,,2026-02-25 19:46:39.483484+00:00,2-13,Beban Ekonomi,Pemerintahan,Lainnya/Jateng
970,1,,TikTok,umr jateng rendah pajak naik..🤣🤣🤣,Negatif,,,2026-02-25 19:46:39.483484+00:00,2-13,Beban Ekonomi,Pemerintahan,Lainnya/Jateng
1111,1,,TikTok,Bukti kemunduran suatu negara ialah menaikkan Pajak,Negatif,,,2026-02-25 19:46:39.483484+00:00,2-13,Beban Ekonomi,Pemerintahan,Lainnya/Jateng
1286,1,,TikTok,pemicu demo besar di jateng adalah kenaikan pajak yang mencekik,Negatif,,,2026-02-25 19:46:39.483484+00:00,2-12,Beban Ekonomi,Pemerintahan,Lainnya/Jateng
1304,1,,TikTok,"mending pindah ke Jawa Barat
aja KL di Jateng pajak mahal",Negatif,,,2026-02-25 19:46:39.483484+00:00,2-12,Beban Ekonomi,Pemerintahan,Lainnya/Jateng
2278,1,,TikTok,jan kupluk tenenan otaknya umr udah murah pajak mahal ..dan lapangan kerja sulit ini negara apa penjahah,Negatif,,,2026-02-25 19:46:39.483484+00:00,2-12,Beban Ekonomi,Pemerintahan,Lainnya/Jateng
2500,1,,TikTok,kalau naik n pajak..jedul trs di medsos..tp klo ada bencana rakyat ny.. ngilang kyk gk punya pemimpin Jateng,Negatif,,,2026-02-25 19:46:39.483484+00:00,2-12,Beban Ekonomi,Pemerintahan,Lainnya/Jateng
3533,3,,Instagram,"MASIH TINGGI KENAIKAN OPSEN PAJAK KENDARAAN, DARI PADA UMR JATENG MIND.  OPO OEA NGELU KARO NYUT2AN NYANG SIRAHH 😂😂😂😂",Negatif,,,2026-02-25 19:46:39.483484+00:00,"MASIH TINGGI KENAIKAN OPSEN PAJAK KENDARAAN, DARI PADA UMR JATENG MIND.  OPO OEA NGELU KARO NYUT2AN NYANG SIRAHH 😂😂😂😂",Beban Ekonomi,Pemerintahan,Lainnya/Jateng
3534,3,,Instagram,mau pusat atau daerah yg menaikan nyatanya dilapangan pajak naik,Negatif,,,2026-02-25 19:46:39.483484+00:00,mau pusat atau daerah yg menaikan nyatanya dilapangan pajak naik,Beban Ekonomi,Pemerintahan,Lainnya/Jateng
3601,3,,Instagram,"Nyari duit susah min...boro boro buat mikirn pajak,buat hidup sehari hari masih megap megap.kerjaan susah,umr jateng yahh cukup buat 2 minggu doang istilahnya.ini udh dibebani sama  pajak",Negatif,,,2026-02-25 19:46:39.483484+00:00,"Nyari duit susah min...boro boro buat mikirn pajak,buat hidup sehari hari masih megap megap.kerjaan susah,umr jateng yahh cukup buat 2 minggu doang istilahnya.ini udh dibebani sama  pajak",Beban Ekonomi,Pemerintahan,Lainnya/Jateng
3700,3,,Instagram,"min banyak rakyat jateng yg protes terkait kenaikan pajak, mohon di tindak lanjuti",Negatif,,,2026-02-25 19:46:39.483484+00:00,"min banyak rakyat jateng yg protes terkait kenaikan pajak, mohon di tindak lanjuti",Beban Ekonomi,Pemerintahan,Lainnya/Jateng
3704,3,,Instagram,"min banyak rakyat jateng yg protes terkait kenaikan pajak, mohon di tindak lanjuti",Negatif,,,2026-02-25 19:46:39.483484+00:00,"min banyak rakyat jateng yg protes terkait kenaikan pajak, mohon di tindak lanjuti",Beban Ekonomi,Pemerintahan,Lainnya/Jateng
3762,3,,Instagram,Kok DIY tidak senaik itu pajaknya kalo dari pusat,Negatif,,,2026-02-25 19:46:39.483484+00:00,Kok DIY tidak senaik itu pajaknya kalo dari pusat,Beban Ekonomi,Pemerintahan,Lainnya/Jateng
3810,3,,Instagram,Gajinya daari negara kurang gede makanya dia  naikin pajak orang taktau rasa bersyukus  neraka tempatmu,Negatif,,,2026-02-25 19:46:39.483484+00:00,Gajinya daari negara kurang gede makanya dia  naikin pajak orang taktau rasa bersyukus  neraka tempatmu,Beban Ekonomi,Pemerintahan,Lainnya/Jateng
90,1,,TikTok,inikan gub pilihan jokowi,Negatif,,,2026-02-25 19:46:39.483484+00:00,14 j yang lalu,Kekecewaan Politik,Gubernur,Lainnya/Jateng
106,1,,TikTok,"salah pilih gubernur,",Negatif,,,2026-02-25 19:46:39.483484+00:00,2-12,Kekecewaan Politik,Gubernur,Lainnya/Jateng
3857,3,,Instagram,Dikira rakyat pada bodoh semua...mau mbodoh2i..😂😂😂😂 wkwkwk... Warga tau opsen pajak itu secara ga langsung ada kenaikan dari total pajak sebwlumnya... Tapi JATENG PALING BEDA.. PALING KEMARUK.. PROPINSI LAIN OPSEN juga naik... Tapi masih di ambang wajar.. gak kaya JATENG.. 😂😂 ehh dia bilang ga ada kenaikan.. kuclukkk,Negatif,,,2026-02-25 19:46:39.483484+00:00,Dikira rakyat pada bodoh semua...mau mbodoh2i..😂😂😂😂 wkwkwk... Warga tau opsen pajak itu secara ga langsung ada kenaikan dari total pajak sebwlumnya... Tapi JATENG PALING BEDA.. PALING KEMARUK.. PROPINSI LAIN OPSEN juga naik... Tapi masih di ambang wajar.. gak kaya JATENG.. 😂😂 ehh dia bilang ga ada kenaikan.. kuclukkk,Beban Ekonomi,Pemerintahan,Lainnya/Jateng
557,1,,TikTok,bayar pajak? mau bayar ketika KTP harus asli pemilik pertama saya bingung... akhirnya kata pegawai harus ada biaya lagi 70rb biar bisa di proses... dan sejak itu saya gak akan pernah bayar pajak.... pajak ladang korupsi.... ngapain bayar pajak kalau negara ini kaya sumberdaya alamnya... stop bayar pajak....,Negatif,,,2026-02-25 19:46:39.483484+00:00,2-12,Beban Ekonomi,Pemerintahan,Lainnya/Jateng
1033,1,,TikTok,klo blm pada bayar pajak itu dipermudah syaratnya bukan di naikan pajaknya.....moga makin banyak yg gk bayar pajak di JATENG....,Negatif,,,2026-02-25 19:46:39.483484+00:00,1 m yang lalu,Beban Ekonomi,Pemerintahan,Lainnya/Jateng
3351,3,,Instagram,"Mau pinang unit plat Jateng jadi mikir deh. Pajaknya aja mahal, apalagi Mutasinya 😂",Negatif,,,2026-02-25 19:46:39.483484+00:00,"Mau pinang unit plat Jateng jadi mikir deh. Pajaknya aja mahal, apalagi Mutasinya 😂",Beban Ekonomi,Pemerintahan,Lainnya/Jateng
3829,3,,Instagram,"Jateng gilee, taat pajak malah naik yg ngga taat pajak malah ada program pemutihan emang ada gile²nya ini jateng",Negatif,,,2026-02-25 19:46:39.483484+00:00,"Jateng gilee, taat pajak malah naik yg ngga taat pajak malah ada program pemutihan emang ada gile²nya ini jateng",Beban Ekonomi,Pemerintahan,Pekalongan/Pantura (G)
3831,3,,Instagram,"KETIKA LINTAH DARAT BERAD DI PEMERINTAHAN ,RAKYAT DI PERS TERUS ,NGGADA KENAIKAN TP PAJAKNYA NAIK NGGA NGOTAK",Negatif,,,2026-02-25 19:46:39.483484+00:00,"KETIKA LINTAH DARAT BERAD DI PEMERINTAHAN ,RAKYAT DI PERS TERUS ,NGGADA KENAIKAN TP PAJAKNYA NAIK NGGA NGOTAK",Beban Ekonomi,Pemerintahan,Pekalongan/Pantura (G)
161,1,,TikTok,"Lah yo urusi sing ora gelem bayar pajak pak, nek misal e malah dinaikin yo makin akeh sing ora gelem bayar pajak.... ben pada gelem bayar pajak kui cuman 2 cara pak : 1. naikkan pendapatan masyarakatnya bukan pemerintahnya, 2. kasih keringanan dengan persyaratan untuk bayar pajak
Pajak tinggi itu gak masalah asal pendapatannya masyarakatnya juga sesuai dengan tingginya pajak",Negatif,,,2026-02-25 19:46:39.483484+00:00,2-13,Beban Ekonomi,Pemerintahan,Pekalongan/Pantura (G)
3633,3,,Instagram,Saya asli jawa barat. Cuma motor alamat jateng.. Yang jadi saya keluhkan.. Nembak ktp nya 100.000 pertahun.. Belum pajak ada naik itu beberapa,Negatif,,,2026-02-25 19:46:39.483484+00:00,Saya asli jawa barat. Cuma motor alamat jateng.. Yang jadi saya keluhkan.. Nembak ktp nya 100.000 pertahun.. Belum pajak ada naik itu beberapa,Beban Ekonomi,Pemerintahan,Pekalongan/Pantura (G)
1425,1,,TikTok,"beli motor udah kena pajak 40%,hbs itu msh bayar lg pajak tahunan&pajak 5 tahunan... knp dinegeri yg katanya kaya pajak bs mahal ya??sedang dinegara tetangga malaysia,pajak kendaraan murah?? di timor leste ya murah pajaknya... apakah setiap ganti gubernur akan sll dinaikkan juga pajaknya??",Negatif,,,2026-02-25 19:46:39.483484+00:00,2-12,Beban Ekonomi,Pemerintahan,Pekalongan/Pantura (G)
3575,3,,Instagram,"Wilayah jatim,kalau mw bayar pajak kendaraan nggak usah pakai ktp sesuai identitas kendaraan. Kenapa jateng nggak bisa min? Kalaupun bisa itu jg harus pakai calo dan ada biaya tambahan",Negatif,,,2026-02-25 19:46:39.483484+00:00,"Wilayah jatim,kalau mw bayar pajak kendaraan nggak usah pakai ktp sesuai identitas kendaraan. Kenapa jateng nggak bisa min? Kalaupun bisa itu jg harus pakai calo dan ada biaya tambahan",Beban Ekonomi,Pemerintahan,Solo Raya (AD)
3120,3,,Instagram,Opsen iku bukan e di bagi tp semisal biyen  bayar e 200 dadi onok opsen dadi 100 pemerintah 100 provinsi kok malah di mundakno opsen e iku kan gawe provinsi 🤣🤣🤣 akal akal an ae garai gubernur e polisi iku lo 🤣🤣🤣,Negatif,,,2026-02-25 19:46:39.483484+00:00,Opsen iku bukan e di bagi tp semisal biyen  bayar e 200 dadi onok opsen dadi 100 pemerintah 100 provinsi kok malah di mundakno opsen e iku kan gawe provinsi 🤣🤣🤣 akal akal an ae garai gubernur e polisi iku lo 🤣🤣🤣,Beban Ekonomi,Pemerintahan,Pekalongan/Pantura (G)
2548,2,,TikTok,"Hadiah buat warga Jateng, yg telah sukses memilih Guburnurnya. dgn kenaikan pajak kendaraan😁😁😁",Negatif,,,2026-02-25 19:46:39.483484+00:00,22 j yang lalu,Beban Ekonomi,Pemerintahan,Lainnya/Jateng
5,1,,TikTok,"kepada bapak gubernur, anda telah menaikan pajak, dan mau gak mau rakyat juga nurut, tp saya sebagai rakyat, juga minta tolong kepada pak gubernur, tolong dengan sangat juga naikan gaji para pejabat pemprov dan jajarannya, kasihan pak mereka, bayar pajaknya naik, tolong naikan gaji mereka juga, bapak jangan sepihak hanya memikirkan rakyat saja, rakyat dah kaya, dah kuat dan dah terbiasa hidup di bawah tekanan, aq kasihan malah kepada para pejabat bapak dan jajaran bapak,kalau gak di naikan gajinya",Negatif,,,2026-02-25 19:46:39.483484+00:00,2-12,Beban Ekonomi,Pemerintahan,Kedu (AA)
753,1,,TikTok,parah dlm keadaan rakyat menderita. eh malah naikin pajak hebat bener ni gub jateng 🤣🤣🤣,Negatif,,,2026-02-25 19:46:39.483484+00:00,2-12,Beban Ekonomi,Pemerintahan,Lainnya/Jateng
1113,1,,TikTok,sekali nongol NAIKIN PAJAK Gubernur Jateng,Negatif,,,2026-02-25 19:46:39.483484+00:00,2-13,Beban Ekonomi,Pemerintahan,Lainnya/Jateng
2605,2,,TikTok,pajak naik stop bayar sampai ganti gubernur jateng,Negatif,,,2026-02-25 19:46:39.483484+00:00,3 j yang lalu,Beban Ekonomi,Pemerintahan,Lainnya/Jateng
2704,2,,TikTok,"Uang pajak kalau di slewengkan/korupsi rakyat tidak wajib bayar pajak, apalagi pajak nilainya di naikan maka warga Jateng kompak stop pajak, pak Luthfi Gubernur Jateng sekarang baru merasakan resah khawatir rakyat stop pajak, Rakyat zaman sekarang ini sudah pada cerdas, maka Gubernur jangan asal naikan pajak, kok harus pajak yg di naikan, apalagi rakyat di ancam mau di datangi kerumah ya silahkan.",Negatif,,,2026-02-25 19:46:39.483484+00:00,19 j yang lalu,Beban Ekonomi,Pemerintahan,Pekalongan/Pantura (G)
343,1,,TikTok,"bagus betul kerja gubernur jateng bisa menaikan pajak demi kesejahteraan rakyatnya
beda dengan gubernur jabar kerjanya cuma ngonten😁😂",Negatif,,,2026-02-25 19:46:39.483484+00:00,5 h yang lalu,Beban Ekonomi,Pemerintahan,Lainnya/Jateng
794,1,,TikTok,"gak bisa kerja gubernur Jawa Tengah....ya hsrus cari solusi lain...jangan rakyat yang harus dicekik pajak bermotor yang harus dinaikkan... !!!!!!, rakyat sudah taat bayar pajak...knp bayar pajak harus sesuai KTP pemiliknya tapi lewat calo bisa membayarnya....????? ya bagus aja klo rakyat JATENG mogok bayar pajak bermotor...!!!!",Negatif,,,2026-02-25 19:46:39.483484+00:00,6 h yang lalu,Beban Ekonomi,Pemerintahan,Lainnya/Jateng
2651,2,,TikTok,Rahayu ayoooo rakyat Jateng bersatu lawan jika pajak di naikkan apapun alasannya di negri yg amburadul ini,Negatif,,,2026-02-25 19:46:39.483484+00:00,9 j yang lalu,Beban Ekonomi,Pemerintahan,Lainnya/Jateng
2844,2,,TikTok,"yang harus nya di naikin UMR Jateng,bukan nya pajak nya,",Negatif,,,2026-02-25 19:46:39.483484+00:00,1 h yang lalu,Beban Ekonomi,Pemerintahan,Lainnya/Jateng
3010,3,,Instagram,"aplikasi cek pajak jateng ""MUNDAK SAKPOLE""",Negatif,,,2026-02-25 19:46:39.483484+00:00,"aplikasi cek pajak jateng ""MUNDAK SAKPOLE""",Beban Ekonomi,Pemerintahan,Lainnya/Jateng
3253,3,,Instagram,"aneh tapi nyata, Jateng itu tingkat UMK dan pemasukan warga rendah dibanding Jabar, dan Jatim. malah DINAIKKAN pajaknya. Ngaku nggak naikin lagi. Malah nyalahin pusat. 😂",Negatif,,,2026-02-25 19:46:39.483484+00:00,"aneh tapi nyata, Jateng itu tingkat UMK dan pemasukan warga rendah dibanding Jabar, dan Jatim. malah DINAIKKAN pajaknya. Ngaku nggak naikin lagi. Malah nyalahin pusat. 😂",Beban Ekonomi,Pemerintahan,Lainnya/Jateng
3654,3,,Instagram,"Umr Jateng paling cilik, pajek kendaraan paling larang,. 🙌",Negatif,,,2026-02-25 19:46:39.483484+00:00,"Umr Jateng paling cilik, pajek kendaraan paling larang,. 🙌",Beban Ekonomi,Pemerintahan,Lainnya/Jateng
14,1,,TikTok,gubernur Jateng prestasinya apa kecuali menaikkan pajak hobinya,Negatif,,,2026-02-25 19:46:39.483484+00:00,2-12,Beban Ekonomi,Pemerintahan,Lainnya/Jateng
2225,1,,TikTok,motor rusak kena banjir..betulin pakai uang ngutang..mikir,Negatif,,,2026-02-25 19:46:39.483484+00:00,2-12,Beban Ekonomi,Nasib Rakyat / Kesejahteraan,Lainnya/Jateng
3344,3,,Instagram,"Gak usah lempar sembunyi tangan, yang bikin regulasi kan Pemprov, kalau di bilang tidak naik matanya Buta kali ya, rakyat itu ngetungnya jumlahnya saja, gak mau mikir untuk kab/kota maupun Provinsi.",Negatif,,,2026-02-25 19:46:39.483484+00:00,"Gak usah lempar sembunyi tangan, yang bikin regulasi kan Pemprov, kalau di bilang tidak naik matanya Buta kali ya, rakyat itu ngetungnya jumlahnya saja, gak mau mikir untuk kab/kota maupun Provinsi.",Beban Ekonomi,Pemerintahan,Lainnya/Jateng
2803,2,,TikTok,"UMR UMK Jateng ga seberapa
naik pajak nya ga kira-kira",Negatif,,,2026-02-25 19:46:39.483484+00:00,1 h yang lalu,Beban Ekonomi,Pemerintahan,Lainnya/Jateng
1048,1,,TikTok,lah halah dalane akeh se bodol wae ndedak mundak pajege..,Negatif,,,2026-02-25 19:46:39.483484+00:00,1 m yang lalu,Beban Ekonomi,Lainnya,Lainnya/Jateng
1922,1,,TikTok,"uangnya buat ap. jalan"" di jawa tengah. pada jalan pada rusak. gak kayak KDM.",Negatif,,,2026-02-25 19:46:39.483484+00:00,2-12,Beban Ekonomi,Lainnya,Lainnya/Jateng
2342,1,,TikTok,neng dalane aluss pajeg larang wajar,Negatif,,,2026-02-25 19:46:39.483484+00:00,2-12,Beban Ekonomi,Lainnya,Lainnya/Jateng
2913,2,,TikTok,"mundak yen enek hasile asline ora koar"" bos, mundak tok ora dipadakne karo pendapatan umr daerah sek anjlok dewe oponeh hasil dalan e roto"" isih bosok kabeh yo genah do nesu yo pora",Negatif,,,2026-02-25 19:46:39.483484+00:00,1 h yang lalu,Beban Ekonomi,Lainnya,Lainnya/Jateng
3049,3,,Instagram,"Pahami suasana psikologis masyarakat, jgn berdalih dgn aturan ini itu.... Rakyat merasakan skrg harus bayar nilai lebih besar = bahasa sederhananya ""naik"". Nah tugas pemerintah mengerti/memahami dan memberikan solusi... Bukan memberikan alasan pembenaran!!! 😢😢😢",Negatif,,,2026-02-25 19:46:39.483484+00:00,"Pahami suasana psikologis masyarakat, jgn berdalih dgn aturan ini itu.... Rakyat merasakan skrg harus bayar nilai lebih besar = bahasa sederhananya ""naik"". Nah tugas pemerintah mengerti/memahami dan memberikan solusi... Bukan memberikan alasan pembenaran!!! 😢😢😢",Beban Ekonomi,Pemerintahan,Banyumas/Barat (R)
3190,3,,Instagram,Faktanya : Jateng periode Jan - Mar 2025 ada diskon pajak. Periode Apr - Jun 2025 ada pemutihan. Efeknya tahun 2026 terasa naik,Negatif,,,2026-02-25 19:46:39.483484+00:00,Faktanya : Jateng periode Jan - Mar 2025 ada diskon pajak. Periode Apr - Jun 2025 ada pemutihan. Efeknya tahun 2026 terasa naik,Beban Ekonomi,Pemerintahan,Pekalongan/Pantura (G)
2392,1,,TikTok,"semakin kesini Indonesia semakin rusak.korupsi semakin merajalela,rakyat miskin semakin banyak,ekonomi semakin terpuruk.mulai dari MBG, koperasi Merah putih,dll yg mana hanya menjadi ladang korupsi buat para elit.",Negatif,,,2026-02-25 19:46:39.483484+00:00,2-12,Beban Ekonomi,Institusi (Bapenda/Samsat),Pekalongan/Pantura (G)
2634,2,,TikTok,"Tadz Yasin pajak obsen Jateng mahal rakyat menjerit Tadz, spa ini jaman kompeni.",Negatif,,,2026-02-25 19:46:39.483484+00:00,4 j yang lalu,Beban Ekonomi,Pemerintahan,Pekalongan/Pantura (G)
3103,3,,Instagram,"Mundak sih ra po² tpi yo digawe dalan seng apik to,, mosok jalan provinsi rusak parah",Negatif,,,2026-02-25 19:46:39.483484+00:00,"Mundak sih ra po² tpi yo digawe dalan seng apik to,, mosok jalan provinsi rusak parah",Beban Ekonomi,Lainnya,Lainnya/Jateng
3124,3,,Instagram,pajeg mundak dalane bosok💩💩💩💩💩💩💩💩💩💩💩💩💩,Negatif,,,2026-02-25 19:46:39.483484+00:00,pajeg mundak dalane bosok💩💩💩💩💩💩💩💩💩💩💩💩💩,Beban Ekonomi,Lainnya,Lainnya/Jateng
3160,3,,Instagram,"Jalan rusak gk da perbaikan ko pjak naik,,kmna dan di gunakan untuk apa uang pajaakkkk?????",Negatif,,,2026-02-25 19:46:39.483484+00:00,"Jalan rusak gk da perbaikan ko pjak naik,,kmna dan di gunakan untuk apa uang pajaakkkk?????",Beban Ekonomi,Lainnya,Lainnya/Jateng
3784,3,,Instagram,"Mundak tok dalan mung tembelan, ngn jare dana dalam 1 hari du kembalikan ke kabupaten, entut",Negatif,,,2026-02-25 19:46:39.483484+00:00,"Mundak tok dalan mung tembelan, ngn jare dana dalam 1 hari du kembalikan ke kabupaten, entut",Beban Ekonomi,Lainnya,Lainnya/Jateng
3273,3,,Instagram,Sebenarnya rakyat ikhlas bayar pajak kalo uang nya di pake buat mbangun fasilitas publik terus buat benerin jalan lah ini gak ada keliatan apa apa jalan tetep rusak tata kota ya tak ada yg berubah terus pajak nya buat apa 😂,Negatif,,,2026-02-25 19:46:39.483484+00:00,Sebenarnya rakyat ikhlas bayar pajak kalo uang nya di pake buat mbangun fasilitas publik terus buat benerin jalan lah ini gak ada keliatan apa apa jalan tetep rusak tata kota ya tak ada yg berubah terus pajak nya buat apa 😂,Beban Ekonomi,Institusi (Bapenda/Samsat),Lainnya/Jateng
3315,3,,Instagram,"Rakyat iku gak ndelok rincian2e pak. Seng penting total uang seng dibayar gae keperluan seng gak penting. Pajak dibayar tp jalan rusak kbh, nembel ya asal ditembel. Dilewati mblenduk2 karuan. Banjir nang ndi2",Negatif,,,2026-02-25 19:46:39.483484+00:00,"Rakyat iku gak ndelok rincian2e pak. Seng penting total uang seng dibayar gae keperluan seng gak penting. Pajak dibayar tp jalan rusak kbh, nembel ya asal ditembel. Dilewati mblenduk2 karuan. Banjir nang ndi2",Beban Ekonomi,Institusi (Bapenda/Samsat),Lainnya/Jateng
3334,3,,Instagram,"Dalane wae tetep bodol, njuk nggo opo bayar pajak? Dalan bodol ngrusak kendaraan, dandan kendaraan yow nganggo duite dewe.. Bayar pajake ngenteni pemutihan wae, koyo biasane sing anak emaskan yow sing sok nunggak tow...",Negatif,,,2026-02-25 19:46:39.483484+00:00,"Dalane wae tetep bodol, njuk nggo opo bayar pajak? Dalan bodol ngrusak kendaraan, dandan kendaraan yow nganggo duite dewe.. Bayar pajake ngenteni pemutihan wae, koyo biasane sing anak emaskan yow sing sok nunggak tow...",Beban Ekonomi,Institusi (Bapenda/Samsat),Lainnya/Jateng
3481,3,,Instagram,"Seharusnya kalo pajak naik, fasilitas umum ya harus diperhatikan. Jalan diperbaiki, lampu penerangan jalan ditambah. Jangan malah mbangun yang tidak tidak.. 😢",Negatif,,,2026-02-25 19:46:39.483484+00:00,"Seharusnya kalo pajak naik, fasilitas umum ya harus diperhatikan. Jalan diperbaiki, lampu penerangan jalan ditambah. Jangan malah mbangun yang tidak tidak.. 😢",Beban Ekonomi,Institusi (Bapenda/Samsat),Lainnya/Jateng
3783,3,,Instagram,"Memahami? Prutttttt... Meres rakyat isone timbal balike raono..... Gelem duite ra gelem tanggungjawabe  salah siji contone : dalan jeglong jeglong, rob, raono penanganane blassss.... Conto liyane akeh.",Negatif,,,2026-02-25 19:46:39.483484+00:00,"Memahami? Prutttttt... Meres rakyat isone timbal balike raono..... Gelem duite ra gelem tanggungjawabe  salah siji contone : dalan jeglong jeglong, rob, raono penanganane blassss.... Conto liyane akeh.",Beban Ekonomi,Nasib Rakyat / Kesejahteraan,Lainnya/Jateng
1462,1,,TikTok,"minimal jalan nya di bagusin klo naik pajak jalan lubang banyak sekali pajak naik gk kira""",Negatif,,,2026-02-25 19:46:39.483484+00:00,2-12,Beban Ekonomi,Institusi (Bapenda/Samsat),Lainnya/Jateng
1305,1,,TikTok,pajak mahal aja jln Rusak semua,Negatif,,,2026-02-25 19:46:39.483484+00:00,2-12,Beban Ekonomi,Institusi (Bapenda/Samsat),Lainnya/Jateng
3405,3,,Instagram,pajak naik dalan bosok,Negatif,,,2026-02-25 19:46:39.483484+00:00,pajak naik dalan bosok,Beban Ekonomi,Institusi (Bapenda/Samsat),Lainnya/Jateng
3494,3,,Instagram,Pajek mundak tapi gak diimbangi Karo peningkatan jalan blas wkwk😮😂,Negatif,,,2026-02-25 19:46:39.483484+00:00,Pajek mundak tapi gak diimbangi Karo peningkatan jalan blas wkwk😮😂,Beban Ekonomi,Institusi (Bapenda/Samsat),Lainnya/Jateng
42,1,,TikTok,"Dengan bangga nya naikan pajak di tengah bencana banjir ,longsor dan tanah bergerak yg melanda sebagian besar jawa tengah",Negatif,,,2026-02-25 19:46:39.483484+00:00,2-12,Beban Ekonomi,Institusi (Bapenda/Samsat),Lainnya/Jateng
51,1,,TikTok,"aturane pajak naik di imbangi dengan jalanya yng mulus, jangan naikin pajaknya aja. PNS gajinya naik petani jungkir walik.",Negatif,,,2026-02-25 19:46:39.483484+00:00,2-12,Beban Ekonomi,Institusi (Bapenda/Samsat),Lainnya/Jateng
73,1,,TikTok,pajak naik dalan bosok lampu penerangan jalan do mati😏,Negatif,,,2026-02-25 19:46:39.483484+00:00,2-12,Beban Ekonomi,Institusi (Bapenda/Samsat),Lainnya/Jateng
3699,3,,Instagram,"nek dalanmu provinsi alus kyk jabar meh naik 200% aku yakin masyarakat rak protes. la dalanmu provinsi ajurrrr kabeh, isine mung tambalan2 tok!!!",Negatif,,,2026-02-25 19:46:39.483484+00:00,"nek dalanmu provinsi alus kyk jabar meh naik 200% aku yakin masyarakat rak protes. la dalanmu provinsi ajurrrr kabeh, isine mung tambalan2 tok!!!",Beban Ekonomi,Pemerintahan,Lainnya/Jateng
3727,3,,Instagram,Masalahe mundak terus implikasine neng pembangunan opo? Fungsi retribusi daerah kan kembali ke daerah dalam bentuk pembangunan infrastruktur? Kok dalan dalan isih rusak kabeh? Pantura su terutama.,Negatif,,,2026-02-25 19:46:39.483484+00:00,Masalahe mundak terus implikasine neng pembangunan opo? Fungsi retribusi daerah kan kembali ke daerah dalam bentuk pembangunan infrastruktur? Kok dalan dalan isih rusak kabeh? Pantura su terutama.,Beban Ekonomi,Lainnya,Pekalongan/Pantura (G)
3521,3,,Instagram,"sing wis bayar opsen r tahun 2025 awal, 2026 awal. duite meh dikapake? baleke pora? tertib bayar tapi benefite opo ?? dalan rusak wae ra dandani. karepmu pie?  jawab wahai pekerja rakyat",Negatif,,,2026-02-25 19:46:39.483484+00:00,"sing wis bayar opsen r tahun 2025 awal, 2026 awal. duite meh dikapake? baleke pora? tertib bayar tapi benefite opo ?? dalan rusak wae ra dandani. karepmu pie?  jawab wahai pekerja rakyat",Beban Ekonomi,Institusi (Bapenda/Samsat),Pekalongan/Pantura (G)
124,1,,TikTok,"Cara menyengsarakan rakyat.. pajak naikin trs.. pajak bayar tp jalanan rusak, sebenarnya pajak kendaraan kemana sih?",Negatif,,,2026-02-25 19:46:39.483484+00:00,4 h yang lalu,Beban Ekonomi,Institusi (Bapenda/Samsat),Pekalongan/Pantura (G)
202,1,,TikTok,"pajak naik,, jalan makin parah,, pajak kendaraan untuk apa,,?? tidak seimbang sama sekali,,",Negatif,,,2026-02-25 19:46:39.483484+00:00,2 h yang lalu,Beban Ekonomi,Institusi (Bapenda/Samsat),Lainnya/Jateng
547,1,,TikTok,apa ga ada jalan lain selain menaikan pajak kendaraan.,Negatif,,,2026-02-25 19:46:39.483484+00:00,2-12,Beban Ekonomi,Institusi (Bapenda/Samsat),Lainnya/Jateng
569,1,,TikTok,"asal Di permudah paling tidak Pajak Pasti di jalankan...
kalau di permudah kami makan apa 😂😅",Negatif,,,2026-02-25 19:46:39.483484+00:00,2-12,Beban Ekonomi,Institusi (Bapenda/Samsat),Lainnya/Jateng
1016,1,,TikTok,"pajak kndraan naik, jalannya kebanyakan jelek, trus pajaknya buat apa coba arah uangnya",Negatif,,,2026-02-25 19:46:39.483484+00:00,1 m yang lalu,Beban Ekonomi,Institusi (Bapenda/Samsat),Lainnya/Jateng
1019,1,,TikTok,"Pajak dinaikan daerahnya tetap miskin , jalan2 tetep rusak...uang hasil pajak buat dikorup berjamaah....HANCUR",Negatif,,,2026-02-25 19:46:39.483484+00:00,1 m yang lalu,Beban Ekonomi,Institusi (Bapenda/Samsat),Lainnya/Jateng
1075,1,,TikTok,"pajak bermotor naik knp jln rusak parah di biarin, heran nih",Negatif,,,2026-02-25 19:46:39.483484+00:00,1 m yang lalu,Beban Ekonomi,Institusi (Bapenda/Samsat),Lainnya/Jateng
1527,1,,TikTok,pajak naik jalan nya bolong2,Negatif,,,2026-02-25 19:46:39.483484+00:00,2-12,Beban Ekonomi,Institusi (Bapenda/Samsat),Lainnya/Jateng
1234,1,,TikTok,pajak naik...dalan gelombang remuk kabeh,Negatif,,,2026-02-25 19:46:39.483484+00:00,2-12,Beban Ekonomi,Institusi (Bapenda/Samsat),Lainnya/Jateng
1284,1,,TikTok,jalan belum mulus pajak sudah naik..,Negatif,,,2026-02-25 19:46:39.483484+00:00,2-12,Beban Ekonomi,Institusi (Bapenda/Samsat),Lainnya/Jateng
1300,1,,TikTok,"bayar pajak kendaraan larang, dalane koyo tai Kabeh....",Negatif,,,2026-02-25 19:46:39.483484+00:00,2-12,Beban Ekonomi,Institusi (Bapenda/Samsat),Lainnya/Jateng
1507,1,,TikTok,pajak naik tapi jalan pada bosok,Negatif,,,2026-02-25 19:46:39.483484+00:00,2-12,Beban Ekonomi,Institusi (Bapenda/Samsat),Lainnya/Jateng
1680,1,,TikTok,pajak naik telat kena denda tapi jalan rusak gak ada perbaikan 😡😡😡😡,Negatif,,,2026-02-25 19:46:39.483484+00:00,2-12,Beban Ekonomi,Institusi (Bapenda/Samsat),Lainnya/Jateng
1795,1,,TikTok,pajak naik tpi jalan nya kyk taik 😏,Negatif,,,2026-02-25 19:46:39.483484+00:00,2-12,Beban Ekonomi,Institusi (Bapenda/Samsat),Lainnya/Jateng
1873,1,,TikTok,"serius nanya ,uang pajak kendaraan bermotor Kuwi kanggone OPO too.....pajek di Uber,jalan rusak gak di bangun.....",Negatif,,,2026-02-25 19:46:39.483484+00:00,2-12,Beban Ekonomi,Institusi (Bapenda/Samsat),Lainnya/Jateng
1980,1,,TikTok,"pajak mau naik sedangkan jalan kaya sungai gimna si pak,,,cobalah jngan bikin gaduh",Negatif,,,2026-02-25 19:46:39.483484+00:00,2-12,Beban Ekonomi,Institusi (Bapenda/Samsat),Lainnya/Jateng
2036,1,,TikTok,jalanya rusak pajak naik😁,Negatif,,,2026-02-25 19:46:39.483484+00:00,2-12,Beban Ekonomi,Institusi (Bapenda/Samsat),Lainnya/Jateng
2129,1,,TikTok,"dobollll
pajak naik jalan makin hancur, lantas pajak buat apa?",Negatif,,,2026-02-25 19:46:39.483484+00:00,2-12,Beban Ekonomi,Institusi (Bapenda/Samsat),Lainnya/Jateng
2170,1,,TikTok,pajak naik ..krjaan susah ..jalan rusakk..,Negatif,,,2026-02-25 19:46:39.483484+00:00,2-12,Beban Ekonomi,Institusi (Bapenda/Samsat),Lainnya/Jateng
2229,1,,TikTok,"Pajak maunya naik,tp jln nya bnyk yg rusak,,",Negatif,,,2026-02-25 19:46:39.483484+00:00,2-12,Beban Ekonomi,Institusi (Bapenda/Samsat),Lainnya/Jateng
2281,1,,TikTok,dalan bodol kabeh pajak mundak,Negatif,,,2026-02-25 19:46:39.483484+00:00,2-12,Beban Ekonomi,Institusi (Bapenda/Samsat),Lainnya/Jateng
2346,1,,TikTok,dalanmu elek pajak larang,Negatif,,,2026-02-25 19:46:39.483484+00:00,2-12,Beban Ekonomi,Institusi (Bapenda/Samsat),Lainnya/Jateng
3754,3,,Instagram,dalan bosok pajeke larang.. huuu taek taek gak masook,Negatif,,,2026-02-25 19:46:39.483484+00:00,dalan bosok pajeke larang.. huuu taek taek gak masook,Beban Ekonomi,Institusi (Bapenda/Samsat),Lainnya/Jateng
2639,2,,TikTok,"Pajak larang dalane uelek , percuma bayar pajak",Negatif,,,2026-02-25 19:46:39.483484+00:00,5 j yang lalu,Beban Ekonomi,Institusi (Bapenda/Samsat),Lainnya/Jateng
2700,2,,TikTok,tambah parah saja pajak naik terus disaat banyak jalan rusak 😂,Negatif,,,2026-02-25 19:46:39.483484+00:00,19 j yang lalu,Beban Ekonomi,Institusi (Bapenda/Samsat),Lainnya/Jateng
2772,2,,TikTok,pajak naik terus tp buat nikmati jalan yang mulus ajaa susah,Negatif,,,2026-02-25 19:46:39.483484+00:00,22 j yang lalu,Beban Ekonomi,Institusi (Bapenda/Samsat),Lainnya/Jateng
2869,2,,TikTok,"stop pajak.jalan aja banyak yang rusak,pajak malah naik konyol",Negatif,,,2026-02-25 19:46:39.483484+00:00,1 h yang lalu,Beban Ekonomi,Institusi (Bapenda/Samsat),Lainnya/Jateng
2903,2,,TikTok,Pajak naik dalan malah bosok kabehhhhh...,Negatif,,,2026-02-25 19:46:39.483484+00:00,1 h yang lalu,Beban Ekonomi,Institusi (Bapenda/Samsat),Lainnya/Jateng
2959,3,,Instagram,"dimalaysia pajak kendaraan murah jalanan mulus, disini naik² mulu jalanan ancur",Negatif,,,2026-02-25 19:46:39.483484+00:00,"dimalaysia pajak kendaraan murah jalanan mulus, disini naik² mulu jalanan ancur",Beban Ekonomi,Institusi (Bapenda/Samsat),Lainnya/Jateng
3026,3,,Instagram,Pajek mundak tapi gak diimbangi Karo peningkatan jalan blas wkwk😮😂,Negatif,,,2026-02-25 19:46:39.483484+00:00,Pajek mundak tapi gak diimbangi Karo peningkatan jalan blas wkwk😮😂,Beban Ekonomi,Institusi (Bapenda/Samsat),Lainnya/Jateng
3040,3,,Instagram,"He bro kalo pajak naik, minimal kualitas jalan dipikir lah, ora mung urusan weteng tok",Negatif,,,2026-02-25 19:46:39.483484+00:00,"He bro kalo pajak naik, minimal kualitas jalan dipikir lah, ora mung urusan weteng tok",Beban Ekonomi,Institusi (Bapenda/Samsat),Lainnya/Jateng
3088,3,,Instagram,Dalan daerah kota wae akeh bolongan sewu .. opo neh daerah pinggiran ?? .. seng alus trimo mundakke pajak 🔥,Negatif,,,2026-02-25 19:46:39.483484+00:00,Dalan daerah kota wae akeh bolongan sewu .. opo neh daerah pinggiran ?? .. seng alus trimo mundakke pajak 🔥,Beban Ekonomi,Institusi (Bapenda/Samsat),Lainnya/Jateng
3466,3,,Instagram,Pajak mundak dalan rusak dinjarne TAEK🙌,Negatif,,,2026-02-25 19:46:39.483484+00:00,Pajak mundak dalan rusak dinjarne TAEK🙌,Beban Ekonomi,Institusi (Bapenda/Samsat),Lainnya/Jateng
3183,3,,Instagram,"Pajak mu duwur larang rakmasalah asalkan .UMR mu duwur minimal kyk jatim ,dalan mu apik mulus bebas banjir.",Negatif,,,2026-02-25 19:46:39.483484+00:00,"Pajak mu duwur larang rakmasalah asalkan .UMR mu duwur minimal kyk jatim ,dalan mu apik mulus bebas banjir.",Beban Ekonomi,Institusi (Bapenda/Samsat),Lainnya/Jateng
3189,3,,Instagram,"Pajak mundak tapi diimbangi karo infrastrukture to kang,msok pajek mundak dalane aajor",Negatif,,,2026-02-25 19:46:39.483484+00:00,"Pajak mundak tapi diimbangi karo infrastrukture to kang,msok pajek mundak dalane aajor",Beban Ekonomi,Institusi (Bapenda/Samsat),Lainnya/Jateng
3196,3,,Instagram,Bayar pajak larang2 dalane panggah rusak😂😂😂,Negatif,,,2026-02-25 19:46:39.483484+00:00,Bayar pajak larang2 dalane panggah rusak😂😂😂,Beban Ekonomi,Institusi (Bapenda/Samsat),Lainnya/Jateng
3254,3,,Instagram,"gonaku tak itung2 mundak e 66%, wes dalan elek, umr cendek, pajek e duwur.😂",Negatif,,,2026-02-25 19:46:39.483484+00:00,"gonaku tak itung2 mundak e 66%, wes dalan elek, umr cendek, pajek e duwur.😂",Beban Ekonomi,Institusi (Bapenda/Samsat),Lainnya/Jateng
3268,3,,Instagram,"Pajak motor naik iw minimal dalan²mu Provinsi n Kabupaten/Kota alus.. Dalan gronjal², pogak isin mbek tangga Jatim, Jabar, DIY thek.. lol 🥴🙄😑😒",Negatif,,,2026-02-25 19:46:39.483484+00:00,"Pajak motor naik iw minimal dalan²mu Provinsi n Kabupaten/Kota alus.. Dalan gronjal², pogak isin mbek tangga Jatim, Jabar, DIY thek.. lol 🥴🙄😑😒",Beban Ekonomi,Institusi (Bapenda/Samsat),Lainnya/Jateng
3370,3,,Instagram,Pajek mundak dalane kek i iyup iyup di trataki kabeh & di keramik sisan malah ra tak komplain.. 😂,Negatif,,,2026-02-25 19:46:39.483484+00:00,Pajek mundak dalane kek i iyup iyup di trataki kabeh & di keramik sisan malah ra tak komplain.. 😂,Beban Ekonomi,Institusi (Bapenda/Samsat),Lainnya/Jateng
3438,3,,Instagram,Dalan bodol pajak mundak ya males bayar,Negatif,,,2026-02-25 19:46:39.483484+00:00,Dalan bodol pajak mundak ya males bayar,Beban Ekonomi,Institusi (Bapenda/Samsat),Lainnya/Jateng
3475,3,,Instagram,"Minimal dalan Provinsi ki Alus ra kakean Tambalan , Pajek mundak dalane Ra alus",Negatif,,,2026-02-25 19:46:39.483484+00:00,"Minimal dalan Provinsi ki Alus ra kakean Tambalan , Pajek mundak dalane Ra alus",Beban Ekonomi,Institusi (Bapenda/Samsat),Lainnya/Jateng
3491,3,,Instagram,Pajek mundak tapi gak diimbangi Karo peningkatan jalan blas wkwk😮😂,Negatif,,,2026-02-25 19:46:39.483484+00:00,Pajek mundak tapi gak diimbangi Karo peningkatan jalan blas wkwk😮😂,Beban Ekonomi,Institusi (Bapenda/Samsat),Lainnya/Jateng
3574,3,,Instagram,"Mikir kok pajek dinaikkan teross,dalan sing remok kae loo dipikir",Negatif,,,2026-02-25 19:46:39.483484+00:00,"Mikir kok pajek dinaikkan teross,dalan sing remok kae loo dipikir",Beban Ekonomi,Institusi (Bapenda/Samsat),Lainnya/Jateng
3677,3,,Instagram,"Wes kebanjiran, dalane remok, pajek e malah mudak... ekonomi igek morak marek malah dipajeki ancor bae sisan",Negatif,,,2026-02-25 19:46:39.483484+00:00,"Wes kebanjiran, dalane remok, pajek e malah mudak... ekonomi igek morak marek malah dipajeki ancor bae sisan",Beban Ekonomi,Institusi (Bapenda/Samsat),Lainnya/Jateng
3819,3,,Instagram,"Pajak naik gak karuan, jalan masih ancur ancuran,  katanya Ngopeni Nglakoni tapi Malah Nggateli",Negatif,,,2026-02-25 19:46:39.483484+00:00,"Pajak naik gak karuan, jalan masih ancur ancuran,  katanya Ngopeni Nglakoni tapi Malah Nggateli",Beban Ekonomi,Institusi (Bapenda/Samsat),Lainnya/Jateng
3820,3,,Instagram,"Bajingan ,pajak mundak, dalan bolong kabeh",Negatif,,,2026-02-25 19:46:39.483484+00:00,"Bajingan ,pajak mundak, dalan bolong kabeh",Beban Ekonomi,Institusi (Bapenda/Samsat),Lainnya/Jateng
3827,3,,Instagram,"Dalane do rusak tapi narik pajek ugal ugalan, lha duit pajeke mlayu nendi??masyarakat kon fokus nek berkendara ben ra kecelakaan, tapi dapane ting bolong, fokus terbelah, ngono iseh di mel pajek duwur..wes wes..kocak",Negatif,,,2026-02-25 19:46:39.483484+00:00,"Dalane do rusak tapi narik pajek ugal ugalan, lha duit pajeke mlayu nendi??masyarakat kon fokus nek berkendara ben ra kecelakaan, tapi dapane ting bolong, fokus terbelah, ngono iseh di mel pajek duwur..wes wes..kocak",Beban Ekonomi,Institusi (Bapenda/Samsat),Lainnya/Jateng
3845,3,,Instagram,Pajak naik terus. Rakyat gk diurus. Jalan tetep ancur,Negatif,,,2026-02-25 19:46:39.483484+00:00,Pajak naik terus. Rakyat gk diurus. Jalan tetep ancur,Beban Ekonomi,Institusi (Bapenda/Samsat),Lainnya/Jateng
2928,2,,TikTok,kalian naikan pajak infrastruktur jalan hancur hancuran pembayaran pajak dipersulit apa mau kalian ni,Negatif,,,2026-02-25 19:46:39.483484+00:00,1 h yang lalu,Beban Ekonomi,Institusi (Bapenda/Samsat),Lainnya/Jateng
3195,3,,Instagram,"Wes do wegah bayar pajek, mundak kok sek ngene, dalane uweeeellleeekkk... Motor isi mung ning kota, nok desa2 bakal akeh seng ora isi, mergo meh bayar kudu gowo ktp asli, ijeh mundak pajekke...",Negatif,,,2026-02-25 19:46:39.483484+00:00,"Wes do wegah bayar pajek, mundak kok sek ngene, dalane uweeeellleeekkk... Motor isi mung ning kota, nok desa2 bakal akeh seng ora isi, mergo meh bayar kudu gowo ktp asli, ijeh mundak pajekke...",Beban Ekonomi,Institusi (Bapenda/Samsat),Lainnya/Jateng
170,1,,TikTok,"sek penting tanggapke sound horeg , bakal kepilih dadi gubernur.",Negatif,,,2026-02-25 19:46:39.483484+00:00,2-13,Kekecewaan Politik,Gubernur,Lainnya/Jateng
3201,3,,Instagram,"Pajak makin naik, ditambah ada opsen. Tapi timbal baliknya jalanan masih banyak yang rusak & dipersulit cara bayarnya (harus fotokopi lah, harus pakai KTP sesuai nama lah, disuruh beli plastik STNK lah). Plus, masih harus keluar biaya ekstra lagi buat perbaikan kaki-kaki kendaraan karena efek jalanan yang ""indah""",Negatif,,,2026-02-25 19:46:39.483484+00:00,"Pajak makin naik, ditambah ada opsen. Tapi timbal baliknya jalanan masih banyak yang rusak & dipersulit cara bayarnya (harus fotokopi lah, harus pakai KTP sesuai nama lah, disuruh beli plastik STNK lah). Plus, masih harus keluar biaya ekstra lagi buat perbaikan kaki-kaki kendaraan karena efek jalanan yang ""indah""",Beban Ekonomi,Institusi (Bapenda/Samsat),Lainnya/Jateng
3482,3,,Instagram,Pajak naik tp regulasi rumit....gak sejalan.. mau ngurus pengesahan pajak harus datang ke Samsat krna beda kota beda provinsi...sekalian aja gak usah bayar 😂 (cerita real),Negatif,,,2026-02-25 19:46:39.483484+00:00,Pajak naik tp regulasi rumit....gak sejalan.. mau ngurus pengesahan pajak harus datang ke Samsat krna beda kota beda provinsi...sekalian aja gak usah bayar 😂 (cerita real),Beban Ekonomi,Institusi (Bapenda/Samsat),Lainnya/Jateng
2710,2,,TikTok,"di naikin pajaknya sbnrnya ngga mslh asal,rakyat mendapatkan kesejahteraan, serta mendapatkan fasilitas yg setara sesuai pajak yg masarakat berikan.",Negatif,,,2026-02-25 19:46:39.483484+00:00,20 j yang lalu,Beban Ekonomi,Institusi (Bapenda/Samsat),Banyumas/Barat (R)
205,1,,TikTok,rak masok akal umr aja naiknya cuma 4-6% ini pajak naiknya di luar nalar dana nya ntah keman jalan rusak semua contoh tuh gubernur Jawa Barat,Negatif,,,2026-02-25 19:46:39.483484+00:00,2 h yang lalu,Beban Ekonomi,Institusi (Bapenda/Samsat),Pekalongan/Pantura (G)
980,1,,TikTok,"Jalan pada rusak malah pajak di naikin, gubernur kocak",Negatif,,,2026-02-25 19:46:39.483484+00:00,2-13,Beban Ekonomi,Institusi (Bapenda/Samsat),Lainnya/Jateng
1112,1,,TikTok,"ganti aja gubernurnya, walupun pajak naik jalan juga gitu² aja.",Negatif,,,2026-02-25 19:46:39.483484+00:00,2-13,Beban Ekonomi,Institusi (Bapenda/Samsat),Lainnya/Jateng
1520,1,,TikTok,jalan banyak yg rusak malah pajak naek gubernur mikirnya duit tok,Negatif,,,2026-02-25 19:46:39.483484+00:00,2-12,Beban Ekonomi,Institusi (Bapenda/Samsat),Lainnya/Jateng
1823,1,,TikTok,Gubernur ono.kejadian banjir wargane susah rak ngerti Ono tanah bergerak omahe ambrok Kabeh rak ngerti.megat nongol ngundak ke pajak tertipu seng Mili,Negatif,,,2026-02-25 19:46:39.483484+00:00,2-12,Beban Ekonomi,Institusi (Bapenda/Samsat),Lainnya/Jateng
3790,3,,Instagram,"UMR Rendah, Dalan Rusak, Pajak Kendaraan Bermotor & Opsen Naik... Provinsi Liane Orak Padahal... STOP BAYAR PAJAK TUNGGU PEMUTIHAN & GANTI GUBERNUR  ‼️RA NALAR BLAS  ‼️🫵🔥",Negatif,,,2026-02-25 19:46:39.483484+00:00,"UMR Rendah, Dalan Rusak, Pajak Kendaraan Bermotor & Opsen Naik... Provinsi Liane Orak Padahal... STOP BAYAR PAJAK TUNGGU PEMUTIHAN & GANTI GUBERNUR  ‼️RA NALAR BLAS  ‼️🫵🔥",Beban Ekonomi,Institusi (Bapenda/Samsat),Lainnya/Jateng
41,1,,TikTok,jalan rusak banjir di mana2 dari kemaren kemana.. tiba2 muncul pajak naik.. gubenur bodol,Negatif,,,2026-02-25 19:46:39.483484+00:00,2-12,Beban Ekonomi,Institusi (Bapenda/Samsat),Pekalongan/Pantura (G)
477,1,,TikTok,pajak naik hrs diimbangi dgn fasilitas baik jalan yg bagus sesuai pendapatan pajak Krn kewajiban rakyat harus diimbangi dgn hak rakyat,Negatif,,,2026-02-25 19:46:39.483484+00:00,5 h yang lalu,Beban Ekonomi,Institusi (Bapenda/Samsat),Lainnya/Jateng
847,1,,TikTok,"gilaaaa, jaLan pada rusakkk.... malem² pakai motor sangat berbahaya malah ini pajak dinaikan.
coba kalau fasilitas umum bagus contoh jalan raya yg bagus, pasti masyarakat akan taat pajak walau pajaknya naik.",Negatif,,,2026-02-25 19:46:39.483484+00:00,2-13,Beban Ekonomi,Institusi (Bapenda/Samsat),Lainnya/Jateng
3102,3,,Instagram,"Pajak mahal tapi fasilitas jalan tidak mnyeluruh, bgus hnya di kota, di desa” masih bnyak jalan rusak. Byar pajak kek gk ada mnfaatnya",Negatif,,,2026-02-25 19:46:39.483484+00:00,"Pajak mahal tapi fasilitas jalan tidak mnyeluruh, bgus hnya di kota, di desa” masih bnyak jalan rusak. Byar pajak kek gk ada mnfaatnya",Beban Ekonomi,Institusi (Bapenda/Samsat),Lainnya/Jateng
3116,3,,Instagram,"Wkwk, ketok men nak wong bapenda Ra tau bayar pajak kendaraan, jelas"" Ono kenaikan neng pajak opsen kok Muni Ra Ono, pajak opsen mlayune neng daerah, terus imbal balike gawe masyarakat opo,? Jalan Yo seh ko gulo kacang, pelayanan publik Yo adoh Seko kata bagus",Negatif,,,2026-02-25 19:46:39.483484+00:00,"Wkwk, ketok men nak wong bapenda Ra tau bayar pajak kendaraan, jelas"" Ono kenaikan neng pajak opsen kok Muni Ra Ono, pajak opsen mlayune neng daerah, terus imbal balike gawe masyarakat opo,? Jalan Yo seh ko gulo kacang, pelayanan publik Yo adoh Seko kata bagus",Beban Ekonomi,Institusi (Bapenda/Samsat),Lainnya/Jateng
575,1,,TikTok,pajak naik tapi jalan rusak GK di urus trus uang pajak kemana PK gubernur,Negatif,,,2026-02-25 19:46:39.483484+00:00,2-12,Beban Ekonomi,Institusi (Bapenda/Samsat),Pekalongan/Pantura (G)
1542,1,,TikTok,jalan rusak pajak naik,Negatif,,,2026-02-25 19:46:39.483484+00:00,2-12,Beban Ekonomi,Institusi (Bapenda/Samsat),Lainnya/Jateng
1410,1,,TikTok,"nunggu gubernur nya aja...kalo yg ngomong gubernur, baru percaya",Negatif,,,2026-02-25 19:46:39.483484+00:00,2-12,Kekecewaan Politik,Gubernur,Lainnya/Jateng
968,1,,TikTok,pajak naik besar tp perubahan wilayah nol terutama fasilitas umum lari kemana uang pajak,Negatif,,,2026-02-25 19:46:39.483484+00:00,2-13,Beban Ekonomi,Institusi (Bapenda/Samsat),Pekalongan/Pantura (G)
3221,3,,Instagram,"Pajak naik, tidak ada lampu penerangan  sebelum polres... Minim penerangan",Negatif,,,2026-02-25 19:46:39.483484+00:00,"Pajak naik, tidak ada lampu penerangan  sebelum polres... Minim penerangan",Beban Ekonomi,Institusi (Bapenda/Samsat),Lainnya/Jateng
3335,3,,Instagram,"Ekonomi lesu malah pajak naik, dalane di pikir bos do rusak",Negatif,,,2026-02-25 19:46:39.483484+00:00,"Ekonomi lesu malah pajak naik, dalane di pikir bos do rusak",Beban Ekonomi,Institusi (Bapenda/Samsat),Lainnya/Jateng
3877,3,,Instagram,"Pajek mundak terus, DALAN BOSOK kabeh. Fungsine g opo bayar pajek 😂😂😂😂....",Negatif,,,2026-02-25 19:46:39.483484+00:00,"Pajek mundak terus, DALAN BOSOK kabeh. Fungsine g opo bayar pajek 😂😂😂😂....",Beban Ekonomi,Institusi (Bapenda/Samsat),Lainnya/Jateng
3907,3,,Instagram,Pajak mahal tapi jalan hancur berlubang 👏,Negatif,,,2026-02-25 19:46:39.483484+00:00,Pajak mahal tapi jalan hancur berlubang 👏,Beban Ekonomi,Institusi (Bapenda/Samsat),Lainnya/Jateng
44,1,,TikTok,dikarenakan pelayanan yg ribet atau banyak nya biaya yg ga jelas sehingga masyarakat tdk percaya... dan penggunaan pajak tdk relevan.. jalan jalan masih banyak yg ga baik.. belum yg dikoropsi,Negatif,,,2026-02-25 19:46:39.483484+00:00,3 h yang lalu,Beban Ekonomi,Institusi (Bapenda/Samsat),Lainnya/Jateng
3166,3,,Instagram,Selagine rakyatmu ijeh urep di peres keringete gawe bayar pajak. Pajak mundak dalan pantura bodol kabeh sak jateng. Rakyatmu kerjo ados keringet sak ndok2ke melu teles ijeh mok tekek pajek,Negatif,,,2026-02-25 19:46:39.483484+00:00,Selagine rakyatmu ijeh urep di peres keringete gawe bayar pajak. Pajak mundak dalan pantura bodol kabeh sak jateng. Rakyatmu kerjo ados keringet sak ndok2ke melu teles ijeh mok tekek pajek,Beban Ekonomi,Pemerintahan,Pekalongan/Pantura (G)
2221,1,,TikTok,"coba kita bandingan dgn negara lain.tidak usah jauh jauh negara seperti thailand aja pajak nya masih murah,indonesia termahal didunia.knpa slalu rakyat yg selalu menanggung beban .menaikkan pajak disaat warga jateng masih kesusahan terlanda banjir,longsor,rumah tertimbun tanah.",Negatif,,,2026-02-25 19:46:39.483484+00:00,2-12,Beban Ekonomi,Pemerintahan,Lainnya/Jateng
2426,1,,TikTok,harus di cek apbd Jateng itu berapa sih untuk bangun jalan aja harus naikin pajak,Negatif,,,2026-02-25 19:46:39.483484+00:00,2-12,Beban Ekonomi,Pemerintahan,Lainnya/Jateng
2537,2,,TikTok,"jateng pajak'e larang mergo dalane luweh apek teko tonggo sebelah2e.,",Negatif,,,2026-02-25 19:46:39.483484+00:00,10 j yang lalu,Beban Ekonomi,Pemerintahan,Lainnya/Jateng
2936,3,,Instagram,"PAJAK NAIK, YANG SEJAHTERA PEJABATNYA. JALAN-JALAN RUSAK, DISHUB JATENG TIDUR, POLISINYA TUTUP MATA. JATENG-JATENG TIDAK ADA PERUBAHAN,",Negatif,,,2026-02-25 19:46:39.483484+00:00,"PAJAK NAIK, YANG SEJAHTERA PEJABATNYA. JALAN-JALAN RUSAK, DISHUB JATENG TIDUR, POLISINYA TUTUP MATA. JATENG-JATENG TIDAK ADA PERUBAHAN,",Beban Ekonomi,Pemerintahan,Lainnya/Jateng
3125,3,,Instagram,"Pajak wis larang, minimal dalan jateng full aspal koyok jawa timur",Negatif,,,2026-02-25 19:46:39.483484+00:00,"Pajak wis larang, minimal dalan jateng full aspal koyok jawa timur",Beban Ekonomi,Pemerintahan,Lainnya/Jateng
3373,3,,Instagram,"Jateng nggliyeng iki. Pajak mundak terus, infrastruktur dalan ratau nggenah",Negatif,,,2026-02-25 19:46:39.483484+00:00,"Jateng nggliyeng iki. Pajak mundak terus, infrastruktur dalan ratau nggenah",Beban Ekonomi,Pemerintahan,Lainnya/Jateng
3631,3,,Instagram,"PAJAK NAIK, YANG SEJAHTERA PEJABATNYA. JALAN-JALAN RUSAK, DISHUB JATENG TIDUR, POLISINYA TUTUP MATA. JATENG-JATENG TIDAK ADA PERUBAHAN,",Negatif,,,2026-02-25 19:46:39.483484+00:00,"PAJAK NAIK, YANG SEJAHTERA PEJABATNYA. JALAN-JALAN RUSAK, DISHUB JATENG TIDUR, POLISINYA TUTUP MATA. JATENG-JATENG TIDAK ADA PERUBAHAN,",Beban Ekonomi,Pemerintahan,Lainnya/Jateng
28,1,,TikTok,ini seharusnya jjaranya mnagih yg belum membyar pajak jangan manaikan pajak yg kena imbasnya yg taat pajak trus yg tdak taat pjak mau d diamkan ini bukan jalan keluar pak ini msyarakat smakin trjpet pak,Negatif,,,2026-02-25 19:46:39.483484+00:00,2-12,Beban Ekonomi,Institusi (Bapenda/Samsat),Pekalongan/Pantura (G)
3511,3,,Instagram,"Yo jgn sakklek manut pemerintah. Keadaan daerah kan yg tau masing pemerintahan, mbok ya dibaca faktor2 yg lain spt upah, fasilitas dsb. Lha kok trs d sama ratakan dg prov2 lain yg keadaan ekonominya beda2",Negatif,,,2026-02-25 19:46:39.483484+00:00,"Yo jgn sakklek manut pemerintah. Keadaan daerah kan yg tau masing pemerintahan, mbok ya dibaca faktor2 yg lain spt upah, fasilitas dsb. Lha kok trs d sama ratakan dg prov2 lain yg keadaan ekonominya beda2",Beban Ekonomi,Pemerintahan,Pekalongan/Pantura (G)
3870,3,,Instagram,"utegke lhoo.. UMR/UMK ora sepiro pajak mundak ora kiro"" blokGOBL0K!!!   Jateng jika dibandingkan provinsi sebelah sangat jauh tertinggal tidak terawat jalanan fasum dan infrastruktur sagat kurang memadai!",Negatif,,,2026-02-25 19:46:39.483484+00:00,"utegke lhoo.. UMR/UMK ora sepiro pajak mundak ora kiro"" blokGOBL0K!!!   Jateng jika dibandingkan provinsi sebelah sangat jauh tertinggal tidak terawat jalanan fasum dan infrastruktur sagat kurang memadai!",Beban Ekonomi,Pemerintahan,Lainnya/Jateng
3698,3,,Instagram,Pajak e mundak. Dalan e bosok,Negatif,,,2026-02-25 19:46:39.483484+00:00,Pajak e mundak. Dalan e bosok,Beban Ekonomi,Institusi (Bapenda/Samsat),Lainnya/Jateng
435,1,,TikTok,Jawa Tengah rusak ekonomine...,Negatif,,,2026-02-25 19:46:39.483484+00:00,2-13,Beban Ekonomi,Lainnya,Lainnya/Jateng
839,1,,TikTok,pajeg naik.jalan kaya paculan..,Negatif,,,2026-02-25 19:46:39.483484+00:00,2-13,Beban Ekonomi,Lainnya,Lainnya/Jateng
3786,3,,Instagram,"Mundak tok dalan mung tembelan, ngn jare dana dalam 1 hari du kembalikan ke kabupaten, entut",Negatif,,,2026-02-25 19:46:39.483484+00:00,"Mundak tok dalan mung tembelan, ngn jare dana dalam 1 hari du kembalikan ke kabupaten, entut",Beban Ekonomi,Lainnya,Lainnya/Jateng
3872,3,,Instagram,"Kalau naiknya pajak dibarengi kinerja dan fasilitas publik yang baik, pasti rakyat bisa menerima, udah pajak naik fasilitas umum gak ada perubahan, jalan rusak, korupsi, ahh embuhlah awur awuran 😪",Negatif,,,2026-02-25 19:46:39.483484+00:00,"Kalau naiknya pajak dibarengi kinerja dan fasilitas publik yang baik, pasti rakyat bisa menerima, udah pajak naik fasilitas umum gak ada perubahan, jalan rusak, korupsi, ahh embuhlah awur awuran 😪",Beban Ekonomi,Institusi (Bapenda/Samsat),Lainnya/Jateng
787,1,,TikTok,sumpahh ga wajar banget anjj masa naik 60% 😫😫,Negatif,,,2026-02-25 19:46:39.483484+00:00,1 m yang lalu,Beban Ekonomi,Lainnya,Lainnya/Jateng
3768,3,,Instagram,"Cara menghitung dan mentukan NJKB gmn , soale beda jauh dg harga pasaran..ini yg buat PKB dan Opsion juga pengaruh naik",Negatif,,,2026-02-25 19:46:39.483484+00:00,"Cara menghitung dan mentukan NJKB gmn , soale beda jauh dg harga pasaran..ini yg buat PKB dan Opsion juga pengaruh naik",Beban Ekonomi,Lainnya,Lainnya/Jateng
3778,3,,Instagram,Oh ra ono ya? Berarti wingi sng mundak rego kasur karo bantal,Negatif,,,2026-02-25 19:46:39.483484+00:00,Oh ra ono ya? Berarti wingi sng mundak rego kasur karo bantal,Beban Ekonomi,Lainnya,Lainnya/Jateng
3864,3,,Instagram,Tidak ada kenaikan endogmu kuwi,Negatif,,,2026-02-25 19:46:39.483484+00:00,Tidak ada kenaikan endogmu kuwi,Beban Ekonomi,Lainnya,Lainnya/Jateng
2531,2,,TikTok,sama dg gubernure omom omon doang,Negatif,,,2026-02-25 19:46:39.483484+00:00,1 h yang lalu,Kekecewaan Politik,Gubernur,Lainnya/Jateng
2397,1,,TikTok,filem pendekar upeti naik,Negatif,,,2026-02-25 19:46:39.483484+00:00,2-12,Beban Ekonomi,Institusi (Bapenda/Samsat),Lainnya/Jateng
405,1,,TikTok,ora susah bayar bajak jalannya saja do bosok .. mending belikan sapi saja..,Negatif,,,2026-02-25 19:46:39.483484+00:00,6 h yang lalu,Beban Ekonomi,Nasib Rakyat / Kesejahteraan,Lainnya/Jateng
2356,1,,TikTok,"kl bs naik lbh tinggi lg pak, biar rakyat ga bayar sekalian🤣🤣🤣",Negatif,,,2026-02-25 19:46:39.483484+00:00,2-12,Beban Ekonomi,Nasib Rakyat / Kesejahteraan,Lainnya/Jateng
659,1,,TikTok,"soal duit cpat ya paaak, , banjir sibuk joget",Negatif,,,2026-02-25 19:46:39.483484+00:00,2-13,Beban Ekonomi,Institusi (Bapenda/Samsat),Lainnya/Jateng
3773,3,,Instagram,Alumni coklat dadine pikirane duit duit duit….,Negatif,,,2026-02-25 19:46:39.483484+00:00,Alumni coklat dadine pikirane duit duit duit….,Beban Ekonomi,Institusi (Bapenda/Samsat),Lainnya/Jateng
3551,3,,Instagram,"Pimpinan daerah diberikan hak untuk memberikan fasilitas pengurangan OPSEN, gunakanlah UNTUK 1 TAHUN SETIAP TAHUNNYA, jangan cuma 3 bulan sehingga tarif setelah MARET menjadi NAIK",Negatif,,,2026-02-25 19:46:39.483484+00:00,"Pimpinan daerah diberikan hak untuk memberikan fasilitas pengurangan OPSEN, gunakanlah UNTUK 1 TAHUN SETIAP TAHUNNYA, jangan cuma 3 bulan sehingga tarif setelah MARET menjadi NAIK",Beban Ekonomi,Institusi (Bapenda/Samsat),Banyumas/Barat (R)
1708,1,,TikTok,pajak naik jalan berlobang gimana ini gub jateng gak bois,Negatif,,,2026-02-25 19:46:39.483484+00:00,2-12,Beban Ekonomi,Pemerintahan,Pekalongan/Pantura (G)
3860,3,,Instagram,"ciri2 ga bisa kerja yaitu bikin gaduh tingkat nasional, kalo mau nikin pajak ya fasilitas juga di dibagusin dong , ini ko pajak naik fasilitas dan jalan hancur lebur , emang pemprov jateng ga bisa kerja",Negatif,,,2026-02-25 19:46:39.483484+00:00,"ciri2 ga bisa kerja yaitu bikin gaduh tingkat nasional, kalo mau nikin pajak ya fasilitas juga di dibagusin dong , ini ko pajak naik fasilitas dan jalan hancur lebur , emang pemprov jateng ga bisa kerja",Beban Ekonomi,Pemerintahan,Pekalongan/Pantura (G)
740,1,,TikTok,Makanya jangan terima uang berapa ratus ribu buat 5 tahun kedepan🤣,Negatif,,,2026-02-25 19:46:39.483484+00:00,2-12,Beban Ekonomi,Nasib Rakyat / Kesejahteraan,Pekalongan/Pantura (G)
3632,3,,Instagram,"Kaitane orak karo peningkatan pelayanan, tapi ki kaitane mundak parah, koe kejam",Negatif,,,2026-02-25 19:46:39.483484+00:00,"Kaitane orak karo peningkatan pelayanan, tapi ki kaitane mundak parah, koe kejam",Beban Ekonomi,Lainnya,Lainnya/Jateng
457,1,,TikTok,"itungane ki py kok jateng iso mundak sedangkan jabar & jogja,Naik tapi ogak seakeh jateng ?",Negatif,,,2026-02-25 19:46:39.483484+00:00,2-12,Beban Ekonomi,Pemerintahan,Lainnya/Jateng
651,1,,TikTok,liane jateng urg mundak,Negatif,,,2026-02-25 19:46:39.483484+00:00,2-13,Beban Ekonomi,Pemerintahan,Lainnya/Jateng
1382,1,,TikTok,"Alhamdulillah jateng sdh naik, kpn jatim naik🤭",Negatif,,,2026-02-25 19:46:39.483484+00:00,2-12,Beban Ekonomi,Pemerintahan,Lainnya/Jateng
1446,1,,TikTok,jateng tok sek mundak,Negatif,,,2026-02-25 19:46:39.483484+00:00,2-12,Beban Ekonomi,Pemerintahan,Lainnya/Jateng
1664,1,,TikTok,"keren pak , naikan LG pak .. rakyat Jateng pada bahagia pak 😅😅",Negatif,,,2026-02-25 19:46:39.483484+00:00,2-12,Beban Ekonomi,Pemerintahan,Lainnya/Jateng
2059,1,,TikTok,provinsi lain bebas jateng malah naik..menyala jateng😂😂😂,Negatif,,,2026-02-25 19:46:39.483484+00:00,2-12,Beban Ekonomi,Pemerintahan,Lainnya/Jateng
2105,1,,TikTok,penting pas pilkada oleh duit sik yo wong jateng.... 😂😂😂😂😂😂😂,Negatif,,,2026-02-25 19:46:39.483484+00:00,2-12,Beban Ekonomi,Pemerintahan,Lainnya/Jateng
2951,3,,Instagram,"Intinya nominal rupiah yanh dibayar rakyat naik.Coba dibandingkan besaran/prosentase opsen Jateng dengan daerah lain?Misal DIY, Jabar, Jatim?Benchmarking itu perlu lho demi kepentingan rakyat.Cc :",Negatif,,,2026-02-25 19:46:39.483484+00:00,"Intinya nominal rupiah yanh dibayar rakyat naik.Coba dibandingkan besaran/prosentase opsen Jateng dengan daerah lain?Misal DIY, Jabar, Jatim?Benchmarking itu perlu lho demi kepentingan rakyat.Cc :",Beban Ekonomi,Pemerintahan,Lainnya/Jateng
3307,3,,Instagram,"Seluruh provinsi pye, jogja gak ada kenaikan, jateng wae sing ndlogok, wuaton tenan. Susah uripmu kabeh sak keluargamu,",Negatif,,,2026-02-25 19:46:39.483484+00:00,"Seluruh provinsi pye, jogja gak ada kenaikan, jateng wae sing ndlogok, wuaton tenan. Susah uripmu kabeh sak keluargamu,",Beban Ekonomi,Pemerintahan,Lainnya/Jateng
3886,3,,Instagram,Ngapain naik klu cuma buat para koruptor di negara kita.,Negatif,,,2026-02-25 19:46:39.483484+00:00,Ngapain naik klu cuma buat para koruptor di negara kita.,Beban Ekonomi,Pemerintahan,Lainnya/Jateng
1317,1,,TikTok,makanya aturan jgn di bkn susah,Negatif,,,2026-02-25 19:46:39.483484+00:00,2-12,Beban Ekonomi,Pemerintahan,Lainnya/Jateng
2818,2,,TikTok,cara perhitungannya gmana ? kok bisa jateng jadi mahal opsennya sedangkan jabar jogja ada kenaikan tapi tidak semahal jateng ?,Negatif,,,2026-02-25 19:46:39.483484+00:00,1 h yang lalu,Beban Ekonomi,Pemerintahan,Pekalongan/Pantura (G)
2434,1,,TikTok,haha mau gimanapun itu pilihan anda,Negatif,,,2026-02-25 19:46:39.483484+00:00,2-12,Kekecewaan Politik,Gubernur,Pekalongan/Pantura (G)
2716,2,,TikTok,"Mr Taj terpilih karena orang melihat Bapaknya...
Mr. Lut menang karena ada Mr. Taj
dulu kok pada nggak mikir pemirsa.. Ladusing yang bener itu dimana? masuk aja banyakan use pelicin..
sekarang Baru Pada nYaho..",Negatif,,,2026-02-25 19:46:39.483484+00:00,20 j yang lalu,Kekecewaan Politik,Gubernur,Pekalongan/Pantura (G)
3707,3,,Instagram,"Mbok ora usah nggo syarat KTP to, meh oleh duit ora je",Negatif,,,2026-02-25 19:46:39.483484+00:00,"Mbok ora usah nggo syarat KTP to, meh oleh duit ora je",Beban Ekonomi,Institusi (Bapenda/Samsat),Solo Raya (AD)
2457,1,,TikTok,kenapasi dulu malak salah pilih orang ini???...,Negatif,,,2026-02-25 19:46:39.483484+00:00,2-12,Kekecewaan Politik,Gubernur,Solo Raya (AD)
2071,1,,TikTok,"aku gur jumuk det 30 ewu seko amplope, ra tak coblos kabeh🤣🤣",Negatif,,,2026-02-25 19:46:39.483484+00:00,2-12,Kekecewaan Politik,Gubernur,Lainnya/Jateng
2089,1,,TikTok,wereng kok d pilih,Negatif,,,2026-02-25 19:46:39.483484+00:00,2-12,Kekecewaan Politik,Gubernur,Lainnya/Jateng
2136,1,,TikTok,nyesel milih ini org....,Negatif,,,2026-02-25 19:46:39.483484+00:00,2-12,Kekecewaan Politik,Gubernur,Lainnya/Jateng
2362,1,,TikTok,"ayo sek milih demo , jajal ki ... pilihanmu 😏",Negatif,,,2026-02-25 19:46:39.483484+00:00,2-12,Kekecewaan Politik,Gubernur,Lainnya/Jateng
2372,1,,TikTok,pilihane wong jawa tengah... 😁😂,Negatif,,,2026-02-25 19:46:39.483484+00:00,2-12,Kekecewaan Politik,Gubernur,Lainnya/Jateng
2382,1,,TikTok,dulu aku pilihe bpk andika prakasa,Negatif,,,2026-02-25 19:46:39.483484+00:00,2-12,Kekecewaan Politik,Gubernur,Lainnya/Jateng
2398,1,,TikTok,nyesel pilih kamu pak😂😂😂,Negatif,,,2026-02-25 19:46:39.483484+00:00,2-12,Kekecewaan Politik,Gubernur,Lainnya/Jateng
2438,1,,TikTok,aku ora pilih koe pak tapi aku kena imbas e,Negatif,,,2026-02-25 19:46:39.483484+00:00,2-12,Kekecewaan Politik,Gubernur,Lainnya/Jateng
2492,1,,TikTok,selamat menikmati pilihan kalian,Negatif,,,2026-02-25 19:46:39.483484+00:00,2-12,Kekecewaan Politik,Gubernur,Lainnya/Jateng
2505,1,,TikTok,wis awet bien di ingeti ra usah di pilih malah di pilih tenan🤣🤣🤣🤣🤣,Negatif,,,2026-02-25 19:46:39.483484+00:00,2-12,Kekecewaan Politik,Gubernur,Lainnya/Jateng
2519,1,,TikTok,slah pilih,Negatif,,,2026-02-25 19:46:39.483484+00:00,2-12,Kekecewaan Politik,Gubernur,Lainnya/Jateng
3848,3,,Instagram,Endi seng jare NGOPENI winggi.? Nyatane kok malah MATENI.?,Negatif,,,2026-02-25 19:46:39.483484+00:00,Endi seng jare NGOPENI winggi.? Nyatane kok malah MATENI.?,Lainnya,Gubernur,Lainnya/Jateng
3904,3,,Instagram,ngakali ngapusi ngrepoti,Negatif,,,2026-02-25 19:46:39.483484+00:00,ngakali ngapusi ngrepoti,Kekecewaan Politik/Janji,Lainnya,Lainnya/Jateng
3871,3,,Instagram,pembodohan dan  ngeles suog,Negatif,,,2026-02-25 19:46:39.483484+00:00,pembodohan dan  ngeles suog,Lainnya,Gubernur,Lainnya/Jateng
3899,3,,Instagram,"lha malah ngeles, genah genah mundhak mergo persentasene berubah, ki seng bodoh sapa ya",Negatif,,,2026-02-25 19:46:39.483484+00:00,"lha malah ngeles, genah genah mundhak mergo persentasene berubah, ki seng bodoh sapa ya",Lainnya,Gubernur,Lainnya/Jateng
3885,3,,Instagram,"KLO EMANG GAK BSA KERJA, PALING GAK JANGAN NYUSAHIN RAKYAT !!!!!! UDAH DUDUK MANIS AJA TRIMA GAJI",Negatif,,,2026-02-25 19:46:39.483484+00:00,"KLO EMANG GAK BSA KERJA, PALING GAK JANGAN NYUSAHIN RAKYAT !!!!!! UDAH DUDUK MANIS AJA TRIMA GAJI",Beban Ekonomi,Nasib Rakyat / Kesejahteraan,Pekalongan/Pantura (G)
3859,3,,Instagram,"Emang koplak, tukang itung NJKB ganti bae karo dealer kendaraan bekas sing paham rega pasar kendaraan..! Ancene nguawor",Negatif,,,2026-02-25 19:46:39.483484+00:00,"Emang koplak, tukang itung NJKB ganti bae karo dealer kendaraan bekas sing paham rega pasar kendaraan..! Ancene nguawor",Lainnya,Gubernur,Pekalongan/Pantura (G)
3854,3,,Instagram,"Min,  itu kok tahunnya 2025, bukannya sekarang 2026",Negatif,,,2026-02-25 19:46:39.483484+00:00,"Min,  itu kok tahunnya 2025, bukannya sekarang 2026",Lainnya,Lainnya,Pekalongan/Pantura (G)
3847,3,,Instagram,"nek aku moh bayar, kowe iso opo? 🔥",Negatif,,,2026-02-25 19:46:39.483484+00:00,"nek aku moh bayar, kowe iso opo? 🔥",Lainnya,Institusi (Bapenda/Samsat),Solo Raya (AD)
924,1,,TikTok,Mundak sakpole,Negatif,,,2026-02-25 19:46:39.483484+00:00,2-13,Beban Ekonomi,Lainnya,Lainnya/Jateng
3849,3,,Instagram,"HAHAHAHAHA, TAKUT LAPER YEEE",Negatif,,,2026-02-25 19:46:39.483484+00:00,"HAHAHAHAHA, TAKUT LAPER YEEE",Lainnya,Lainnya,Lainnya/Jateng
3865,3,,Instagram,Telek ahhh...pembodohan...,Negatif,,,2026-02-25 19:46:39.483484+00:00,Telek ahhh...pembodohan...,Lainnya,Lainnya,Lainnya/Jateng
3868,3,,Instagram,Gak sebanding dg kinerjaaaaaaaaaa,Negatif,,,2026-02-25 19:46:39.483484+00:00,Gak sebanding dg kinerjaaaaaaaaaa,Lainnya,Lainnya,Lainnya/Jateng
3875,3,,Instagram,Adakan lagi saja program pemutihan 2026,Negatif,,,2026-02-25 19:46:39.483484+00:00,Adakan lagi saja program pemutihan 2026,Lainnya,Lainnya,Lainnya/Jateng
3880,3,,Instagram,Ciee gak sinkron🙊,Negatif,,,2026-02-25 19:46:39.483484+00:00,Ciee gak sinkron🙊,Lainnya,Lainnya,Lainnya/Jateng
3881,3,,Instagram,wong nek salah kakean alesan,Negatif,,,2026-02-25 19:46:39.483484+00:00,wong nek salah kakean alesan,Lainnya,Lainnya,Lainnya/Jateng
3882,3,,Instagram,Ngising bae min,Negatif,,,2026-02-25 19:46:39.483484+00:00,Ngising bae min,Lainnya,Lainnya,Lainnya/Jateng
3897,3,,Instagram,hadeehhhhhh minta maaf ae terooooossss !!!!!!,Negatif,,,2026-02-25 19:46:39.483484+00:00,hadeehhhhhh minta maaf ae terooooossss !!!!!!,Lainnya,Lainnya,Lainnya/Jateng
3901,3,,Instagram,ra eneg bedane karo tukang parkir ning indomaret !,Negatif,,,2026-02-25 19:46:39.483484+00:00,ra eneg bedane karo tukang parkir ning indomaret !,Lainnya,Lainnya,Lainnya/Jateng
2830,2,,TikTok,Uang pajaK itu haram apa gak sih pak Yasin?,Negatif,,,2026-02-25 19:46:39.483484+00:00,1 h yang lalu,Beban Ekonomi,Institusi (Bapenda/Samsat),Lainnya/Jateng
160,1,,TikTok,"yang hutang pemerintah yang punya program pemerintah,,uang habis gak tau buat kepentingan apa,,bebanya di timpakan ke rakyat😅😅😅 hebat👍👍👍",Negatif,,,2026-02-25 19:46:39.483484+00:00,2-13,Beban Ekonomi,Pemerintahan,Pekalongan/Pantura (G)
1649,1,,TikTok,"ngopeni Ormas luweh penting.
sok isoh krungu omongan saya titip jawa Tengah. 😁😁😁",Negatif,,,2026-02-25 19:46:39.483484+00:00,2-12,Kekecewaan Politik,Gubernur,Lainnya/Jateng
2808,2,,TikTok,enak modal omong ...yg bayar itu.....hanya modal aturan ....,Negatif,,,2026-02-25 19:46:39.483484+00:00,1 h yang lalu,Kekecewaan Politik,Pemerintahan,Lainnya/Jateng
1967,1,,TikTok,kwe ngomong penak rakyatmu sengsoro,Negatif,,,2026-02-25 19:46:39.483484+00:00,2-12,Kekecewaan Politik,Nasib Rakyat / Kesejahteraan,Lainnya/Jateng
2326,1,,TikTok,nek utang di omongke nek turah sisa meneng wae bos ku,Negatif,,,2026-02-25 19:46:39.483484+00:00,2-12,Kekecewaan Politik,Nasib Rakyat / Kesejahteraan,Lainnya/Jateng
1385,1,,TikTok,nk pas ngeniki Omongane lembut poll😂😂,Negatif,,,2026-02-25 19:46:39.483484+00:00,2-12,Kekecewaan Politik,Lainnya,Lainnya/Jateng
1641,1,,TikTok,Agi ketok GOR ngomong tok,Negatif,,,2026-02-25 19:46:39.483484+00:00,2-12,Kekecewaan Politik,Lainnya,Lainnya/Jateng
1767,1,,TikTok,..omong tok,Negatif,,,2026-02-25 19:46:39.483484+00:00,2-12,Kekecewaan Politik,Lainnya,Lainnya/Jateng
2140,1,,TikTok,siapa sih itu yang ngomong ada yang knal?,Negatif,,,2026-02-25 19:46:39.483484+00:00,2-12,Kekecewaan Politik,Lainnya,Lainnya/Jateng
2638,2,,TikTok,"nek jane ngomong ngene jauh jauh hari penak lo, tiwas ke daden kok lagi ngomong dak yo anci esmosi masyarakate",Negatif,,,2026-02-25 19:46:39.483484+00:00,5 j yang lalu,Kekecewaan Politik,Lainnya,Lainnya/Jateng
2792,2,,TikTok,trserah lu ngomong apa,Negatif,,,2026-02-25 19:46:39.483484+00:00,23 j yang lalu,Kekecewaan Politik,Lainnya,Lainnya/Jateng
2836,2,,TikTok,oke Ki ngomong opoooooo,Negatif,,,2026-02-25 19:46:39.483484+00:00,1 h yang lalu,Kekecewaan Politik,Lainnya,Lainnya/Jateng
3229,3,,Instagram,omon omon,Negatif,,,2026-02-25 19:46:39.483484+00:00,omon omon,Kekecewaan Politik,Lainnya,Lainnya/Jateng
3234,3,,Instagram,Omon omonnnn,Negatif,,,2026-02-25 19:46:39.483484+00:00,Omon omonnnn,Kekecewaan Politik,Lainnya,Lainnya/Jateng
1375,1,,TikTok,kecewa pilih dirimu pk,Negatif,,,2026-02-25 19:46:39.483484+00:00,2-12,Kekecewaan Politik,Gubernur,Lainnya/Jateng
2759,2,,TikTok,"klo bukan bapak, saya ga pilih paklupi😏",Negatif,,,2026-02-25 19:46:39.483484+00:00,22 j yang lalu,Kekecewaan Politik,Gubernur,Lainnya/Jateng
149,1,,TikTok,"Yg disalahkan peraturan, padahal bikinan sendiri. Disangka masyarakat masih bisa dibodohi.... 😂😂😂😂
Gubernurku hanya pintar omong 😁😁😁😁",Negatif,,,2026-02-25 19:46:39.483484+00:00,6 h yang lalu,Kekecewaan Politik,Gubernur,Lainnya/Jateng
2631,2,,TikTok,menyesal aku pilih taj yasin..,Negatif,,,2026-02-25 19:46:39.483484+00:00,1 h yang lalu,Kekecewaan Politik,Wakil Gubernur,Lainnya/Jateng
1280,1,,TikTok,"dulu yg fanatik sama Yasin siapa hayo,, jangan karena pak Yasin putra nya Mbah Maimun, pokoknya harus jadi",Negatif,,,2026-02-25 19:46:39.483484+00:00,2-12,Kekecewaan Politik,Wakil Gubernur,Lainnya/Jateng
2673,2,,TikTok,SING BENER NEK OMONG GUS,Negatif,,,2026-02-25 19:46:39.483484+00:00,15 j yang lalu,Kekecewaan Politik,Wakil Gubernur,Lainnya/Jateng
2858,2,,TikTok,omonge pda ora genah gus,Negatif,,,2026-02-25 19:46:39.483484+00:00,1 h yang lalu,Kekecewaan Politik,Wakil Gubernur,Lainnya/Jateng
999,1,,TikTok,"Nyesel banget cokk pilih wong iku..
ujung"" e nindas rakyat dengan pajak",Negatif,,,2026-02-25 19:46:39.483484+00:00,2-13,Kekecewaan Politik,Institusi (Bapenda/Samsat),Lainnya/Jateng
1820,1,,TikTok,awet kepilih isone oyak2 pajek ae.... lossss kan,Negatif,,,2026-02-25 19:46:39.483484+00:00,2-12,Kekecewaan Politik,Institusi (Bapenda/Samsat),Lainnya/Jateng
2210,1,,TikTok,bencana ora jeful ndang giliran jedul ngundakke pajak hehe pilihanmu lur wkwkwk,Negatif,,,2026-02-25 19:46:39.483484+00:00,2-12,Kekecewaan Politik,Institusi (Bapenda/Samsat),Lainnya/Jateng
2455,1,,TikTok,ambil pilihan tidak bayar pajak atau pindah mutasi,Negatif,,,2026-02-25 19:46:39.483484+00:00,2-12,Kekecewaan Politik,Institusi (Bapenda/Samsat),Lainnya/Jateng
890,1,,TikTok,pilih pemimpin kok polisi,Negatif,,,2026-02-25 19:46:39.483484+00:00,2-13,Kekecewaan Politik,Institusi (Bapenda/Samsat),Lainnya/Jateng
2845,2,,TikTok,"kalo aaya pribadi pilih ngga bayar pajak, ngga peduli mau di blokir atao mau di apakan ngga peduli,
mogok bayar pajak ngga ada ruginya",Negatif,,,2026-02-25 19:46:39.483484+00:00,1 h yang lalu,Kekecewaan Politik,Institusi (Bapenda/Samsat),Lainnya/Jateng
2795,2,,TikTok,udah jangan mau di bohongin lah pokok y stop pajak,Negatif,,,2026-02-25 19:46:39.483484+00:00,1 h yang lalu,Kekecewaan Politik,Institusi (Bapenda/Samsat),Lainnya/Jateng
3552,3,,Instagram,omon omon aja selama masih ada opsen yg hampir setengah lebih dr pajak pokoknya 😂😂😂,Negatif,,,2026-02-25 19:46:39.483484+00:00,omon omon aja selama masih ada opsen yg hampir setengah lebih dr pajak pokoknya 😂😂😂,Kekecewaan Politik,Institusi (Bapenda/Samsat),Lainnya/Jateng
701,1,,TikTok,baru kemarin pajak. calo nawari harga 480 .lah sama polisi 560.dulu tanpa KTp pemilik bisa masuk sekarang ga bisa masuk karna ga ada KTP pemilik asli. ternyata polisi ya sekarang jadi calo juga. 😅,Negatif,,,2026-02-25 19:46:39.483484+00:00,2-12,Kekecewaan Politik,Institusi (Bapenda/Samsat),Lainnya/Jateng
2015,1,,TikTok,perbaiki birokrasinya dulu.jangan hanya nyalahin wajib pajak la wong mau bayar pajak saja dipersulit loh.,Negatif,,,2026-02-25 19:46:39.483484+00:00,2-12,Kekecewaan Politik,Institusi (Bapenda/Samsat),Lainnya/Jateng
1517,1,,TikTok,cukup 1 periode nyesel milih mantan polisi dadi pejabat,Negatif,,,2026-02-25 19:46:39.483484+00:00,2-12,Kekecewaan Politik,Institusi (Bapenda/Samsat),Pekalongan/Pantura (G)
331,1,,TikTok,GUB MALUKU UTARA BERJANJI AKAN MENUJU KE BEBAS PAJAK (PKB) 👍🏼👍🏼,Negatif,,,2026-02-25 19:46:39.483484+00:00,5 h yang lalu,Kekecewaan Politik,Institusi (Bapenda/Samsat),Lainnya/Jateng
1670,1,,TikTok,jawa tengah salah pilih gubernur rakyat dibebani pajak yang bekitu besar inilah sosok gubernur dari polisi sudah jadi gubernur juga tetep meneras rakyat,Negatif,,,2026-02-25 19:46:39.483484+00:00,2-12,Kekecewaan Politik,Institusi (Bapenda/Samsat),Lainnya/Jateng
567,1,,TikTok,"opsen pajak nya dihapus dulu,biar tidak bertambah yg mogok bayar pajak",Negatif,,,2026-02-25 19:46:39.483484+00:00,2-12,Kekecewaan Politik,Institusi (Bapenda/Samsat),Lainnya/Jateng
1102,1,,TikTok,Benahin dulu sistem pajak kendaraan yg mempersulit pembayar pajak..... hutang karena di korupsi kok rakyat di ikutkan bayar utang melalui pajak.,Negatif,,,2026-02-25 19:46:39.483484+00:00,2-13,Kekecewaan Politik,Institusi (Bapenda/Samsat),Lainnya/Jateng
1258,1,,TikTok,tolong benahi dulu kinerja pejabat2 anda KLO ingin pajak besar.....!!!,Negatif,,,2026-02-25 19:46:39.483484+00:00,2-12,Kekecewaan Politik,Institusi (Bapenda/Samsat),Lainnya/Jateng
2198,1,,TikTok,"narek pajak besar pajak paling mudah..dari pada pajak tanah..setiap rumah sdh pasti punya motor bahkan lebih dari 1 ..
sungguh kecewa rakyat lut...😳",Negatif,,,2026-02-25 19:46:39.483484+00:00,2-12,Kekecewaan Politik,Institusi (Bapenda/Samsat),Lainnya/Jateng
2554,2,,TikTok,"tolong itu PKB nya di turunkan dulu sampai 1.2 % x pokok pajak ,baru opsen bisa dikalikan 66% x PKB biar nggak salah kaprah penerapan undang2nya",Negatif,,,2026-02-25 19:46:39.483484+00:00,1 h yang lalu,Kekecewaan Politik,Institusi (Bapenda/Samsat),Lainnya/Jateng
3044,3,,Instagram,Gak gak gak dulu klo bayar pajak 🤪,Negatif,,,2026-02-25 19:46:39.483484+00:00,Gak gak gak dulu klo bayar pajak 🤪,Kekecewaan Politik,Institusi (Bapenda/Samsat),Lainnya/Jateng
1447,1,,TikTok,ngak pernah keliatan .. sekali nongol ngomong pajak..,Negatif,,,2026-02-25 19:46:39.483484+00:00,2-12,Kekecewaan Politik,Institusi (Bapenda/Samsat),Lainnya/Jateng
2731,2,,TikTok,"tidak sesuai omongan SM di lapangan
stop pajak gess",Negatif,,,2026-02-25 19:46:39.483484+00:00,20 j yang lalu,Kekecewaan Politik,Institusi (Bapenda/Samsat),Lainnya/Jateng
1171,1,,TikTok,nikmati pilihanmu jgn protes,Negatif,,,2026-02-25 19:46:39.483484+00:00,2-12,Kekecewaan Politik,Gubernur,Lainnya/Jateng
784,1,,TikTok,"mantul bpk gubernur...maju terus pantang mundur...biar saja rakyat jawa tengah puyeng bukan gayeng seperti slogan bpk dulu saat kampanye..
puyen2...",Negatif,,,2026-02-25 19:46:39.483484+00:00,1 m yang lalu,Kekecewaan Politik,Gubernur,Solo Raya (AD)
1235,1,,TikTok,tunggu pilgub di tahun yg akan datang siapa tahu pajak bisa turun lg pas kampanye,Negatif,,,2026-02-25 19:46:39.483484+00:00,2-12,Kekecewaan Politik,Institusi (Bapenda/Samsat),Pekalongan/Pantura (G)
1014,1,,TikTok,ngomongin pajak malah keingetan tuan Demang sama kompeni Belanda,Negatif,,,2026-02-25 19:46:39.483484+00:00,1 m yang lalu,Kekecewaan Politik,Institusi (Bapenda/Samsat),Pekalongan/Pantura (G)
1667,1,,TikTok,"OJO DI RUNGOKNE OMONGANE GUBERNUR SENG GAK MEMIJAK RAKYAT.
BOIKOT PAJAK
LAWAN
ADAKAN DEMO
RAKYAT JATENG HARUS BERSATU",Negatif,,,2026-02-25 19:46:39.483484+00:00,2-12,Kekecewaan Politik,Pemerintahan,Lainnya/Jateng
482,1,,TikTok,"saya pilih cukup 1 X saja, saya orang Jateng yg milih sangat kecewa",Negatif,,,2026-02-25 19:46:39.483484+00:00,2-12,Kekecewaan Politik,Pemerintahan,Lainnya/Jateng
761,1,,TikTok,Wong jateng salah pilih,Negatif,,,2026-02-25 19:46:39.483484+00:00,2-12,Kekecewaan Politik,Pemerintahan,Lainnya/Jateng
1055,1,,TikTok,"SELOGAN JATENG 2026
""SIAP DI PILIH BERARTI SIAP DI LENGSERKAN""",Negatif,,,2026-02-25 19:46:39.483484+00:00,1 m yang lalu,Kekecewaan Politik,Pemerintahan,Lainnya/Jateng
1812,1,,TikTok,nikmati ajahhhh pilihan anda warga jateng,Negatif,,,2026-02-25 19:46:39.483484+00:00,2-12,Kekecewaan Politik,Pemerintahan,Lainnya/Jateng
2061,1,,TikTok,"2024 saya ga pilih lutfi dan 2029 saya ga mau pilih anda
kebijakanmu menyengsarakan rakyat jateng",Negatif,,,2026-02-25 19:46:39.483484+00:00,2-12,Kekecewaan Politik,Pemerintahan,Lainnya/Jateng
1901,1,,TikTok,oalah iki sing pas kampanye omong kudu milih selaras dengan pusat,Negatif,,,2026-02-25 19:46:39.483484+00:00,2-12,Kekecewaan Politik,Pemerintahan,Lainnya/Jateng
193,1,,TikTok,"jos tenan .
ngak mbleset pilihan e wong Jateng.",Negatif,,,2026-02-25 19:46:39.483484+00:00,2-12,Kekecewaan Politik,Pemerintahan,Lainnya/Jateng
450,1,,TikTok,dulu yg milih orag ini jad GUBERNUR JATENG pasti BANGGA SETENGAH HIDUP,Negatif,,,2026-02-25 19:46:39.483484+00:00,2-12,Kekecewaan Politik,Pemerintahan,Lainnya/Jateng
583,1,,TikTok,ini kah pilihan mu Jateng,Negatif,,,2026-02-25 19:46:39.483484+00:00,2-12,Kekecewaan Politik,Pemerintahan,Lainnya/Jateng
431,1,,TikTok,JATENG SALAH PILIH GUBERNUR CUK.......,Negatif,,,2026-02-25 19:46:39.483484+00:00,1 m yang lalu,Kekecewaan Politik,Pemerintahan,Lainnya/Jateng
1788,1,,TikTok,Kya BPK aing dong dalan ya bgus g Kya Jateng dari dulu jln PDA rusak,Negatif,,,2026-02-25 19:46:39.483484+00:00,2-12,Kekecewaan Politik,Pemerintahan,Lainnya/Jateng
2909,2,,TikTok,cuma Jateng ndooorrrr yg pajaknya ugal2an.kokean omong weeee,Negatif,,,2026-02-25 19:46:39.483484+00:00,1 h yang lalu,Kekecewaan Politik,Pemerintahan,Lainnya/Jateng
464,1,,TikTok,bayar pajak sih mau2 aja tapi fasilitas utuk masyarakat harus sesuai.jalan di jateng seperti kolam lele tolong di benahi dulu.,Negatif,,,2026-02-25 19:46:39.483484+00:00,6 h yang lalu,Kekecewaan Politik,Pemerintahan,Lainnya/Jateng
3345,3,,Instagram,Nek naik itu jujur aja bilang naik pak  gausah kebanyakan drama. Tunjukan dulu kinerja pemprov baru masyarakat mau membayar pajak.,Negatif,,,2026-02-25 19:46:39.483484+00:00,Nek naik itu jujur aja bilang naik pak  gausah kebanyakan drama. Tunjukan dulu kinerja pemprov baru masyarakat mau membayar pajak.,Kekecewaan Politik,Pemerintahan,Lainnya/Jateng
960,1,,TikTok,"pajak g naik saja bnyak yg blm bayar ,malah di naikkan ,piye to Pi...Pi ...,harusnya di cari masalahnya kenapa kok masyarakat enggan bayar pajak apa karena aturan yg menyulitkan ,apa karena banyak di korup ,dll ...anda di pilih ,di bayar ,untuk memikirkan itu ....kalo tidak bisa ya buat apa jadi pejabat",Negatif,,,2026-02-25 19:46:39.483484+00:00,2-13,Kekecewaan Politik,Institusi (Bapenda/Samsat),Solo Raya (AD)
2693,2,,TikTok,kui lho nuomongo p menkeu...gubernur jateng gagal paham,Negatif,,,2026-02-25 19:46:39.483484+00:00,18 j yang lalu,Kekecewaan Politik,Pemerintahan,Lainnya/Jateng
278,1,,TikTok,Rakyat jateng kecewa,Negatif,,,2026-02-25 19:46:39.483484+00:00,4 h yang lalu,Kekecewaan Politik,Pemerintahan,Lainnya/Jateng
2740,2,,TikTok,Jalan di bagusin dulu pak....baru bayar pajak,Negatif,,,2026-02-25 19:46:39.483484+00:00,21 j yang lalu,Kekecewaan Politik,Institusi (Bapenda/Samsat),Lainnya/Jateng
130,1,,TikTok,ngapain bayar pajak? apakah ada timbal balik untuk kita? hal sederhana macam jalan saja masih banyak yg rusak. padahal itu udah dari dulu. hal sesederhana itu saja ngga bisa ditangani apalagi hal rumit. jadi stop lah bayar pajak. gak guna,Negatif,,,2026-02-25 19:46:39.483484+00:00,2-12,Kekecewaan Politik,Institusi (Bapenda/Samsat),Lainnya/Jateng
232,1,,TikTok,jalan noh benahi dulu jadiin mulus semua. biar rakyat ikhlas bayar pajak,Negatif,,,2026-02-25 19:46:39.483484+00:00,3 h yang lalu,Kekecewaan Politik,Institusi (Bapenda/Samsat),Lainnya/Jateng
2378,1,,TikTok,"BANGUN DULU JALANNYA,BARU BAYAR PAJAK",Negatif,,,2026-02-25 19:46:39.483484+00:00,2-12,Kekecewaan Politik,Institusi (Bapenda/Samsat),Lainnya/Jateng
147,1,,TikTok,dalane dandani.omong waee,Negatif,,,2026-02-25 19:46:39.483484+00:00,6 h yang lalu,Kekecewaan Politik,Lainnya,Lainnya/Jateng
2354,1,,TikTok,"mantap pak Gub,pilihan rakyat Jateng emg gak kaleng2👍👍",Negatif,,,2026-02-25 19:46:39.483484+00:00,2-12,Kekecewaan Politik,Pemerintahan,Pekalongan/Pantura (G)
398,1,,TikTok,Makanya pilih gub jgn asal pilih hhh,Negatif,,,2026-02-25 19:46:39.483484+00:00,6 h yang lalu,Kekecewaan Politik,Gubernur,Lainnya/Jateng
1223,1,,TikTok,"ekonomi belum stabil, pajak naik , piye iki kang lutfi, tak pilih malah ra apik😆😆😆",Negatif,,,2026-02-25 19:46:39.483484+00:00,2-12,Kekecewaan Politik,Institusi (Bapenda/Samsat),Lainnya/Jateng
899,1,,TikTok,"@Suwanto wanto:Pejabat punya dasar, dasarnya aturan, aturannya dibuat sesuai kepentingan pejabat
Oke gas, gas mbledos lewat kenaikan pajak!!!
Nikmati pilihanmu",Negatif,,,2026-02-25 19:46:39.483484+00:00,2-13,Kekecewaan Politik,Institusi (Bapenda/Samsat),Lainnya/Jateng
941,1,,TikTok,perbaiki kerja dulu pak baru pajak naik,Negatif,,,2026-02-25 19:46:39.483484+00:00,2-13,Kekecewaan Politik,Institusi (Bapenda/Samsat),Lainnya/Jateng
1669,1,,TikTok,sebetulnya gak kaberatan naik ..tapi naiknya itu lho ..ditambah ekonomi lagi sulit....jadi stop pajak dulu klu gak turun .,Negatif,,,2026-02-25 19:46:39.483484+00:00,2-12,Kekecewaan Politik,Institusi (Bapenda/Samsat),Lainnya/Jateng
1797,1,,TikTok,modal kampanye gurbenur biar bisa kembali maka itu pajak di naikan rakyat menangis,Negatif,,,2026-02-25 19:46:39.483484+00:00,2-12,Kekecewaan Politik,Institusi (Bapenda/Samsat),Lainnya/Jateng
2315,1,,TikTok,UMR pak naikin dulu bukan mala pajaknya🙏🙏🙏,Negatif,,,2026-02-25 19:46:39.483484+00:00,2-12,Kekecewaan Politik,Institusi (Bapenda/Samsat),Lainnya/Jateng
2822,2,,TikTok,intine aku yg tadinya taat wes mulai kecewa stop pajek semenjak opsen sak enakmu dewe mundak,Negatif,,,2026-02-25 19:46:39.483484+00:00,1 h yang lalu,Kekecewaan Politik,Institusi (Bapenda/Samsat),Lainnya/Jateng
3576,3,,Instagram,"Daripada bapenda naikin pkb sebaiknya bapenda bekerja sama dengan dishub itu mengejar retribusi parkir dulu. Retribusi parkir itu TIDAK AKUNTABEL dan TIDAK DAPAT DIPERTANGGUNG JAWABKAN angka angkanya. Kenapa begitu? Gak dikasih karcis. Udah gak dikasih karcis, pengelolaannya diserahkan ke swasta dengan prosentase bagi hasil besar lagi. Ini pada pernah sekolah engga sih? Kok bisa loss banget di bidang pendapatan daerah bagian parkir? Coba kalo ngga bocor, ngga perlu itu naikin tarif pajak kendaraan bermotor.",Negatif,,,2026-02-25 19:46:39.483484+00:00,"Daripada bapenda naikin pkb sebaiknya bapenda bekerja sama dengan dishub itu mengejar retribusi parkir dulu. Retribusi parkir itu TIDAK AKUNTABEL dan TIDAK DAPAT DIPERTANGGUNG JAWABKAN angka angkanya. Kenapa begitu? Gak dikasih karcis. Udah gak dikasih karcis, pengelolaannya diserahkan ke swasta dengan prosentase bagi hasil besar lagi. Ini pada pernah sekolah engga sih? Kok bisa loss banget di bidang pendapatan daerah bagian parkir? Coba kalo ngga bocor, ngga perlu itu naikin tarif pajak kendaraan bermotor.",Kekecewaan Politik,Institusi (Bapenda/Samsat),Solo Raya (AD)
3685,3,,Instagram,Bakalan banyak yg pilih opsi NUNGGU PEMUTIHAN aja kalo Pajak naik smntra nilai kendaraan semakin turun 😂,Negatif,,,2026-02-25 19:46:39.483484+00:00,Bakalan banyak yg pilih opsi NUNGGU PEMUTIHAN aja kalo Pajak naik smntra nilai kendaraan semakin turun 😂,Kekecewaan Politik,Institusi (Bapenda/Samsat),Lainnya/Jateng
3526,3,,Instagram,"tahun ini nggak bayar pajak kendaraan dulu..yg nunggak dikasih pemutihan, yg tertib dinaikin terus pajaknya.. 👎",Negatif,,,2026-02-25 19:46:39.483484+00:00,"tahun ini nggak bayar pajak kendaraan dulu..yg nunggak dikasih pemutihan, yg tertib dinaikin terus pajaknya.. 👎",Kekecewaan Politik,Institusi (Bapenda/Samsat),Pekalongan/Pantura (G)
2992,3,,Instagram,"PKB Pokok 4,5jt PKB Opsen 3jt nek ditotal dadi 7,5jt ngonoiku kok ngomong ra mundak ki sing ngitung cah bayi tah wong ra genep??? Nek opsen pajek dihapus mung bayar Pokok Pajak tok yo ra masalah. Sembarang wes di pajeki kok ijeh larang ae.",Negatif,,,2026-02-25 19:46:39.483484+00:00,"PKB Pokok 4,5jt PKB Opsen 3jt nek ditotal dadi 7,5jt ngonoiku kok ngomong ra mundak ki sing ngitung cah bayi tah wong ra genep??? Nek opsen pajek dihapus mung bayar Pokok Pajak tok yo ra masalah. Sembarang wes di pajeki kok ijeh larang ae.",Kekecewaan Politik,Institusi (Bapenda/Samsat),Pekalongan/Pantura (G)
3608,3,,Instagram,situ....omon² doank bisanya ....nek do mutung Ra bayar pajak ntar situ repot lho pemasukan berkurang ...evaluasi lagi dech jangan naik sampe 66%,Negatif,,,2026-02-25 19:46:39.483484+00:00,situ....omon² doank bisanya ....nek do mutung Ra bayar pajak ntar situ repot lho pemasukan berkurang ...evaluasi lagi dech jangan naik sampe 66%,Kekecewaan Politik,Institusi (Bapenda/Samsat),Lainnya/Jateng
3034,3,,Instagram,"Ya jangan bandingin sama tahun 2025 tok , tahun 2024 di cek. 2023 di cek. Kok iso jare ga enek kenaikan , picek piye matane . Mobilku 2024 pajek isih 1.7 , 2025 mundak 2jt. Iso jare ngomong ga ada kenaikan.",Negatif,,,2026-02-25 19:46:39.483484+00:00,"Ya jangan bandingin sama tahun 2025 tok , tahun 2024 di cek. 2023 di cek. Kok iso jare ga enek kenaikan , picek piye matane . Mobilku 2024 pajek isih 1.7 , 2025 mundak 2jt. Iso jare ngomong ga ada kenaikan.",Kekecewaan Politik,Institusi (Bapenda/Samsat),Pekalongan/Pantura (G)
3066,3,,Instagram,Omong kosong. Mobil saya bikinan 2015: Total pajak 2024: 2.001.000; total pajak 2025: 2.303.000. Tidak naik dari mana?,Negatif,,,2026-02-25 19:46:39.483484+00:00,Omong kosong. Mobil saya bikinan 2015: Total pajak 2024: 2.001.000; total pajak 2025: 2.303.000. Tidak naik dari mana?,Kekecewaan Politik,Institusi (Bapenda/Samsat),Pekalongan/Pantura (G)
3623,3,,Instagram,Sampeyan biyen SD matematikand entuk Piro bozzz. Iso ngomong ora mundak. Jelas2 dibandingke pajak taun winginkaro taun Saiki genah mundak Kabeh,Negatif,,,2026-02-25 19:46:39.483484+00:00,Sampeyan biyen SD matematikand entuk Piro bozzz. Iso ngomong ora mundak. Jelas2 dibandingke pajak taun winginkaro taun Saiki genah mundak Kabeh,Kekecewaan Politik,Institusi (Bapenda/Samsat),Lainnya/Jateng
3255,3,,Instagram,PRET. Dikira kami ini lulusan SMA apa? yang ga paham ketika ada kenaikan. Jangan bohongi warga Jateng pak. Warga Jateng cerdas-cerdas.,Negatif,,,2026-02-25 19:46:39.483484+00:00,PRET. Dikira kami ini lulusan SMA apa? yang ga paham ketika ada kenaikan. Jangan bohongi warga Jateng pak. Warga Jateng cerdas-cerdas.,Kekecewaan Politik,Pemerintahan,Lainnya/Jateng
1359,1,,TikTok,makan tuh pilihan mu wahai warga jateng🤣🤣🤣,Negatif,,,2026-02-25 19:46:39.483484+00:00,2-12,Kekecewaan Politik,Pemerintahan,Lainnya/Jateng
2991,3,,Instagram,"Maaf min, tapi bilang PKB nggak naik itu ga pas juga. Kami bayarnya total di slip: PKB (prov)+ opsen, bukan PKB prov doang. Dulu totalnya 1,5%. Sekarang PKB prov 1,05% ditempeli opsen 66%, jadinya total efektif 1,05% × 1,66 = 1,74% (tarif PKB NAIK ±16%). Dan satu lagi, aturan pusat itu cuma atur batas tarif maksimal, angka pastinya ditetapkan lewat Perda/ Pergub. Jadi kalau niatnya biar sama kayak dulu, tarif PKB prov seharusnya sekitar 0,90% (biar 0,90% × 1,66 ≈ 1,5%). Atau kalau udah terlanjur tarif 1,05%, kasih diskon yang pas sekitar 13,94%, bukan cm 5%, biar bayarnya sama dengan sebelumnya",Negatif,,,2026-02-25 19:46:39.483484+00:00,"Maaf min, tapi bilang PKB nggak naik itu ga pas juga. Kami bayarnya total di slip: PKB (prov)+ opsen, bukan PKB prov doang. Dulu totalnya 1,5%. Sekarang PKB prov 1,05% ditempeli opsen 66%, jadinya total efektif 1,05% × 1,66 = 1,74% (tarif PKB NAIK ±16%). Dan satu lagi, aturan pusat itu cuma atur batas tarif maksimal, angka pastinya ditetapkan lewat Perda/ Pergub. Jadi kalau niatnya biar sama kayak dulu, tarif PKB prov seharusnya sekitar 0,90% (biar 0,90% × 1,66 ≈ 1,5%). Atau kalau udah terlanjur tarif 1,05%, kasih diskon yang pas sekitar 13,94%, bukan cm 5%, biar bayarnya sama dengan sebelumnya",Kekecewaan Politik,Pemerintahan,Lainnya/Jateng
3383,3,,Instagram,"tolonglah...... kasian mayarakat jateng yang sebagian besar buruh tani, kalian perass melalui pajak..... daerah lainn itu meskipun ada opsen, tpi disesuaikan dengan pokok pajak, jdi tidak naikkk. Jateng parah.... kalau orang pajak bilang tidak naik, ayo kita belajar matematika, siapa dulu pas pelajaran matematika bolos terus.",Negatif,,,2026-02-25 19:46:39.483484+00:00,"tolonglah...... kasian mayarakat jateng yang sebagian besar buruh tani, kalian perass melalui pajak..... daerah lainn itu meskipun ada opsen, tpi disesuaikan dengan pokok pajak, jdi tidak naikkk. Jateng parah.... kalau orang pajak bilang tidak naik, ayo kita belajar matematika, siapa dulu pas pelajaran matematika bolos terus.",Kekecewaan Politik,Pemerintahan,Lainnya/Jateng
669,1,,TikTok,ngomong opo to kang...jalane di urusi pjk naik jln berlobang2 gak di perbaikia.percumh byr pjk,Negatif,,,2026-02-25 19:46:39.483484+00:00,2-13,Kekecewaan Politik,Lainnya,Lainnya/Jateng
3822,3,,Instagram,Jalannya di benerin duluu banyak yang rusakk banyak korban jugaa termasuk sayaa !! Enteng bener naikik pajakkk sedangkan fasilitas bobrok !!,Negatif,,,2026-02-25 19:46:39.483484+00:00,Jalannya di benerin duluu banyak yang rusakk banyak korban jugaa termasuk sayaa !! Enteng bener naikik pajakkk sedangkan fasilitas bobrok !!,Kekecewaan Politik,Institusi (Bapenda/Samsat),Lainnya/Jateng
3074,3,,Instagram,Ada tukangku wae ngomong mundak og rasah ngarang😂,Negatif,,,2026-02-25 19:46:39.483484+00:00,Ada tukangku wae ngomong mundak og rasah ngarang😂,Kekecewaan Politik,Lainnya,Lainnya/Jateng
3609,3,,Instagram,"Kata kata hanya omon omon...., , intine ttep mundak dengan bahasa halus Opsen",Negatif,,,2026-02-25 19:46:39.483484+00:00,"Kata kata hanya omon omon...., , intine ttep mundak dengan bahasa halus Opsen",Kekecewaan Politik,Institusi (Bapenda/Samsat),Lainnya/Jateng
341,1,,TikTok,Omong opo,Negatif,,,2026-02-25 19:46:39.483484+00:00,5 h yang lalu,Kekecewaan Politik,Lainnya,Lainnya/Jateng
390,1,,TikTok,kok lemas banget ngomongnya??,Negatif,,,2026-02-25 19:46:39.483484+00:00,6 h yang lalu,Kekecewaan Politik,Lainnya,Lainnya/Jateng
610,1,,TikTok,cara ngomongnya mencurigakan,Negatif,,,2026-02-25 19:46:39.483484+00:00,2-13,Kekecewaan Politik,Lainnya,Lainnya/Jateng
984,1,,TikTok,ngomong opo to jane,Negatif,,,2026-02-25 19:46:39.483484+00:00,2-13,Kekecewaan Politik,Lainnya,Lainnya/Jateng
993,1,,TikTok,Penakmen nek omong pak,Negatif,,,2026-02-25 19:46:39.483484+00:00,2-13,Kekecewaan Politik,Lainnya,Lainnya/Jateng
1001,1,,TikTok,omon2,Negatif,,,2026-02-25 19:46:39.483484+00:00,1 m yang lalu,Kekecewaan Politik,Lainnya,Lainnya/Jateng
1150,1,,TikTok,maaf nanya....ini siapa sih yg ngomong????,Negatif,,,2026-02-25 19:46:39.483484+00:00,1 m yang lalu,Kekecewaan Politik,Lainnya,Lainnya/Jateng
690,1,,TikTok,"pejabat yg diomongkan cuma bisa mendapatkan uang dari rakyat dan mecekiknya , lupa tanggung jawab nya",Negatif,,,2026-02-25 19:46:39.483484+00:00,2-12,Kekecewaan Politik,Pemerintahan,Lainnya/Jateng
367,1,,TikTok,seharusnya dari awal dikaji dulu untuk kenaikannya dan berapa persen kenaikannya di sesuaikan dengan penghasilan rakyatnya jangan sampai memberatkan jangan sampai masyarakat protes baru dikaji,Negatif,,,2026-02-25 19:46:39.483484+00:00,6 h yang lalu,Kekecewaan Politik,Nasib Rakyat / Kesejahteraan,Lainnya/Jateng
2752,2,,TikTok,ngomong gampang tapi rakyat yg rasakan susahnya,Negatif,,,2026-02-25 19:46:39.483484+00:00,22 j yang lalu,Kekecewaan Politik,Nasib Rakyat / Kesejahteraan,Lainnya/Jateng
2853,2,,TikTok,Tapi yo dilihat dulu kondisi ekonomi rakyat to bos...rakyatmu masih dibawah kehidupan yg sejahtera..,Negatif,,,2026-02-25 19:46:39.483484+00:00,1 h yang lalu,Kekecewaan Politik,Nasib Rakyat / Kesejahteraan,Lainnya/Jateng
3824,3,,Instagram,Bohong terussss😍😍😍😍,Negatif,,,2026-02-25 19:46:39.483484+00:00,Bohong terussss😍😍😍😍,Kekecewaan Politik,Lainnya,Lainnya/Jateng
3841,3,,Instagram,Omong kosong macam apa ini,Negatif,,,2026-02-25 19:46:39.483484+00:00,Omong kosong macam apa ini,Kekecewaan Politik,Lainnya,Lainnya/Jateng
3913,3,,Instagram,Halah ngomong wae nk arep meres,Negatif,,,2026-02-25 19:46:39.483484+00:00,Halah ngomong wae nk arep meres,Kekecewaan Politik,Lainnya,Lainnya/Jateng
3911,3,,Instagram,Halah ngomong wae nk arep meres,Negatif,,,2026-02-25 19:46:39.483484+00:00,Halah ngomong wae nk arep meres,Kekecewaan Politik,Lainnya,Lainnya/Jateng
3605,3,,Instagram,"PAJAK KENDARAAN SI NEGARA INI PADAHAL UDAH JADI YANG TERMAHAL DI ASEAN MASIH KURANG PUAS AJA KAH？ PAJAK MAHAL KALO NYATA HASILNYA KAYA DI NEGARA MAJU SIH RAKYAT JUGA SENENG BAYAR PAJAK, INI UDAH PAJAK NYA MAHAL TAPI DAERAH NYA TIAP TAHUN GAK ADA PERUBAHAN DAN TIAP TAHUN MAYORITAS JALANAN RUSAK, JADI JANGAN SALAHKAN MASYARAKAT KALO MALES BAYAR PAJAK LAGI PERBAIKI DIRI KALIAN SENDIRI AJA DULU",Negatif,,,2026-02-25 19:46:39.483484+00:00,"PAJAK KENDARAAN SI NEGARA INI PADAHAL UDAH JADI YANG TERMAHAL DI ASEAN MASIH KURANG PUAS AJA KAH？ PAJAK MAHAL KALO NYATA HASILNYA KAYA DI NEGARA MAJU SIH RAKYAT JUGA SENENG BAYAR PAJAK, INI UDAH PAJAK NYA MAHAL TAPI DAERAH NYA TIAP TAHUN GAK ADA PERUBAHAN DAN TIAP TAHUN MAYORITAS JALANAN RUSAK, JADI JANGAN SALAHKAN MASYARAKAT KALO MALES BAYAR PAJAK LAGI PERBAIKI DIRI KALIAN SENDIRI AJA DULU",Kekecewaan Politik,Pemerintahan,Pekalongan/Pantura (G)
1387,1,,TikTok,kecewa berat,Negatif,,,2026-02-25 19:46:39.483484+00:00,2-12,Kekecewaan Politik,Lainnya,Lainnya/Jateng
1581,1,,TikTok,"perbaiki dulu pk pedagang lagi lesu dya pebli sepi kebutuhan meningkat ,",Negatif,,,2026-02-25 19:46:39.483484+00:00,2-12,Kekecewaan Politik,Lainnya,Lainnya/Jateng
1834,1,,TikTok,kecewa kecewa,Negatif,,,2026-02-25 19:46:39.483484+00:00,2-12,Kekecewaan Politik,Lainnya,Lainnya/Jateng
2168,1,,TikTok,omong apa ente boss,Negatif,,,2026-02-25 19:46:39.483484+00:00,2-12,Kekecewaan Politik,Lainnya,Lainnya/Jateng
94,1,,TikTok,ngomong op kw,Negatif,,,2026-02-25 19:46:39.483484+00:00,1 h yang lalu,Kekecewaan Politik,Lainnya,Lainnya/Jateng
1443,1,,TikTok,do di jogeti kono Kyo pas kampanye wingi🤣,Negatif,,,2026-02-25 19:46:39.483484+00:00,2-12,Kekecewaan Politik,Gubernur,Lainnya/Jateng
1778,1,,TikTok,"rakyat dijadikan korban kekuasaan.
melanggar waktu kampanye.tdk masuk visi misi",Negatif,,,2026-02-25 19:46:39.483484+00:00,2-12,Kekecewaan Politik,Gubernur,Lainnya/Jateng
1872,1,,TikTok,nak kampanye ae. arep ngrumati wong Jawa tengah..gedabrus,Negatif,,,2026-02-25 19:46:39.483484+00:00,2-12,Kekecewaan Politik,Gubernur,Lainnya/Jateng
1088,1,,TikTok,ritio ora tak coblos,Netral,,,2026-02-25 19:46:39.483484+00:00,1 m yang lalu,Kekecewaan Politik,Gubernur,Lainnya/Jateng
2776,2,,TikTok,Scopy 2021 ganti plat hbis 625 ribu lurr wis tambah remuk sing nikmati gaji soko pajek sopo wae yo,Negatif,,,2026-02-25 19:46:39.483484+00:00,23 j yang lalu,Lainnya,Institusi (Bapenda/Samsat),Semarang Raya (H)
802,1,,TikTok,dasarnya belum balik modal kampanye,Netral,,,2026-02-25 19:46:39.483484+00:00,1 m yang lalu,Kekecewaan Politik,Gubernur,Lainnya/Jateng
1192,1,,TikTok,dasarnya uang kami habis buat kampanye🤣🤣🤣,Negatif,,,2026-02-25 19:46:39.483484+00:00,2-12,Kekecewaan Politik,Gubernur,Lainnya/Jateng
1345,1,,TikTok,dari dulu hanya masyarakat kecil yg dijadikan sapi perah .motor itu kan kendaraan rakyat menengah kebawah.dikasih bansos lalu dicekik,Negatif,,,2026-02-25 19:46:39.483484+00:00,2-12,Kekecewaan Politik,Institusi (Bapenda/Samsat),Lainnya/Jateng
3703,3,,Instagram,"Min, udah niat mau bayar pajak . baru bisa online karena perantauan,nemu kendala terus japri ke bapenda di wa, ga direspon. . sayang sekali ga bisa manfaatin fitur onlinenya",Negatif,,,2026-02-25 19:46:39.483484+00:00,"Min, udah niat mau bayar pajak . baru bisa online karena perantauan,nemu kendala terus japri ke bapenda di wa, ga direspon. . sayang sekali ga bisa manfaatin fitur onlinenya",Lainnya,Institusi (Bapenda/Samsat),Semarang Raya (H)
2543,2,,TikTok,"#STOP PAJAK
#JATENG
#KAB_SEMARANG",Negatif,,,2026-02-25 19:46:39.483484+00:00,1 h yang lalu,Lainnya,Pemerintahan,Semarang Raya (H)
3402,3,,Instagram,"Tahun 2025 aku bayar pajak 5 tahunan plat k, tiwas ngurus bantuan cek fisik tekan nggon malah kon gowo motor e, bantuan cek fisik gunanya opo ? Rak tak bayar sisan😂😂",Negatif,,,2026-02-25 19:46:39.483484+00:00,"Tahun 2025 aku bayar pajak 5 tahunan plat k, tiwas ngurus bantuan cek fisik tekan nggon malah kon gowo motor e, bantuan cek fisik gunanya opo ? Rak tak bayar sisan😂😂",Lainnya,Institusi (Bapenda/Samsat),Pati/Muria (K)
9,1,,TikTok,Hah nyesel udah bner2 mobil plat B mlah tak balik nma jdi plat K🥹🥹,Negatif,,,2026-02-25 19:46:39.483484+00:00,2-13,Kekecewaan Politik,Gubernur,Pati/Muria (K)
1720,1,,TikTok,gak Ono agenda demo koyo rakyat Pati PO????stop bayar pajak..!!!!!!,Negatif,,,2026-02-25 19:46:39.483484+00:00,2-12,Beban Ekonomi,Institusi (Bapenda/Samsat),Pati/Muria (K)
2804,2,,TikTok,"perpanjang mobil naik 900 ribu bos plat H kendal bulan kemaren..
ngomong y muter2 inti y naik pajak",Negatif,,,2026-02-25 19:46:39.483484+00:00,1 h yang lalu,Kekecewaan Politik,Institusi (Bapenda/Samsat),Semarang Raya (H)
145,1,,TikTok,Utk warga Solo raya gabung aja ke provinsi DIY ga ribet peraturannya,Negatif,,,2026-02-25 19:46:39.483484+00:00,6 h yang lalu,Lainnya,Pemerintahan,Solo Raya (AD)
15,1,,TikTok,Duwe kendaraan plat AD kabeh ngelu iki …po rasah dipajeki ae piye ?,Negatif,,,2026-02-25 19:46:39.483484+00:00,2-13,Lainnya,Institusi (Bapenda/Samsat),Solo Raya (AD)
3524,3,,Instagram,Ga ada gmn ? Pajakku plat AD jelas 2025 2.150 dan pajak 2026 2.450 ko ga naik gmn,Negatif,,,2026-02-25 19:46:39.483484+00:00,Ga ada gmn ? Pajakku plat AD jelas 2025 2.150 dan pajak 2026 2.450 ko ga naik gmn,Beban Ekonomi,Institusi (Bapenda/Samsat),Solo Raya (AD)
906,1,,TikTok,pajak di naikkan sebagian di setorke ning solo sebagai bentuk balas budi..,Negatif,,,2026-02-25 19:46:39.483484+00:00,2-13,Beban Ekonomi,Institusi (Bapenda/Samsat),Solo Raya (AD)
2955,3,,Instagram,Ga ada gmn ? Pajakku plat AD jelas 2025 2.150 dan pajak 2026 2.450 ko ga naik gmn,Negatif,,,2026-02-25 19:46:39.483484+00:00,Ga ada gmn ? Pajakku plat AD jelas 2025 2.150 dan pajak 2026 2.450 ko ga naik gmn,Beban Ekonomi,Institusi (Bapenda/Samsat),Solo Raya (AD)
2921,2,,TikTok,"aq punya plat B Jabar n AD Klaten, yg B nilainya g naik koq, g sebesar Jateng, UMR aj kecil, yg Jateng saya stop sementara, yg B Jabar saya aktif pajaknya..",Negatif,,,2026-02-25 19:46:39.483484+00:00,1 h yang lalu,Beban Ekonomi,Pemerintahan,Solo Raya (AD)
3586,3,,Instagram,"Kalo memang tidak naik kenapa jalan di kabupaten saya (Wonogiri) masih sama saja?? kemana aliran uang yang katanya untuk pembangunan daerah / jalan tsb? jalan lintas provinsi / kabupaten sama rusaknya, setelah kemarin 10th di pegang ganjar minim pembangunan / perbaikan sekarang ganti gubernur masih sama saja",Negatif,,,2026-02-25 19:46:39.483484+00:00,"Kalo memang tidak naik kenapa jalan di kabupaten saya (Wonogiri) masih sama saja?? kemana aliran uang yang katanya untuk pembangunan daerah / jalan tsb? jalan lintas provinsi / kabupaten sama rusaknya, setelah kemarin 10th di pegang ganjar minim pembangunan / perbaikan sekarang ganti gubernur masih sama saja",Beban Ekonomi,Gubernur,Solo Raya (AD)
3353,3,,Instagram,"Kebijakane kalian ora mutu   diskon 5% ora guno, tahun depan tetap jdi perdebatan... avanza 2012 tak balik nama dari jakarta ke wonogiri 2019 msih pajak 2,1jt, saiki wes 2,6jt. Logikane sko ndi kendaraan penyusutane cepet, pajake mundak nek koe jek patut dadi gubernur tulung jelasno pak nggo logika dan aturan2 andalanmu mobil tuek jek dianggap mewah pajake mundak  nek ra iso jelaske ra patut dadi gubernur",Negatif,,,2026-02-25 19:46:39.483484+00:00,"Kebijakane kalian ora mutu   diskon 5% ora guno, tahun depan tetap jdi perdebatan... avanza 2012 tak balik nama dari jakarta ke wonogiri 2019 msih pajak 2,1jt, saiki wes 2,6jt. Logikane sko ndi kendaraan penyusutane cepet, pajake mundak nek koe jek patut dadi gubernur tulung jelasno pak nggo logika dan aturan2 andalanmu mobil tuek jek dianggap mewah pajake mundak  nek ra iso jelaske ra patut dadi gubernur",Beban Ekonomi,Institusi (Bapenda/Samsat),Solo Raya (AD)
177,1,,TikTok,paling d storkan bos nya d solo,Negatif,,,2026-02-25 19:46:39.483484+00:00,2-12,Lainnya,Lainnya,Solo Raya (AD)
2415,1,,TikTok,"bang bkk klaten bangkrut urusan yoan, tabungan nasabah raisoh di jupuk",Negatif,,,2026-02-25 19:46:39.483484+00:00,2-12,Lainnya,Lainnya,Solo Raya (AD)
3198,3,,Instagram,Piw2 klaten bersinar bolo  po wiw2,Negatif,,,2026-02-25 19:46:39.483484+00:00,Piw2 klaten bersinar bolo  po wiw2,Lainnya,Lainnya,Solo Raya (AD)
1530,1,,TikTok,"bagaimana kalau kades Hoho Banjarnegara atau kades Junaidi Ponggok Klaten diangkat jadi gubernur Jateng?
dia kreatif meningkatkan pendapatan desa tidak melalui pungutan pajak",Negatif,,,2026-02-25 19:46:39.483484+00:00,2-12,Lainnya,Pemerintahan,Banyumas/Barat (R)
935,1,,TikTok,aku wong jatim . motorku plat K yo nangis,Negatif,,,2026-02-25 19:46:39.483484+00:00,2-13,Lainnya,Lainnya,Pati/Muria (K)
792,1,,TikTok,pati jilid 2 ga nih,Negatif,,,2026-02-25 19:46:39.483484+00:00,6 h yang lalu,Lainnya,Lainnya,Pati/Muria (K)
3386,3,,Instagram,Otw PATI,Negatif,,,2026-02-25 19:46:39.483484+00:00,Otw PATI,Lainnya,Lainnya,Pati/Muria (K)
30,1,,TikTok,neoKolonialisme dijawatengah diawali atau tes ombak dilakukan sejak juli 2025.kemudian ada perlawanan dari mayoritas warga pati.dan berhasil digagalkan. sekarang terjadi ditingkat propinsi.. maka silahkan kita berfikir kembali.,Negatif,,,2026-02-25 19:46:39.483484+00:00,2-12,Lainnya,Lainnya,Pati/Muria (K)
400,1,,TikTok,pati,Negatif,,,2026-02-25 19:46:39.483484+00:00,6 h yang lalu,Lainnya,Lainnya,Pati/Muria (K)
3500,3,,Instagram,"Sing pling bner ya stop bayar pajak, sekian M perbulan mengalir ke kantong pribadinya lho ( dri walikota, bupati, gubernur beserta wakilnya) .. Besaran ny tergantung PAD. Lha kerjone ngopo kok oleh akeh e semono ki, yg bayar pajak cuman berpendapatan 2 jt per bulan.",Negatif,,,2026-02-25 19:46:39.483484+00:00,"Sing pling bner ya stop bayar pajak, sekian M perbulan mengalir ke kantong pribadinya lho ( dri walikota, bupati, gubernur beserta wakilnya) .. Besaran ny tergantung PAD. Lha kerjone ngopo kok oleh akeh e semono ki, yg bayar pajak cuman berpendapatan 2 jt per bulan.",Lainnya,Institusi (Bapenda/Samsat),Pati/Muria (K)
1439,1,,TikTok,kapok juu pilih wonge,Negatif,,,2026-02-25 19:46:39.483484+00:00,2-12,Kekecewaan Politik,Gubernur,Lainnya/Jateng
77,1,,TikTok,kira salah pilih pemimpin ora pro karo rakyat malah injak injak rakyat,Negatif,,,2026-02-25 19:46:39.483484+00:00,2-12,Kekecewaan Politik,Gubernur,Lainnya/Jateng
3138,3,,Instagram,"Pajak naik mau menikmati jalan yg bagus saja susah Jalan magelang yg tiap hari dilalui ratusan truk pasir/batu tiap dilakukan perbaikan sudah rusak lagi, dan misal ada jalan yg halus malah dipasangi marka kejut. Kalopun ada pengendara yg kecepatan melebihi batas ya tindak pengendara nya bukan semua jalan dikasih marka kejut, bikin kendaraan gak awet",Negatif,,,2026-02-25 19:46:39.483484+00:00,"Pajak naik mau menikmati jalan yg bagus saja susah Jalan magelang yg tiap hari dilalui ratusan truk pasir/batu tiap dilakukan perbaikan sudah rusak lagi, dan misal ada jalan yg halus malah dipasangi marka kejut. Kalopun ada pengendara yg kecepatan melebihi batas ya tindak pengendara nya bukan semua jalan dikasih marka kejut, bikin kendaraan gak awet",Beban Ekonomi,Institusi (Bapenda/Samsat),Kedu (AA)
